zona,subzona,distrito,provincia,canton,coordenada_y,coordenada_x,area_hecho,lugar,tipo_lugar,presunta_motivacion,presun_motiva_observada,edad,sexo,etnia,estado_civil,nacionalidad,discapacidad,dia_semana,es_fin_semana,hora,franja_horaria,y
ZONA 7,EL ORO,HUAQUILLAS,EL ORO,ARENILLAS,-3.54194,-80.08469,RURAL,TERRENO BALDIO,PUBLICO,DELINCUENCIA COMUN,AMENAZA,30,HOMBRE,MESTIZO/A,SOLTERO,ECUADOR,NINGUNA,2,0,16,TARDE,ARMA_BLANCA
ZONA 8,D.M. GUAYAQUIL,NUEVA PROSPERINA,GUAYAS,GUAYAQUIL,-2.10948,-79.96217,URBANO,VIA PUBLICA,PUBLICO,DELINCUENCIA COMUN,AMENAZA,53,HOMBRE,MESTIZO/A,SOLTERO,ECUADOR,NINGUNA,5,1,0,MADRUGADA,ARMA_CONTUNDENTE
ZONA 5,GUAYAS,SALITRE,GUAYAS,SALITRE,-1.8071999999999897,-79.7731,RURAL,FINCA,PRIVADO,DELINCUENCIA COMUN,ROBO A DOMICILIOS,73,HOMBRE,MONTUBIO/A,SOLTERO,ECUADOR,NINGUNA,2,0,15,TARDE,ARMA_FUEGO
ZONA 8,D.M. GUAYAQUIL,PROGRESO,GUAYAS,GUAYAQUIL,-2.70959,-80.25658,URBANO,VIA PUBLICA,PUBLICO,VIOLENCIA COMUNITARIA,RINAS,28,HOMBRE,MESTIZO/A,SOLTERO,ECUADOR,NINGUNA,6,1,2,MADRUGADA,ARMA_CONTUNDENTE
ZONA 4,MANABI,SUCRE,MANABI,SAN VICENTE,-0.47188,-80.45471,URBANO,MAR,PUBLICO,DELINCUENCIA COMUN,SECUESTRO EXPRESS,27,HOMBRE,MESTIZO/A,SOLTERO,ECUADOR,NINGUNA,5,1,9,MANANA,OTRAS
ZONA 8,D.M. GUAYAQUIL,PASCUALES,GUAYAS,GUAYAQUIL,-2.06659570877938,-79.9241422063239,URBANO,CASA/VILLA,PRIVADO,DELINCUENCIA COMUN,AMENAZA,35,HOMBRE,MESTIZO/A,SOLTERO,ECUADOR,NINGUNA,5,1,22,NOCHE,ARMA_CONTUNDENTE
ZONA 4,MANABI,CHONE,MANABI,CHONE,-0.674448,-80.011275,RURAL,VIA PUBLICA,PUBLICO,VIOLENCIA COMUNITARIA,ACTOS DE ODIO,39,MUJER,MESTIZO/A,SOLTERO,ECUADOR,NINGUNA,1,0,17,TARDE,ARMA_FUEGO
ZONA 5,LOS RIOS,BUENA FE,LOS RIOS,VALENCIA,-0.72884,-79.30309,URBANO,VIA PUBLICA,PUBLICO,DELINCUENCIA COMUN,AMENAZA,38,HOMBRE,MESTIZO/A,SOLTERO,ECUADOR,NINGUNA,4,0,8,MANANA,OTRAS
ZONA 7,LOJA,LOJA,LOJA,LOJA,-3.96354,-79.24929,RURAL,BOSQUE Y RESERVAS ECOLOGICAS,PUBLICO,DELINCUENCIA COMUN,SECUESTRO EXPRESS,21,HOMBRE,MESTIZO/A,SOLTERO,ECUADOR,NINGUNA,2,0,1,MADRUGADA,ARMA_CONTUNDENTE
ZONA 6,AZUAY,CUENCA NORTE,AZUAY,CUENCA,-2.89204,-78.99798,URBANO,VIA PUBLICA,PUBLICO,VIOLENCIA COMUNITARIA,RINAS,42,HOMBRE,MESTIZO/A,CASADO,ECUADOR,NINGUNA,1,0,1,MADRUGADA,ARMA_CONTUNDENTE
ZONA 8,D.M. GUAYAQUIL,PROGRESO,GUAYAS,GUAYAQUIL,-2.32381,-80.26139,URBANO,VIA PUBLICA,PUBLICO,DELINCUENCIA COMUN,AMENAZA,22,HOMBRE,MESTIZO/A,SOLTERO,ECUADOR,NINGUNA,6,1,11,MANANA,ARMA_CONTUNDENTE
ZONA 1,ESMERALDAS,ESMERALDAS,ESMERALDAS,ESMERALDAS,0.97554,-79.65272,URBANO,VIA PUBLICA,PUBLICO,DELINCUENCIA COMUN,AMENAZA,23,HOMBRE,AFRO,SOLTERO,ECUADOR,NINGUNA,4,0,18,NOCHE,ARMA_FUEGO
ZONA 4,MANABI,MANTA,MANABI,MANTA,-0.9884,-80.71317,URBANO,VIA PUBLICA,PUBLICO,DELINCUENCIA COMUN,TRAFICO INTERNO DE DROGAS (MICROTRAFICO),15,HOMBRE,MESTIZO/A,SOLTERO,ECUADOR,NINGUNA,2,0,22,NOCHE,ARMA_FUEGO
ZONA 5,GUAYAS,EMPALME,GUAYAS,EL EMPALME,-1.04423,-79.64047,URBANO,VIA PUBLICA,PUBLICO,DELINCUENCIA COMUN,AMENAZA,31,HOMBRE,MESTIZO/A,SOLTERO,ECUADOR,NINGUNA,5,1,15,TARDE,ARMA_FUEGO
ZONA 8,D.M. GUAYAQUIL,PASCUALES,GUAYAS,GUAYAQUIL,-2.0523,-79.94375,URBANO,CENTROS DE REHABILITACION SOCIAL,PRIVADO,VIOLENCIA COMUNITARIA,RINAS,24,HOMBRE,MESTIZO/A,SOLTERO,ECUADOR,NINGUNA,2,0,0,MADRUGADA,OTRAS
ZONA 5,GUAYAS,EL TRIUNFO BUCAY,GUAYAS,EL TRIUNFO,-2.3300335504393,-79.40689569259078,URBANO,COLISEOS,PRIVADO,DELINCUENCIA COMUN,AMENAZA,20,HOMBRE,MESTIZO/A,SOLTERO,ECUADOR,NINGUNA,4,0,19,NOCHE,ARMA_FUEGO
ZONA 1,ESMERALDAS,ESMERALDAS,ESMERALDAS,ESMERALDAS,0.92085,-79.66627,URBANO,VIA PUBLICA,PUBLICO,VIOLENCIA COMUNITARIA,RINAS,22,HOMBRE,MESTIZO/A,SOLTERO,ECUADOR,NINGUNA,5,1,4,MADRUGADA,OTRAS
ZONA 7,EL ORO,MACHALA,EL ORO,MACHALA,-3.24827,-79.97887,URBANO,CASA/VILLA,PRIVADO,DELINCUENCIA COMUN,AMENAZA,53,HOMBRE,MESTIZO/A,CASADO,ECUADOR,NINGUNA,5,1,10,MANANA,ARMA_FUEGO
ZONA 1,ESMERALDAS,ESMERALDAS,ESMERALDAS,ESMERALDAS,0.92511,-79.67425,URBANO,BOSQUE Y RESERVAS ECOLOGICAS,PUBLICO,DELINCUENCIA COMUN,AMENAZA,35,HOMBRE,AFRO,SOLTERO,ECUADOR,NINGUNA,4,0,11,MANANA,ARMA_BLANCA
ZONA 8,D.M. GUAYAQUIL,PASCUALES,GUAYAS,GUAYAQUIL,-2.05371,-79.94343,URBANO,CENTROS DE REHABILITACION SOCIAL,PRIVADO,VIOLENCIA COMUNITARIA,RINAS,28,HOMBRE,MESTIZO/A,SOLTERO,ECUADOR,NINGUNA,1,0,22,NOCHE,ARMA_CONTUNDENTE
ZONA 7,EL ORO,PASAJE,EL ORO,PASAJE,-3.33212920003074,-79.8273226618767,RURAL,FINCA,PRIVADO,VIOLENCIA COMUNITARIA,RINAS,41,HOMBRE,MESTIZO/A,CASADO,ECUADOR,NINGUNA,0,0,18,NOCHE,ARMA_FUEGO
ZONA 8,D.M. GUAYAQUIL,PASCUALES,GUAYAS,GUAYAQUIL,-2.05043,-79.94363,URBANO,CENTROS DE REHABILITACION SOCIAL,PRIVADO,DELINCUENCIA COMUN,TRAFICO INTERNO DE DROGAS (MICROTRAFICO),28,HOMBRE,MESTIZO/A,SOLTERO,ECUADOR,NINGUNA,1,0,3,MADRUGADA,OTRAS
ZONA 2,PICHINCHA,NOROCCIDENTE,PICHINCHA,PUERTO QUITO,0.119010534241558,-79.2592730373144,URBANO,VIA PUBLICA,PUBLICO,DELINCUENCIA COMUN,AMENAZA,45,HOMBRE,AFRO,SOLTERO,ECUADOR,NINGUNA,2,0,1,MADRUGADA,ARMA_FUEGO
ZONA 8,D.M. GUAYAQUIL,PASCUALES,GUAYAS,GUAYAQUIL,-2.05371,-79.94343,URBANO,CENTROS DE REHABILITACION SOCIAL,PRIVADO,VIOLENCIA COMUNITARIA,RINAS,23,HOMBRE,MESTIZO/A,SOLTERO,ECUADOR,NINGUNA,1,0,22,NOCHE,OTRAS
ZONA 7,EL ORO,SANTA ROSA,EL ORO,SANTA ROSA,-3.56694,-79.86729,RURAL,BOSQUE Y RESERVAS ECOLOGICAS,PUBLICO,DELINCUENCIA COMUN,AMENAZA,43,HOMBRE,MESTIZO/A,SOLTERO,ECUADOR,NINGUNA,1,0,10,MANANA,OTRAS
ZONA 1,ESMERALDAS,ESMERALDAS,ESMERALDAS,ESMERALDAS,0.90761,-79.68962,URBANO,VIA PUBLICA,PUBLICO,DELINCUENCIA COMUN,AMENAZA,26,HOMBRE,MESTIZO/A,SOLTERO,ECUADOR,NINGUNA,1,0,18,NOCHE,OTRAS
ZONA 4,MANABI,EL CARMEN,MANABI,EL CARMEN,-0.27588,-79.43716,URBANO,FINCA,PRIVADO,DELINCUENCIA COMUN,AMENAZA,18,HOMBRE,MESTIZO/A,SOLTERO,ECUADOR,NINGUNA,5,1,22,NOCHE,ARMA_FUEGO
ZONA 4,MANABI,MANTA,MANABI,MANTA,-0.98134,-80.69982,URBANO,COLEGIOS,PRIVADO,PSICOPATOLOGIAS,TRASTORNOS MENTALES,30,HOMBRE,MESTIZO/A,SOLTERO,ECUADOR,NINGUNA,1,0,11,MANANA,ARMA_BLANCA
ZONA 5,GUAYAS,EMPALME,GUAYAS,EL EMPALME,-1.04773,-79.6462,URBANO,VIA PUBLICA,PUBLICO,DELINCUENCIA COMUN,AMENAZA,33,HOMBRE,MESTIZO/A,SOLTERO,ECUADOR,NINGUNA,4,0,15,TARDE,ARMA_BLANCA
ZONA 5,GUAYAS,NARANJAL BALAO,GUAYAS,NARANJAL,-2.67979399999999,-79.624481,RURAL,HACIENDAS,PRIVADO,DELINCUENCIA COMUN,ROBO A PERSONAS,28,HOMBRE,MESTIZO/A,SOLTERO,ECUADOR,NINGUNA,1,0,21,NOCHE,ARMA_FUEGO
ZONA 3,CHIMBORAZO,RIOBAMBA,CHIMBORAZO,RIOBAMBA,-1.67922,-78.64543,URBANO,CASA/VILLA,PRIVADO,VIOLENCIA INTRAFAMILIAR,SENTIMENTAL,33,MUJER,MESTIZO/A,SOLTERO,ECUADOR,NINGUNA,6,1,22,NOCHE,OTRAS
ZONA 1,SUCUMBIOS,LAGO AGRIO,SUCUMBIOS,LAGO AGRIO,0.21191,-76.73073,RURAL,VIA PUBLICA,PUBLICO,VIOLENCIA COMUNITARIA,EMOCIONAL,24,HOMBRE,MESTIZO/A,SOLTERO,ECUADOR,NINGUNA,3,0,16,TARDE,ARMA_BLANCA
ZONA 1,ESMERALDAS,ESMERALDAS,ESMERALDAS,ESMERALDAS,0.91457,-79.69774,URBANO,CENTROS DE REHABILITACION SOCIAL,PRIVADO,DELINCUENCIA COMUN,AMENAZA,23,HOMBRE,MESTIZO/A,SOLTERO,ECUADOR,NINGUNA,3,0,18,NOCHE,OTRAS
ZONA 2,PICHINCHA,RUMINAHUI - MEJIA,PICHINCHA,MEJIA,-0.50314,-78.57388,URBANO,TERRENO BALDIO,PUBLICO,VIOLENCIA COMUNITARIA,RINAS,39,HOMBRE,MESTIZO/A,DIVORCIADO,ECUADOR,NINGUNA,6,1,7,MANANA,ARMA_BLANCA
ZONA 8,D.M. GUAYAQUIL,NUEVA PROSPERINA,GUAYAS,GUAYAQUIL,-2.0942,-79.9489,URBANO,VIA PUBLICA,PUBLICO,DELINCUENCIA COMUN,TRAFICO INTERNO DE DROGAS (MICROTRAFICO),37,HOMBRE,MESTIZO/A,SOLTERO,ECUADOR,NINGUNA,6,1,15,TARDE,ARMA_FUEGO
ZONA 6,CANAR,LA TRONCAL,CANAR,LA TRONCAL,-2.349383,-79.312049,RURAL,MAR,PUBLICO,DELINCUENCIA COMUN,AMENAZA,16,HOMBRE,MESTIZO/A,SOLTERO,ECUADOR,NINGUNA,4,0,15,TARDE,ARMA_FUEGO
ZONA 8,D.M. GUAYAQUIL,PASCUALES,GUAYAS,GUAYAQUIL,-2.0769,-79.92847,URBANO,VIA PUBLICA,PUBLICO,VIOLENCIA COMUNITARIA,ACTOS DE ODIO,36,HOMBRE,MESTIZO/A,SOLTERO,ECUADOR,NINGUNA,5,1,20,NOCHE,ARMA_FUEGO
ZONA 5,SANTA ELENA,LIBERTAD SALINAS,SANTA ELENA,LA LIBERTAD,-2.224272,-80.906982,URBANO,VIA PUBLICA,PUBLICO,DELINCUENCIA COMUN,AMENAZA,33,HOMBRE,MESTIZO/A,CASADO,ECUADOR,NINGUNA,6,1,2,MADRUGADA,ARMA_FUEGO
ZONA 4,MANABI,SUCRE,MANABI,SUCRE,-0.44466,-80.20751,RURAL,VIA PUBLICA,PUBLICO,VIOLENCIA INTRAFAMILIAR,SENTIMENTAL,57,HOMBRE,MESTIZO/A,SOLTERO,ECUADOR,NINGUNA,0,0,17,TARDE,ARMA_BLANCA
ZONA 5,LOS RIOS,VENTANAS,LOS RIOS,VENTANAS,-1.43214,-79.33098,URBANO,CASA/VILLA,PRIVADO,VIOLENCIA COMUNITARIA,RINAS,47,HOMBRE,MESTIZO/A,SOLTERO,ECUADOR,NINGUNA,0,0,14,TARDE,ARMA_BLANCA
ZONA 3,COTOPAXI,LATACUNGA,COTOPAXI,LATACUNGA,-0.87201,-78.63001,RURAL,CENTROS DE REHABILITACION SOCIAL,PRIVADO,VIOLENCIA COMUNITARIA,RINAS,38,HOMBRE,AFRO,SOLTERO,ECUADOR,NINGUNA,1,0,10,MANANA,ARMA_CONTUNDENTE
ZONA 3,CHIMBORAZO,GUANO,CHIMBORAZO,GUANO,-1.62932962150852,-78.6723940382944,RURAL,BOSQUE Y RESERVAS ECOLOGICAS,PUBLICO,DELINCUENCIA COMUN,ROBO DE CARROS,39,HOMBRE,MESTIZO/A,CASADO,ECUADOR,NINGUNA,5,1,10,MANANA,ARMA_CONTUNDENTE
ZONA 5,GUAYAS,MILAGRO,GUAYAS,MILAGRO,-2.11843,-79.57987,RURAL,VIA PUBLICA,PUBLICO,DELINCUENCIA COMUN,AMENAZA,27,HOMBRE,MESTIZO/A,SOLTERO,ECUADOR,NINGUNA,1,0,17,TARDE,ARMA_FUEGO
ZONA 5,LOS RIOS,QUEVEDO,LOS RIOS,QUEVEDO,-1.07145,-79.44204,RURAL,FINCA,PRIVADO,DELINCUENCIA COMUN,AMENAZA,36,HOMBRE,MESTIZO/A,SOLTERO,ECUADOR,NINGUNA,1,0,1,MADRUGADA,OTRAS
ZONA 5,GUAYAS,BALZAR,GUAYAS,PALESTINA,-1.62845,-79.97709,URBANO,VIA PUBLICA,PUBLICO,DELINCUENCIA COMUN,AMENAZA,37,HOMBRE,MESTIZO/A,CASADO,ECUADOR,NINGUNA,2,0,19,NOCHE,ARMA_FUEGO
ZONA 3,TUNGURAHUA,AMBATO SUR,TUNGURAHUA,AMBATO,-1.3104,-78.6393,RURAL,CASA/VILLA,PRIVADO,VIOLENCIA INTRAFAMILIAR,SENTIMENTAL,42,MUJER,MESTIZO/A,SOLTERO,ECUADOR,NINGUNA,4,0,20,NOCHE,ARMA_BLANCA
ZONA 5,LOS RIOS,BUENA FE,LOS RIOS,BUENA FE,-0.573999807441388,-79.3688384257257,URBANO,VIA PUBLICA,PUBLICO,VIOLENCIA COMUNITARIA,RINAS,24,HOMBRE,MESTIZO/A,SOLTERO,ECUADOR,NINGUNA,5,1,4,MADRUGADA,ARMA_CONTUNDENTE
ZONA 9,D.M. QUITO,EUGENIO ESPEJO,PICHINCHA,QUITO,-0.20185,-78.50054,URBANO,VIA PUBLICA,PUBLICO,VIOLENCIA COMUNITARIA,RINAS,34,HOMBRE,MESTIZO/A,SOLTERO,ECUADOR,NINGUNA,0,0,17,TARDE,OTRAS
ZONA 9,D.M. QUITO,EUGENIO ESPEJO,PICHINCHA,QUITO,-0.13953,-78.50163,URBANO,CASA/VILLA,PRIVADO,DELINCUENCIA COMUN,ROBO A DOMICILIOS,68,HOMBRE,MESTIZO/A,DIVORCIADO,ECUADOR,NINGUNA,0,0,23,NOCHE,ARMA_BLANCA
ZONA 8,D.M. GUAYAQUIL,PASCUALES,GUAYAS,GUAYAQUIL,-2.05309,-79.9436,URBANO,CENTROS DE REHABILITACION SOCIAL,PRIVADO,DELINCUENCIA COMUN,AMENAZA,23,HOMBRE,MESTIZO/A,SOLTERO,ECUADOR,NINGUNA,1,0,9,MANANA,OTRAS
ZONA 1,IMBABURA,CIUDAD BLANCA,IMBABURA,IBARRA,0.318104063135005,-78.0958381886012,RURAL,HACIENDAS,PRIVADO,DELINCUENCIA COMUN,ROBO A DOMICILIOS,49,HOMBRE,MESTIZO/A,CASADO,ECUADOR,NINGUNA,4,0,12,TARDE,ARMA_CONTUNDENTE
ZONA 9,D.M. QUITO,EUGENIO ESPEJO,PICHINCHA,QUITO,-0.127751,-78.515686,URBANO,VIA PUBLICA,PUBLICO,VIOLENCIA COMUNITARIA,LINCHAMIENTO,26,HOMBRE,MESTIZO/A,SOLTERO,ECUADOR,NINGUNA,0,0,21,NOCHE,ARMA_CONTUNDENTE
ZONA 7,EL ORO,MACHALA,EL ORO,MACHALA,-3.26371,-79.96393,URBANO,CENTROS DE REHABILITACION SOCIAL,PRIVADO,DELINCUENCIA COMUN,AMENAZA,26,HOMBRE,MESTIZO/A,SOLTERO,ECUADOR,NINGUNA,3,0,17,TARDE,OTRAS
ZONA 5,LOS RIOS,BUENA FE,LOS RIOS,VALENCIA,-0.81841,-79.36136,RURAL,CASA/VILLA,PRIVADO,DELINCUENCIA COMUN,AMENAZA,53,HOMBRE,MESTIZO/A,SOLTERO,ECUADOR,NINGUNA,6,1,2,MADRUGADA,ARMA_BLANCA
ZONA 5,LOS RIOS,BABAHOYO,LOS RIOS,BABA,-1.81899,-79.70054,RURAL,VIA PUBLICA,PUBLICO,VIOLENCIA COMUNITARIA,ACTOS DE ODIO,19,HOMBRE,MESTIZO/A,SOLTERO,ECUADOR,NINGUNA,1,0,10,MANANA,OTRAS
ZONA 8,D.M. GUAYAQUIL,SUR - DMG,GUAYAS,GUAYAQUIL,-2.25673655142727,-79.89109218120569,URBANO,HOSTALES,PRIVADO,VIOLENCIA INTRAFAMILIAR,SENTIMENTAL,36,HOMBRE,MESTIZO/A,SOLTERO,ECUADOR,NINGUNA,2,0,3,MADRUGADA,ARMA_FUEGO
ZONA 8,D.M. GUAYAQUIL,SUR - DMG,GUAYAS,GUAYAQUIL,-2.24607,-79.89028,URBANO,VIA PUBLICA,PUBLICO,VIOLENCIA COMUNITARIA,RINAS,60,HOMBRE,MESTIZO/A,VIUDO,ECUADOR,NINGUNA,5,1,0,MADRUGADA,OTRAS
ZONA 8,D.M. GUAYAQUIL,MODELO,GUAYAS,GUAYAQUIL,-2.12059,-79.8906,URBANO,CASA/VILLA,PRIVADO,VIOLENCIA INTRAFAMILIAR,MALTRATO,55,MUJER,MESTIZO/A,SOLTERO,ECUADOR,NINGUNA,4,0,15,TARDE,ARMA_BLANCA
ZONA 5,GUAYAS,PEDRO CARBO,GUAYAS,PEDRO CARBO,-1.77046,-80.31114,RURAL,VIA PUBLICA,PUBLICO,DELINCUENCIA COMUN,AMENAZA,32,HOMBRE,MESTIZO/A,SOLTERO,ECUADOR,NINGUNA,1,0,10,MANANA,ARMA_FUEGO
ZONA 7,LOJA,LOJA,LOJA,LOJA,-4.00439,-79.19344,URBANO,CENTROS DE REHABILITACION SOCIAL,PRIVADO,DELINCUENCIA COMUN,AMENAZA,50,HOMBRE,MESTIZO/A,CASADO,ECUADOR,NINGUNA,5,1,22,NOCHE,OTRAS
ZONA 8,D.M. GUAYAQUIL,SUR - DMG,GUAYAS,GUAYAQUIL,-2.27314,-79.88476,URBANO,VIA PUBLICA,PUBLICO,DELINCUENCIA COMUN,AMENAZA,42,HOMBRE,MULATO/A,CASADO,ECUADOR,NINGUNA,5,1,13,TARDE,ARMA_FUEGO
ZONA 2,ORELLANA,LA JOYA DE LOS SACHAS,ORELLANA,LA JOYA DE LOS SACHAS,-0.3029277960285279,-76.85671389117489,RURAL,FINCA,PRIVADO,VIOLENCIA COMUNITARIA,RINAS,56,HOMBRE,MESTIZO/A,SOLTERO,ECUADOR,NINGUNA,0,0,22,NOCHE,ARMA_CONTUNDENTE
ZONA 9,D.M. QUITO,QUITUMBE,PICHINCHA,QUITO,-0.28949,-78.55909,URBANO,VIA PUBLICA,PRIVADO,VIOLENCIA COMUNITARIA,RINAS,65,HOMBRE,MESTIZO/A,DIVORCIADO,ECUADOR,NINGUNA,4,0,12,TARDE,ARMA_CONTUNDENTE
ZONA 9,D.M. QUITO,LA DELICIA,PICHINCHA,QUITO,-0.08976,-78.51141,URBANO,CASA/VILLA,PRIVADO,VIOLENCIA INTRAFAMILIAR,SENTIMENTAL,60,MUJER,MESTIZO/A,VIUDO,ECUADOR,NINGUNA,1,0,16,TARDE,ARMA_BLANCA
ZONA 6,CANAR,AZOGUES,CANAR,AZOGUES,-2.73769,-78.85074,URBANO,VIA PUBLICA,PRIVADO,VIOLENCIA COMUNITARIA,RINAS,47,HOMBRE,MESTIZO/A,CASADO,ECUADOR,NINGUNA,2,0,9,MANANA,ARMA_BLANCA
ZONA 5,LOS RIOS,QUEVEDO,LOS RIOS,MOCACHE,-1.1832,-79.50546,URBANO,RIO,PUBLICO,DELINCUENCIA COMUN,AMENAZA,28,HOMBRE,MESTIZO/A,SOLTERO,ECUADOR,NINGUNA,1,0,15,TARDE,OTRAS
ZONA 8,D.M. GUAYAQUIL,ESTEROS,GUAYAS,GUAYAQUIL,-2.22711,-79.90653,URBANO,VIA PUBLICA,PUBLICO,DELINCUENCIA COMUN,AMENAZA,37,HOMBRE,MESTIZO/A,SOLTERO,ECUADOR,NINGUNA,2,0,19,NOCHE,ARMA_BLANCA
ZONA 5,LOS RIOS,BUENA FE,LOS RIOS,VALENCIA,-0.86994,-79.42254,RURAL,VIA PUBLICA,PUBLICO,DELINCUENCIA COMUN,AMENAZA,37,HOMBRE,MESTIZO/A,SOLTERO,ECUADOR,NINGUNA,0,0,8,MANANA,ARMA_BLANCA
ZONA 8,D.M. GUAYAQUIL,DURAN,GUAYAS,DURAN,-2.18979077004006,-79.80291724205021,URBANO,VIA PUBLICA,PUBLICO,DELINCUENCIA COMUN,AMENAZA,49,HOMBRE,MESTIZO/A,SOLTERO,ECUADOR,NINGUNA,6,1,2,MADRUGADA,ARMA_FUEGO
ZONA 1,ESMERALDAS,ESMERALDAS,ESMERALDAS,ESMERALDAS,0.96119,-79.62943,URBANO,CASA/VILLA,PRIVADO,VIOLENCIA INTRAFAMILIAR,MALTRATO,55,HOMBRE,MESTIZO/A,SOLTERO,ECUADOR,NINGUNA,6,1,20,NOCHE,ARMA_BLANCA
ZONA 7,LOJA,LOJA,LOJA,LOJA,-4.00449,-79.19315,URBANO,CENTROS DE REHABILITACION SOCIAL,PRIVADO,DELINCUENCIA COMUN,AMENAZA,34,HOMBRE,MESTIZO/A,SOLTERO,ECUADOR,NINGUNA,0,0,5,MADRUGADA,OTRAS
ZONA 1,ESMERALDAS,ELOY ALFARO - ESM,ESMERALDAS,ELOY ALFARO,0.8343167,-78.8662,RURAL,VIA PUBLICA,PUBLICO,VIOLENCIA COMUNITARIA,RINAS,29,HOMBRE,AFRO,SOLTERO,ECUADOR,NINGUNA,0,0,6,MANANA,ARMA_FUEGO
ZONA 8,D.M. GUAYAQUIL,ESTEROS,GUAYAS,GUAYAQUIL,-2.2361,-79.92956,URBANO,VIA PUBLICA,PUBLICO,DELINCUENCIA COMUN,AMENAZA,67,HOMBRE,MESTIZO/A,SOLTERO,ECUADOR,NINGUNA,4,0,11,MANANA,ARMA_CONTUNDENTE
ZONA 1,ESMERALDAS,ESMERALDAS,ESMERALDAS,ESMERALDAS,0.97554,-79.65272,URBANO,VIA PUBLICA,PUBLICO,DELINCUENCIA COMUN,AMENAZA,41,HOMBRE,AFRO,CASADO,ECUADOR,NINGUNA,4,0,18,NOCHE,ARMA_FUEGO
ZONA 6,AZUAY,CUENCA SUR,AZUAY,CUENCA,-2.88258,-79.05196,RURAL,"FUNDACIONES, ASOCIACIONES Y ORGANIZACIONES",PRIVADO,VIOLENCIA COMUNITARIA,RINAS,32,HOMBRE,MESTIZO/A,SOLTERO,ECUADOR,NINGUNA,2,0,17,TARDE,OTRAS
ZONA 2,ORELLANA,LA JOYA DE LOS SACHAS,ORELLANA,LA JOYA DE LOS SACHAS,-0.33963,-77.00398,RURAL,VIA PUBLICA,PUBLICO,DELINCUENCIA COMUN,AMENAZA,28,HOMBRE,MESTIZO/A,SOLTERO,ECUADOR,NINGUNA,6,1,6,MANANA,ARMA_BLANCA
ZONA 4,MANABI,24 DE MAYO,MANABI,SANTA ANA,-1.18903,-80.40405,URBANO,RIO,PUBLICO,DELINCUENCIA COMUN,TRAFICO INTERNO DE DROGAS (MICROTRAFICO),31,HOMBRE,MESTIZO/A,SOLTERO,ECUADOR,NINGUNA,4,0,23,NOCHE,ARMA_BLANCA
ZONA 1,SUCUMBIOS,PUTUMAYO,SUCUMBIOS,PUTUMAYO,0.368597349141294,-76.18456363677981,RURAL,VIA PUBLICA,PUBLICO,VIOLENCIA COMUNITARIA,DEUDAS,33,HOMBRE,MESTIZO/A,SOLTERO,COLOMBIA,NINGUNA,5,1,1,MADRUGADA,ARMA_FUEGO
ZONA 5,LOS RIOS,BUENA FE,LOS RIOS,BUENA FE,-0.894205093383788,-79.48984527587889,URBANO,VIA PUBLICA,PUBLICO,DELINCUENCIA COMUN,AMENAZA,34,HOMBRE,MESTIZO/A,DIVORCIADO,ECUADOR,NINGUNA,3,0,23,NOCHE,ARMA_FUEGO
ZONA 1,ESMERALDAS,ESMERALDAS,ESMERALDAS,ESMERALDAS,0.91463,-79.6977,URBANO,CENTROS DE REHABILITACION SOCIAL,PRIVADO,DELINCUENCIA COMUN,AMENAZA,22,HOMBRE,AFRO,SOLTERO,ECUADOR,NINGUNA,3,0,10,MANANA,OTRAS
ZONA 8,D.M. GUAYAQUIL,PASCUALES,GUAYAS,GUAYAQUIL,-2.0523,-79.94375,URBANO,CENTROS DE REHABILITACION SOCIAL,PRIVADO,DELINCUENCIA COMUN,AMENAZA,31,HOMBRE,MESTIZO/A,SOLTERO,ECUADOR,NINGUNA,4,0,6,MANANA,OTRAS
ZONA 2,PICHINCHA,NOROCCIDENTE,PICHINCHA,PUERTO QUITO,0.15308,-79.19264,RURAL,VIA PUBLICA,PUBLICO,VIOLENCIA COMUNITARIA,RINAS,26,HOMBRE,MESTIZO/A,SOLTERO,ECUADOR,NINGUNA,6,1,5,MADRUGADA,ARMA_CONTUNDENTE
ZONA 9,D.M. QUITO,QUITUMBE,PICHINCHA,QUITO,-0.34499,-78.54858,URBANO,VIA PUBLICA,PRIVADO,DELINCUENCIA COMUN,ROBO A PERSONAS,29,HOMBRE,INDIGENA,SOLTERO,ECUADOR,NINGUNA,6,1,3,MADRUGADA,ARMA_BLANCA
ZONA 4,MANABI,CHONE,MANABI,CHONE,0.05065,-79.6363,RURAL,FINCA,PRIVADO,DELINCUENCIA COMUN,AMENAZA,36,HOMBRE,MESTIZO/A,CASADO,ECUADOR,NINGUNA,4,0,18,NOCHE,ARMA_CONTUNDENTE
ZONA 7,LOJA,LOJA,LOJA,LOJA,-4.22116,-79.25857,RURAL,VIA PUBLICA,PUBLICO,VIOLENCIA COMUNITARIA,RINAS,64,HOMBRE,MESTIZO/A,SOLTERO,ECUADOR,NINGUNA,6,1,6,MANANA,ARMA_CONTUNDENTE
ZONA 5,GUAYAS,NARANJAL BALAO,GUAYAS,NARANJAL,-2.63693,-79.63421,RURAL,VIA PUBLICA,PUBLICO,DELINCUENCIA COMUN,AMENAZA,40,HOMBRE,MESTIZO/A,SOLTERO,ECUADOR,NINGUNA,5,1,3,MADRUGADA,ARMA_BLANCA
ZONA 9,D.M. QUITO,QUITUMBE,PICHINCHA,QUITO,-0.294415288479881,-78.5517955943976,URBANO,TERRENO BALDIO,PUBLICO,VIOLENCIA COMUNITARIA,EMOCIONAL,20,MUJER,MESTIZO/A,SOLTERO,ECUADOR,NINGUNA,5,1,21,NOCHE,ARMA_CONTUNDENTE
ZONA 5,GUAYAS,NARANJAL BALAO,GUAYAS,NARANJAL,-2.80373,-79.70959,URBANO,CANCHAS DE USO MULTIPLE,PUBLICO,DELINCUENCIA COMUN,AMENAZA,16,HOMBRE,MESTIZO/A,SOLTERO,ECUADOR,NINGUNA,4,0,6,MANANA,ARMA_BLANCA
ZONA 8,D.M. GUAYAQUIL,9 DE OCTUBRE,GUAYAS,GUAYAQUIL,-2.20123,-79.88546,URBANO,VIA PUBLICA,PUBLICO,VIOLENCIA COMUNITARIA,RINAS,32,HOMBRE,MESTIZO/A,SOLTERO,ECUADOR,NINGUNA,2,0,14,TARDE,OTRAS
ZONA 1,ESMERALDAS,RIO VERDE,ESMERALDAS,RIOVERDE,1.042888,-79.28104299999998,URBANO,VIA PUBLICA,PUBLICO,VIOLENCIA COMUNITARIA,RINAS,25,HOMBRE,AFRO,SOLTERO,ECUADOR,NINGUNA,0,0,9,MANANA,ARMA_FUEGO
ZONA 7,EL ORO,MACHALA,EL ORO,MACHALA,-3.279954,-79.92341299999998,RURAL,VIA PUBLICA,PUBLICO,DELINCUENCIA COMUN,ROBO A PERSONAS,45,HOMBRE,MESTIZO/A,SOLTERO,ECUADOR,NINGUNA,6,1,20,NOCHE,ARMA_FUEGO
ZONA 5,LOS RIOS,QUEVEDO,LOS RIOS,QUEVEDO,-0.97213,-79.42786,URBANO,VIA PUBLICA,PUBLICO,DELINCUENCIA COMUN,AMENAZA,47,HOMBRE,MESTIZO/A,CASADO,ECUADOR,NINGUNA,5,1,18,NOCHE,ARMA_BLANCA
ZONA 4,MANABI,CHONE,MANABI,CHONE,-0.674448,-80.011275,RURAL,VIA PUBLICA,PUBLICO,VIOLENCIA COMUNITARIA,ACTOS DE ODIO,35,HOMBRE,MESTIZO/A,SOLTERO,ECUADOR,NINGUNA,1,0,17,TARDE,ARMA_FUEGO
ZONA 8,D.M. GUAYAQUIL,PASCUALES,GUAYAS,GUAYAQUIL,-2.05363,-79.94422,URBANO,CENTROS DE REHABILITACION SOCIAL,PRIVADO,DELINCUENCIA COMUN,AMENAZA,37,HOMBRE,MESTIZO/A,SOLTERO,ECUADOR,NINGUNA,2,0,18,NOCHE,ARMA_CONTUNDENTE
ZONA 9,D.M. QUITO,ELOY ALFARO - DMQ,PICHINCHA,QUITO,-0.26704,-78.50728,URBANO,QUEBRADAS,PUBLICO,TRANSNACIONAL,SECUESTRO,27,MUJER,MESTIZO/A,CASADO,ECUADOR,NINGUNA,4,0,6,MANANA,OTRAS
ZONA 5,GUAYAS,BALZAR,GUAYAS,BALZAR,-1.36235,-79.90159,URBANO,VIA PUBLICA,PUBLICO,DELINCUENCIA COMUN,AMENAZA,20,HOMBRE,MESTIZO/A,SOLTERO,ECUADOR,NINGUNA,4,0,20,NOCHE,ARMA_FUEGO
ZONA 7,LOJA,CALVAS,LOJA,GONZANAMA,-4.20632,-79.35994,RURAL,BOSQUE Y RESERVAS ECOLOGICAS,PUBLICO,VIOLENCIA INTRAFAMILIAR,SENTIMENTAL,34,MUJER,MESTIZO/A,EN UNION DE HECHO,ECUADOR,NINGUNA,2,0,1,MADRUGADA,OTRAS
ZONA 1,ESMERALDAS,ATACAMES,ESMERALDAS,ATACAMES,0.86801,-79.84648,URBANO,VIA PUBLICA,PUBLICO,VIOLENCIA COMUNITARIA,RINAS,54,HOMBRE,MESTIZO/A,SOLTERO,ECUADOR,NINGUNA,6,1,17,TARDE,ARMA_BLANCA
ZONA 6,CANAR,LA TRONCAL,CANAR,LA TRONCAL,-2.42865,-79.29665,RURAL,FINCA,PRIVADO,DELINCUENCIA COMUN,TRAFICO INTERNO DE DROGAS (MICROTRAFICO),42,HOMBRE,MESTIZO/A,DIVORCIADO,ECUADOR,NINGUNA,0,0,0,MADRUGADA,OTRAS
ZONA 8,D.M. GUAYAQUIL,PASCUALES,GUAYAS,GUAYAQUIL,-1.99777,-79.98234,RURAL,BOSQUE Y RESERVAS ECOLOGICAS,PUBLICO,DELINCUENCIA COMUN,AMENAZA,49,HOMBRE,MESTIZO/A,SOLTERO,ECUADOR,NINGUNA,6,1,15,TARDE,ARMA_BLANCA
ZONA 1,ESMERALDAS,ESMERALDAS,ESMERALDAS,ESMERALDAS,0.941,-79.67666,RURAL,BOSQUE Y RESERVAS ECOLOGICAS,PUBLICO,DELINCUENCIA COMUN,AMENAZA,33,HOMBRE,MESTIZO/A,SOLTERO,ECUADOR,NINGUNA,1,0,22,NOCHE,ARMA_BLANCA
ZONA 7,LOJA,ESPINDOLA,LOJA,ESPINDOLA,-4.42444,-79.42106,RURAL,RANCHO,PRIVADO,VIOLENCIA INTRAFAMILIAR,MALTRATO,64,HOMBRE,MESTIZO/A,SOLTERO,ECUADOR,NINGUNA,3,0,13,TARDE,ARMA_BLANCA
ZONA 7,EL ORO,SANTA ROSA,EL ORO,SANTA ROSA,-3.48335,-79.97926,RURAL,HACIENDAS,PRIVADO,TRANSNACIONAL,SECUESTRO,24,HOMBRE,MESTIZO/A,SOLTERO,ECUADOR,NINGUNA,1,0,10,MANANA,ARMA_BLANCA
ZONA 5,LOS RIOS,VINCES,LOS RIOS,VINCES,-1.56679,-79.74959,URBANO,CASA/VILLA,PRIVADO,DELINCUENCIA COMUN,AMENAZA,45,HOMBRE,MESTIZO/A,SOLTERO,ECUADOR,NINGUNA,5,1,23,NOCHE,ARMA_BLANCA
ZONA 5,GUAYAS,PEDRO CARBO,GUAYAS,LOMAS DE SARGENTILLO,-1.86119,-80.08687,RURAL,VIA PUBLICA,PUBLICO,DELINCUENCIA COMUN,TRAFICO INTERNO DE DROGAS (MICROTRAFICO),24,MUJER,MESTIZO/A,SOLTERO,ECUADOR,NINGUNA,5,1,21,NOCHE,ARMA_BLANCA
ZONA 1,ESMERALDAS,ATACAMES,ESMERALDAS,ATACAMES,0.86939,-79.84569,URBANO,VIA PUBLICA,PUBLICO,VIOLENCIA INTRAFAMILIAR,SENTIMENTAL,38,MUJER,MESTIZO/A,CASADO,ECUADOR,NINGUNA,4,0,1,MADRUGADA,ARMA_BLANCA
ZONA 8,D.M. GUAYAQUIL,PASCUALES,GUAYAS,GUAYAQUIL,-2.05371,-79.94343,URBANO,CENTROS DE REHABILITACION SOCIAL,PRIVADO,VIOLENCIA COMUNITARIA,RINAS,30,HOMBRE,MESTIZO/A,CASADO,ECUADOR,NINGUNA,1,0,22,NOCHE,ARMA_CONTUNDENTE
ZONA 8,D.M. GUAYAQUIL,PROGRESO,GUAYAS,GUAYAQUIL,-2.5328153,-80.1138979,RURAL,FINCA,PRIVADO,DELINCUENCIA COMUN,ROBO A UNIDADES ECONOMICAS,22,HOMBRE,MESTIZO/A,SOLTERO,ECUADOR,NINGUNA,1,0,7,MANANA,ARMA_FUEGO
ZONA 9,D.M. QUITO,MANUELA SAENZ,PICHINCHA,QUITO,-0.21478,-78.49744,URBANO,HOSPITALES,PRIVADO,VIOLENCIA COMUNITARIA,RINAS,30,HOMBRE,AFRO,SOLTERO,ECUADOR,NINGUNA,0,0,11,MANANA,OTRAS
ZONA 6,AZUAY,CUENCA NORTE,AZUAY,CUENCA,-2.88583087921142,-78.9982299804688,URBANO,CASA/VILLA,PRIVADO,VIOLENCIA INTRAFAMILIAR,MALTRATO,2,MUJER,MESTIZO/A,SOLTERO,ECUADOR,NINGUNA,6,1,19,NOCHE,ARMA_CONTUNDENTE
ZONA 5,GUAYAS,PLAYAS,GUAYAS,PLAYAS,-2.64867,-80.38181,URBANO,PLAYA,PUBLICO,DELINCUENCIA COMUN,TRAFICO INTERNO DE DROGAS (MICROTRAFICO),16,HOMBRE,MESTIZO/A,SOLTERO,ECUADOR,NINGUNA,5,1,7,MANANA,ARMA_BLANCA
ZONA 5,GUAYAS,NARANJAL BALAO,GUAYAS,NARANJAL,-2.67455,-79.61899,URBANO,VIA PUBLICA,PUBLICO,DELINCUENCIA COMUN,AMENAZA,21,MUJER,MESTIZO/A,SOLTERO,VENEZUELA,NINGUNA,6,1,20,NOCHE,ARMA_FUEGO
ZONA 5,GUAYAS,BALZAR,GUAYAS,PALESTINA,-1.62797480634499,-79.9381606382839,RURAL,TERRENO BALDIO,PUBLICO,VIOLENCIA COMUNITARIA,ACTOS DE ODIO,17,HOMBRE,MESTIZO/A,SOLTERO,ECUADOR,NINGUNA,2,0,7,MANANA,ARMA_FUEGO
ZONA 7,LOJA,LOJA,LOJA,LOJA,-4.01195310373988,-79.24151184374129,URBANO,VIA PUBLICA,PUBLICO,DELINCUENCIA COMUN,ROBO A PERSONAS,42,HOMBRE,MESTIZO/A,SOLTERO,ECUADOR,NINGUNA,2,0,20,NOCHE,ARMA_CONTUNDENTE
ZONA 2,NAPO,TENA,NAPO,TENA,-1.09322351299178,-77.5824880599976,URBANO,FINCA,PRIVADO,VIOLENCIA INTRAFAMILIAR,MALTRATO,13,HOMBRE,INDIGENA,SOLTERO,ECUADOR,NINGUNA,6,1,17,TARDE,ARMA_FUEGO
ZONA 7,EL ORO,MACHALA,EL ORO,MACHALA,-3.26861,-79.99564,URBANO,VIA PUBLICA,PUBLICO,DELINCUENCIA COMUN,AMENAZA,31,HOMBRE,MULATO/A,SOLTERO,ECUADOR,NINGUNA,2,0,19,NOCHE,ARMA_FUEGO
ZONA 8,D.M. GUAYAQUIL,PORTETE,GUAYAS,GUAYAQUIL,-2.21234,-79.93077,URBANO,CASA/VILLA,PRIVADO,DELINCUENCIA COMUN,AMENAZA,38,HOMBRE,MESTIZO/A,SOLTERO,ECUADOR,NINGUNA,5,1,16,TARDE,OTRAS
ZONA 8,D.M. GUAYAQUIL,PASCUALES,GUAYAS,GUAYAQUIL,-2.07978,-79.89946999999998,URBANO,INTERIOR DE VEHICULO PARTICULAR,PRIVADO,DELINCUENCIA COMUN,AMENAZA,26,HOMBRE,MESTIZO/A,SOLTERO,ECUADOR,NINGUNA,0,0,1,MADRUGADA,ARMA_FUEGO
ZONA 6,AZUAY,CUENCA SUR,AZUAY,CUENCA,-2.93556,-79.0044,URBANO,CENTROS DE REHABILITACION SOCIAL,PRIVADO,DELINCUENCIA COMUN,AMENAZA,26,HOMBRE,MESTIZO/A,SOLTERO,ECUADOR,NINGUNA,5,1,6,MANANA,OTRAS
ZONA 9,D.M. QUITO,CALDERON,PICHINCHA,QUITO,-0.13394,-78.43799,URBANO,TERRENO BALDIO,PUBLICO,DELINCUENCIA COMUN,ROBO A PERSONAS,33,HOMBRE,MESTIZO/A,SOLTERO,ECUADOR,NINGUNA,4,0,21,NOCHE,OTRAS
ZONA 7,EL ORO,MACHALA,EL ORO,MACHALA,-3.26412,-79.96377,URBANO,CENTROS DE REHABILITACION SOCIAL,PRIVADO,DELINCUENCIA COMUN,AMENAZA,28,HOMBRE,MESTIZO/A,SOLTERO,ECUADOR,NINGUNA,6,1,16,TARDE,OTRAS
ZONA 7,EL ORO,HUAQUILLAS,EL ORO,ARENILLAS,-3.54194,-80.08469,RURAL,TERRENO BALDIO,PUBLICO,DELINCUENCIA COMUN,AMENAZA,25,HOMBRE,MESTIZO/A,SOLTERO,ECUADOR,NINGUNA,2,0,16,TARDE,ARMA_BLANCA
ZONA 8,D.M. GUAYAQUIL,MODELO,GUAYAS,GUAYAQUIL,-2.14579,-79.89046,URBANO,CASA/VILLA,PRIVADO,DELINCUENCIA COMUN,AMENAZA,32,HOMBRE,MESTIZO/A,SOLTERO,ECUADOR,NINGUNA,4,0,18,NOCHE,ARMA_BLANCA
ZONA 1,SUCUMBIOS,LAGO AGRIO,SUCUMBIOS,LAGO AGRIO,0.08306619549682019,-76.9146719520589,URBANO,VIA PUBLICA,PUBLICO,DELINCUENCIA COMUN,AMENAZA,36,HOMBRE,MESTIZO/A,SOLTERO,COLOMBIA,NINGUNA,0,0,8,MANANA,ARMA_FUEGO
ZONA 6,CANAR,LA TRONCAL,CANAR,LA TRONCAL,-2.4234,-79.34026,URBANO,VIA PUBLICA,PUBLICO,VIOLENCIA COMUNITARIA,RINAS,32,HOMBRE,MESTIZO/A,SOLTERO,ECUADOR,NINGUNA,6,1,18,NOCHE,ARMA_BLANCA
ZONA 5,SANTA ELENA,LIBERTAD SALINAS,SANTA ELENA,LA LIBERTAD,-2.239636,-80.917545,URBANO,CASA/VILLA,PRIVADO,DELINCUENCIA COMUN,AMENAZA,43,MUJER,MESTIZO/A,EN UNION DE HECHO,ECUADOR,NINGUNA,3,0,22,NOCHE,ARMA_FUEGO
ZONA 7,EL ORO,MACHALA,EL ORO,MACHALA,-3.2641,-79.96379,URBANO,CENTROS DE REHABILITACION SOCIAL,PRIVADO,DELINCUENCIA COMUN,AMENAZA,23,HOMBRE,MESTIZO/A,SOLTERO,ECUADOR,NINGUNA,6,1,18,NOCHE,OTRAS
ZONA 4,MANABI,PORTOVIEJO,MANABI,PORTOVIEJO,-1.0166,-80.38628,RURAL,CENTROS DE REHABILITACION SOCIAL,PRIVADO,DELINCUENCIA COMUN,AMENAZA,26,HOMBRE,BLANCO/A,SOLTERO,ECUADOR,NINGUNA,0,0,1,MADRUGADA,OTRAS
ZONA 5,GUAYAS,PEDRO CARBO,GUAYAS,ISIDRO AYORA,-1.88217,-80.14052,URBANO,CASA/VILLA,PRIVADO,VIOLENCIA INTRAFAMILIAR,SENTIMENTAL,27,MUJER,MESTIZO/A,SOLTERO,ECUADOR,NINGUNA,0,0,4,MADRUGADA,OTRAS
ZONA 4,STO DGO DE LOS TSACHILAS,SANTO DOMINGO ESTE,STO DGO DE LOS TSACHILAS,SANTO DOMINGO,-0.26768,-79.16133,URBANO,VIA PUBLICA,PUBLICO,DELINCUENCIA COMUN,TRAFICO INTERNO DE DROGAS (MICROTRAFICO),27,HOMBRE,MESTIZO/A,SOLTERO,ECUADOR,NINGUNA,3,0,18,NOCHE,ARMA_FUEGO
ZONA 9,D.M. QUITO,ELOY ALFARO - DMQ,PICHINCHA,QUITO,-0.25626,-78.52452,URBANO,CASA/VILLA,PRIVADO,VIOLENCIA INTRAFAMILIAR,SENTIMENTAL,32,MUJER,MESTIZO/A,SOLTERO,ECUADOR,NINGUNA,1,0,23,NOCHE,OTRAS
ZONA 8,D.M. GUAYAQUIL,DURAN,GUAYAS,DURAN,-2.1571,-79.8241,URBANO,CASA/VILLA,PRIVADO,DELINCUENCIA COMUN,AMENAZA,17,HOMBRE,MESTIZO/A,SOLTERO,ECUADOR,NINGUNA,3,0,20,NOCHE,ARMA_BLANCA
ZONA 8,D.M. GUAYAQUIL,MODELO,GUAYAS,GUAYAQUIL,-2.15231,-79.88843,URBANO,CASA/VILLA,PRIVADO,VIOLENCIA INTRAFAMILIAR,SENTIMENTAL,23,MUJER,MESTIZO/A,SOLTERO,ECUADOR,NINGUNA,6,1,2,MADRUGADA,OTRAS
ZONA 5,GUAYAS,DAULE,GUAYAS,DAULE,-1.85943,-79.97189,URBANO,VIA PUBLICA,PUBLICO,DELINCUENCIA COMUN,AMENAZA,30,HOMBRE,MESTIZO/A,SOLTERO,ECUADOR,NINGUNA,3,0,8,MANANA,ARMA_CONTUNDENTE
ZONA 4,STO DGO DE LOS TSACHILAS,LA CONCORDIA,STO DGO DE LOS TSACHILAS,LA CONCORDIA,-0.011243,-79.40478799999998,URBANO,CENTROS Y SUBCENTROS DE SALUD,PRIVADO,VIOLENCIA COMUNITARIA,RINAS,44,HOMBRE,AFRO,SOLTERO,ECUADOR,NINGUNA,4,0,20,NOCHE,ARMA_CONTUNDENTE
ZONA 1,ESMERALDAS,ATACAMES,ESMERALDAS,ATACAMES,0.853913322166551,-79.8490464946302,RURAL,VIA PUBLICA,PUBLICO,DELINCUENCIA COMUN,AMENAZA,40,HOMBRE,MESTIZO/A,SOLTERO,ECUADOR,NINGUNA,4,0,22,NOCHE,ARMA_FUEGO
ZONA 7,LOJA,SABANILLA,LOJA,PUYANGO,-3.86499,-79.99249,RURAL,QUEBRADAS,PUBLICO,DELINCUENCIA COMUN,ABIGEATO,78,MUJER,MESTIZO/A,DIVORCIADO,ECUADOR,NINGUNA,2,0,18,NOCHE,OTRAS
ZONA 1,IMBABURA,VALLE DEL AMANECER,IMBABURA,OTAVALO,0.27232,-78.24259,URBANO,CASA/VILLA,PRIVADO,VIOLENCIA COMUNITARIA,RINAS,36,HOMBRE,AFRO,SOLTERO,ECUADOR,NINGUNA,6,1,20,NOCHE,ARMA_CONTUNDENTE
ZONA 7,EL ORO,MACHALA,EL ORO,MACHALA,-3.25481,-79.9504,URBANO,VIA PUBLICA,PUBLICO,VIOLENCIA COMUNITARIA,LINCHAMIENTO,41,HOMBRE,MESTIZO/A,SOLTERO,ECUADOR,NINGUNA,5,1,21,NOCHE,OTRAS
ZONA 7,EL ORO,PASAJE,EL ORO,PASAJE,-3.34228,-79.82079,RURAL,HACIENDAS,PRIVADO,VIOLENCIA INTRAFAMILIAR,SENTIMENTAL,32,MUJER,MULATO/A,SOLTERO,ECUADOR,NINGUNA,6,1,3,MADRUGADA,OTRAS
ZONA 5,LOS RIOS,BABAHOYO,LOS RIOS,BABAHOYO,-1.70081,-79.39767,RURAL,CASA/VILLA,PRIVADO,VIOLENCIA INTRAFAMILIAR,MALTRATO,77,HOMBRE,MESTIZO/A,SOLTERO,ECUADOR,NINGUNA,6,1,6,MANANA,ARMA_CONTUNDENTE
ZONA 5,LOS RIOS,VINCES,LOS RIOS,VINCES,-1.57059,-79.74951,RURAL,VIA PUBLICA,PUBLICO,DELINCUENCIA COMUN,AMENAZA,34,HOMBRE,MESTIZO/A,CASADO,ECUADOR,NINGUNA,5,1,4,MADRUGADA,ARMA_BLANCA
ZONA 5,LOS RIOS,BUENA FE,LOS RIOS,BUENA FE,-0.66706,-79.44887,RURAL,RIO,PUBLICO,DELINCUENCIA COMUN,AMENAZA,20,HOMBRE,MESTIZO/A,SOLTERO,ECUADOR,NINGUNA,3,0,20,NOCHE,ARMA_CONTUNDENTE
ZONA 8,D.M. GUAYAQUIL,NUEVA PROSPERINA,GUAYAS,GUAYAQUIL,-2.09584,-79.97172,URBANO,VIA PUBLICA,PUBLICO,DELINCUENCIA COMUN,TRAFICO INTERNOS DE DROGAS (MICROTRAFICO),35,HOMBRE,MESTIZO/A,SOLTERO,ECUADOR,NINGUNA,5,1,17,TARDE,ARMA_FUEGO
ZONA 1,ESMERALDAS,QUININDE,ESMERALDAS,QUININDE,0.33145,-79.46614,URBANO,CASA/VILLA,PRIVADO,VIOLENCIA INTRAFAMILIAR,SENTIMENTAL,44,MUJER,MESTIZO/A,DIVORCIADO,ECUADOR,NINGUNA,4,0,8,MANANA,OTRAS
ZONA 3,COTOPAXI,LATACUNGA,COTOPAXI,LATACUNGA,-0.878350159965665,-78.64991837659329,RURAL,TERRENO BALDIO,PUBLICO,DELINCUENCIA COMUN,VIOLACION SEXUAL (DESCONOCIDO),19,MUJER,MESTIZO/A,SOLTERO,ECUADOR,NINGUNA,0,0,3,MADRUGADA,ARMA_CONTUNDENTE
ZONA 1,SUCUMBIOS,SHUSHUFINDI,SUCUMBIOS,SHUSHUFINDI,-0.18178,-76.61577,RURAL,RIO,PUBLICO,DELINCUENCIA COMUN,AMENAZA,25,MUJER,MESTIZO/A,SOLTERO,ECUADOR,NINGUNA,3,0,22,NOCHE,OTRAS
ZONA 6,MORONA SANTIAGO,SUR - MORONA,MORONA SANTIAGO,GUALAQUIZA,-3.40625,-78.57684,URBANO,VIA PUBLICA,PUBLICO,VIOLENCIA COMUNITARIA,RINAS,17,HOMBRE,MESTIZO/A,SOLTERO,ECUADOR,NINGUNA,5,1,18,NOCHE,ARMA_CONTUNDENTE
ZONA 8,D.M. GUAYAQUIL,NUEVA PROSPERINA,GUAYAS,GUAYAQUIL,-2.12019,-79.96951,URBANO,VIA PUBLICA,PUBLICO,DELINCUENCIA COMUN,AMENAZA,39,HOMBRE,MESTIZO/A,SOLTERO,ECUADOR,NINGUNA,2,0,5,MADRUGADA,ARMA_BLANCA
ZONA 5,GUAYAS,NARANJITO MARCELINO MARIDUENA,GUAYAS,NARANJITO,-2.16958,-79.44837,RURAL,FINCA,PRIVADO,DELINCUENCIA COMUN,AMENAZA,22,HOMBRE,MESTIZO/A,SOLTERO,ECUADOR,NINGUNA,6,1,15,TARDE,ARMA_BLANCA
ZONA 9,D.M. QUITO,CALDERON,PICHINCHA,QUITO,-0.06399,-78.35009,URBANO,HOSPITALES,PRIVADO,VIOLENCIA COMUNITARIA,RINAS,32,HOMBRE,MESTIZO/A,SOLTERO,ECUADOR,NINGUNA,5,1,1,MADRUGADA,ARMA_BLANCA
ZONA 7,EL ORO,SANTA ROSA,EL ORO,SANTA ROSA,-3.57016,-79.80522,RURAL,FINCA,PRIVADO,DELINCUENCIA COMUN,AMENAZA,56,HOMBRE,MESTIZO/A,DIVORCIADO,ECUADOR,NINGUNA,1,0,15,TARDE,OTRAS
ZONA 8,D.M. GUAYAQUIL,SUR - DMG,GUAYAS,GUAYAQUIL,-2.24756,-79.88362,URBANO,VIA PUBLICA,PUBLICO,DELINCUENCIA COMUN,TRAFICO INTERNO DE DROGAS (MICROTRAFICO),26,HOMBRE,MESTIZO/A,SOLTERO,ECUADOR,NINGUNA,1,0,14,TARDE,OTRAS
ZONA 5,LOS RIOS,BABAHOYO,LOS RIOS,BABAHOYO,-1.80873,-79.4887,URBANO,CASA/VILLA,PRIVADO,DELINCUENCIA COMUN,AMENAZA,84,HOMBRE,MESTIZO/A,SOLTERO,ECUADOR,NINGUNA,2,0,20,NOCHE,OTRAS
ZONA 6,CANAR,LA TRONCAL,CANAR,LA TRONCAL,-2.34938,-79.31205,URBANO,MAR,PUBLICO,DELINCUENCIA COMUN,TRAFICO INTERNO DE DROGAS (MICROTRAFICO),22,HOMBRE,MESTIZO/A,SOLTERO,ECUADOR,NINGUNA,5,1,20,NOCHE,OTRAS
ZONA 5,GUAYAS,EL TRIUNFO BUCAY,GUAYAS,EL TRIUNFO,-2.32591,-79.4057,URBANO,CASA/VILLA,PRIVADO,DELINCUENCIA COMUN,TRAFICO INTERNO DE DROGAS (MICROTRAFICO),46,HOMBRE,MESTIZO/A,CASADO,ECUADOR,NINGUNA,5,1,15,TARDE,ARMA_FUEGO
ZONA 8,D.M. GUAYAQUIL,FLORIDA,GUAYAS,GUAYAQUIL,-2.12204027175903,-79.9482727050781,URBANO,VIA PUBLICA,PUBLICO,VIOLENCIA COMUNITARIA,RINAS,20,HOMBRE,MESTIZO/A,SOLTERO,ECUADOR,NINGUNA,5,1,16,TARDE,ARMA_CONTUNDENTE
ZONA 8,D.M. GUAYAQUIL,SUR - DMG,GUAYAS,GUAYAQUIL,-2.27452,-79.88057,URBANO,VIA PUBLICA,PUBLICO,DELINCUENCIA COMUN,TRAFICO INTERNO DE DROGAS (MICROTRAFICO),23,HOMBRE,MESTIZO/A,SOLTERO,ECUADOR,NINGUNA,2,0,0,MADRUGADA,ARMA_FUEGO
ZONA 1,CARCHI,MONTUFAR,CARCHI,BOLIVAR,0.5025553,-77.90246109999998,RURAL,TERRENO BALDIO,PUBLICO,DELINCUENCIA COMUN,AMENAZA,80,HOMBRE,MESTIZO/A,VIUDO,ECUADOR,NINGUNA,2,0,10,MANANA,ARMA_CONTUNDENTE
ZONA 8,D.M. GUAYAQUIL,PASCUALES,GUAYAS,GUAYAQUIL,-2.05309,-79.9436,URBANO,CENTROS DE REHABILITACION SOCIAL,PRIVADO,DELINCUENCIA COMUN,AMENAZA,24,HOMBRE,MESTIZO/A,SOLTERO,ECUADOR,NINGUNA,4,0,14,TARDE,OTRAS
ZONA 2,ORELLANA,LA JOYA DE LOS SACHAS,ORELLANA,LA JOYA DE LOS SACHAS,-0.37149,-76.93627,RURAL,FINCA,PRIVADO,VIOLENCIA COMUNITARIA,EMOCIONAL,18,MUJER,MESTIZO/A,SOLTERO,ECUADOR,NINGUNA,6,1,2,MADRUGADA,ARMA_CONTUNDENTE
ZONA 5,SANTA ELENA,SANTA ELENA,SANTA ELENA,SANTA ELENA,-2.13983,-80.7733,URBANO,DEPARTAMENTO EN CASA O EDIFICIO,PRIVADO,DELINCUENCIA COMUN,AMENAZA,48,HOMBRE,MESTIZO/A,SOLTERO,ECUADOR,NINGUNA,6,1,5,MADRUGADA,OTRAS
ZONA 9,D.M. QUITO,CALDERON,PICHINCHA,QUITO,-0.06252,-78.43291,URBANO,CASA/VILLA,PRIVADO,VIOLENCIA INTRAFAMILIAR,MALTRATO,3,MUJER,AFRO,SOLTERO,ECUADOR,NINGUNA,4,0,14,TARDE,ARMA_CONTUNDENTE
ZONA 5,GUAYAS,EL TRIUNFO BUCAY,GUAYAS,EL TRIUNFO,-2.32956594958535,-79.40284347161649,URBANO,VIA PUBLICA,PUBLICO,DELINCUENCIA COMUN,AMENAZA,40,HOMBRE,MESTIZO/A,SOLTERO,ECUADOR,FISICA,2,0,16,TARDE,ARMA_FUEGO
ZONA 9,D.M. QUITO,ELOY ALFARO - DMQ,PICHINCHA,QUITO,-0.26143,-78.50417,URBANO,TRANSPORTE PUBLICO,PUBLICO,DELINCUENCIA COMUN,ROBO A PERSONAS,39,HOMBRE,MESTIZO/A,SOLTERO,ECUADOR,NINGUNA,5,1,19,NOCHE,ARMA_BLANCA
ZONA 1,ESMERALDAS,ESMERALDAS,ESMERALDAS,ESMERALDAS,0.97737,-79.65295,URBANO,VIA PUBLICA,PUBLICO,VIOLENCIA COMUNITARIA,RINAS,24,HOMBRE,AFRO,SOLTERO,ECUADOR,NINGUNA,1,0,20,NOCHE,ARMA_FUEGO
ZONA 9,D.M. QUITO,ELOY ALFARO - DMQ,PICHINCHA,QUITO,-0.25653,-78.51373,URBANO,CASA/VILLA,PRIVADO,VIOLENCIA INTRAFAMILIAR,SENTIMENTAL,6,MUJER,MESTIZO/A,SOLTERO,ECUADOR,NINGUNA,2,0,11,MANANA,OTRAS
ZONA 3,COTOPAXI,SALCEDO,COTOPAXI,SALCEDO,-1.04057229767779,-78.59141546461609,URBANO,HOSPITALES,PRIVADO,VIOLENCIA INTRAFAMILIAR,MALTRATO,0,HOMBRE,MESTIZO/A,SOLTERO,ECUADOR,NINGUNA,4,0,22,NOCHE,ARMA_CONTUNDENTE
ZONA 8,D.M. GUAYAQUIL,PASCUALES,GUAYAS,GUAYAQUIL,-2.0523,-79.94375,URBANO,CENTROS DE REHABILITACION SOCIAL,PRIVADO,VIOLENCIA COMUNITARIA,RINAS,34,HOMBRE,MESTIZO/A,SOLTERO,ECUADOR,NINGUNA,0,0,1,MADRUGADA,ARMA_CONTUNDENTE
ZONA 5,LOS RIOS,PUEBLOVIEJO,LOS RIOS,PUEBLOVIEJO,-1.54915,-79.53268,URBANO,VIA PUBLICA,PUBLICO,DELINCUENCIA COMUN,AMENAZA,35,HOMBRE,MESTIZO/A,SOLTERO,ECUADOR,NINGUNA,6,1,7,MANANA,ARMA_FUEGO
ZONA 6,CANAR,AZOGUES,CANAR,AZOGUES,-2.7628,-78.85911,URBANO,VIA PUBLICA,PUBLICO,DELINCUENCIA COMUN,ROBO A PERSONAS,25,HOMBRE,MESTIZO/A,SOLTERO,ECUADOR,NINGUNA,0,0,10,MANANA,ARMA_BLANCA
ZONA 8,D.M. GUAYAQUIL,PASCUALES,GUAYAS,GUAYAQUIL,-2.0515,-79.94288,URBANO,CENTROS DE REHABILITACION SOCIAL,PRIVADO,DELINCUENCIA COMUN,AMENAZA,40,HOMBRE,MESTIZO/A,SOLTERO,ECUADOR,NINGUNA,5,1,3,MADRUGADA,OTRAS
ZONA 5,GUAYAS,EL TRIUNFO BUCAY,GUAYAS,EL TRIUNFO,-2.3096,-79.57135,RURAL,HACIENDAS,PRIVADO,DELINCUENCIA COMUN,AMENAZA,28,HOMBRE,MESTIZO/A,SOLTERO,ECUADOR,NINGUNA,4,0,19,NOCHE,ARMA_BLANCA
ZONA 7,EL ORO,HUAQUILLAS,EL ORO,ARENILLAS,-3.58374,-80.10135,RURAL,VIA PUBLICA,PUBLICO,DELINCUENCIA COMUN,AMENAZA,39,HOMBRE,MESTIZO/A,SOLTERO,ECUADOR,NINGUNA,5,1,2,MADRUGADA,OTRAS
ZONA 4,MANABI,PORTOVIEJO,MANABI,PORTOVIEJO,-1.05618,-80.48572,RURAL,CASA/VILLA,PRIVADO,DELINCUENCIA COMUN,TRAFICO INTERNO DE DROGAS (MICROTRAFICO),20,HOMBRE,MESTIZO/A,SOLTERO,ECUADOR,NINGUNA,0,0,5,MADRUGADA,ARMA_BLANCA
ZONA 5,GUAYAS,NARANJAL BALAO,GUAYAS,BALAO,-2.84307,-79.70311,URBANO,CASA/VILLA,PRIVADO,VIOLENCIA COMUNITARIA,RINAS,36,HOMBRE,MESTIZO/A,SOLTERO,ECUADOR,NINGUNA,4,0,3,MADRUGADA,ARMA_CONTUNDENTE
ZONA 3,CHIMBORAZO,RIOBAMBA,CHIMBORAZO,RIOBAMBA,-1.69056,-78.63181,URBANO,CENTROS DE REHABILITACION SOCIAL,PRIVADO,DELINCUENCIA COMUN,TRAFICO INTERNO DE DROGAS (MICROTRAFICO),40,HOMBRE,MESTIZO/A,SOLTERO,ECUADOR,NINGUNA,2,0,12,TARDE,OTRAS
ZONA 8,D.M. GUAYAQUIL,ESTEROS,GUAYAS,GUAYAQUIL,-2.24263,-79.92882,URBANO,VIA PUBLICA,PUBLICO,DELINCUENCIA COMUN,AMENAZA,19,HOMBRE,MESTIZO/A,SOLTERO,ECUADOR,NINGUNA,4,0,11,MANANA,ARMA_FUEGO
ZONA 8,D.M. GUAYAQUIL,PORTETE,GUAYAS,GUAYAQUIL,-2.2264962,-79.9409552,URBANO,VIA PUBLICA,PUBLICO,DELINCUENCIA COMUN,AMENAZA,18,HOMBRE,MESTIZO/A,SOLTERO,ECUADOR,NINGUNA,1,0,12,TARDE,ARMA_FUEGO
ZONA 5,LOS RIOS,VINCES,LOS RIOS,PALENQUE,-1.3644,-79.81852,RURAL,FINCA,PRIVADO,VIOLENCIA COMUNITARIA,RINAS,27,HOMBRE,MONTUBIO/A,SOLTERO,ECUADOR,NINGUNA,4,0,3,MADRUGADA,ARMA_BLANCA
ZONA 8,D.M. GUAYAQUIL,DURAN,GUAYAS,DURAN,-2.17643,-79.80576,URBANO,VIA PUBLICA,PUBLICO,DELINCUENCIA COMUN,AMENAZA,30,HOMBRE,MESTIZO/A,SOLTERO,ECUADOR,NINGUNA,6,1,5,MADRUGADA,ARMA_CONTUNDENTE
ZONA 8,D.M. GUAYAQUIL,PORTETE,GUAYAS,GUAYAQUIL,-2.22286,-79.92534,URBANO,VIA PUBLICA,PUBLICO,DELINCUENCIA COMUN,AMENAZA,33,HOMBRE,MESTIZO/A,SOLTERO,ECUADOR,NINGUNA,6,1,12,TARDE,ARMA_CONTUNDENTE
ZONA 1,CARCHI,TULCAN,CARCHI,TULCAN,0.83107,-77.7084,URBANO,HOSPITALES,PRIVADO,VIOLENCIA COMUNITARIA,RINAS,25,HOMBRE,MESTIZO/A,SOLTERO,ECUADOR,NINGUNA,5,1,22,NOCHE,ARMA_CONTUNDENTE
ZONA 7,EL ORO,MACHALA,EL ORO,MACHALA,-3.2641,-79.96379,URBANO,CENTROS DE REHABILITACION SOCIAL,PRIVADO,DELINCUENCIA COMUN,AMENAZA,37,HOMBRE,MESTIZO/A,SOLTERO,ECUADOR,NINGUNA,6,1,18,NOCHE,OTRAS
ZONA 5,GUAYAS,DAULE,GUAYAS,SANTA LUCIA,-1.7621,-79.92757,RURAL,TERRENO BALDIO,PUBLICO,DELINCUENCIA COMUN,AMENAZA,43,HOMBRE,MESTIZO/A,SOLTERO,ECUADOR,NINGUNA,6,1,3,MADRUGADA,ARMA_BLANCA
ZONA 7,EL ORO,SANTA ROSA,EL ORO,SANTA ROSA,-3.45226,-79.968,URBANO,VIA PUBLICA,PUBLICO,DELINCUENCIA COMUN,TRAFICO INTERNO DE DROGAS (MICROTRAFICO),35,HOMBRE,MESTIZO/A,SOLTERO,ECUADOR,NINGUNA,1,0,0,MADRUGADA,ARMA_BLANCA
ZONA 6,MORONA SANTIAGO,MORONA,MORONA SANTIAGO,MORONA,-2.18949,-78.07238,RURAL,FINCA,PRIVADO,VIOLENCIA INTRAFAMILIAR,MALTRATO,5,MUJER,INDIGENA,SOLTERO,ECUADOR,NINGUNA,5,1,4,MADRUGADA,ARMA_CONTUNDENTE
ZONA 6,AZUAY,GUALACEO,AZUAY,CHORDELEG,-2.93315,-78.77873,RURAL,VIA PUBLICA,PUBLICO,VIOLENCIA COMUNITARIA,LINCHAMIENTO,33,HOMBRE,MESTIZO/A,SOLTERO,ECUADOR,NINGUNA,3,0,16,TARDE,ARMA_CONTUNDENTE
ZONA 5,LOS RIOS,VINCES,LOS RIOS,VINCES,-1.40883,-79.63134,RURAL,FINCA,PRIVADO,DELINCUENCIA COMUN,AMENAZA,22,HOMBRE,MESTIZO/A,SOLTERO,ECUADOR,NINGUNA,6,1,10,MANANA,OTRAS
ZONA 8,D.M. GUAYAQUIL,DURAN,GUAYAS,DURAN,-2.17271446325504,-79.7991051524878,URBANO,VIA PUBLICA,PUBLICO,VIOLENCIA COMUNITARIA,RINAS,42,HOMBRE,MESTIZO/A,CASADO,ECUADOR,NINGUNA,5,1,23,NOCHE,ARMA_FUEGO
ZONA 6,AZUAY,CUENCA SUR,AZUAY,CUENCA,-2.90725016304087,-79.07385756068828,RURAL,VIA PUBLICA,PUBLICO,VIOLENCIA COMUNITARIA,RINAS,29,HOMBRE,MESTIZO/A,SOLTERO,ECUADOR,NINGUNA,6,1,23,NOCHE,ARMA_FUEGO
ZONA 1,SUCUMBIOS,LAGO AGRIO,SUCUMBIOS,LAGO AGRIO,0.0809369999999999,-76.91156499999998,URBANO,VIA PUBLICA,PUBLICO,DELINCUENCIA COMUN,AMENAZA,29,HOMBRE,MESTIZO/A,EN UNION DE HECHO,COLOMBIA,NINGUNA,2,0,8,MANANA,ARMA_FUEGO
ZONA 6,AZUAY,CUENCA SUR,AZUAY,CUENCA,-2.92293,-79.06589,URBANO,CASA/VILLA,PRIVADO,VIOLENCIA COMUNITARIA,RINAS,37,HOMBRE,MESTIZO/A,DIVORCIADO,ECUADOR,NINGUNA,3,0,23,NOCHE,ARMA_BLANCA
ZONA 1,SUCUMBIOS,PUTUMAYO,SUCUMBIOS,PUTUMAYO,0.0836579999999999,-75.921363,RURAL,VIA PUBLICA,PUBLICO,DELINCUENCIA COMUN,ROBO A PERSONAS,51,HOMBRE,MESTIZO/A,SOLTERO,COLOMBIA,NINGUNA,4,0,23,NOCHE,ARMA_FUEGO
ZONA 1,IMBABURA,TIERRA DEL SOL,IMBABURA,COTACACHI,0.30046,-78.26569,URBANO,CASA/VILLA,PRIVADO,VIOLENCIA INTRAFAMILIAR,SENTIMENTAL,51,MUJER,MESTIZO/A,DIVORCIADO,ECUADOR,NINGUNA,5,1,20,NOCHE,OTRAS
ZONA 5,GUAYAS,BALZAR,GUAYAS,BALZAR,-1.33775,-79.87788,RURAL,INTERIOR DE VEHICULO PARTICULAR,PRIVADO,DELINCUENCIA COMUN,AMENAZA,35,HOMBRE,MESTIZO/A,SOLTERO,ECUADOR,NINGUNA,5,1,23,NOCHE,ARMA_FUEGO
ZONA 5,SANTA ELENA,LIBERTAD SALINAS,SANTA ELENA,SALINAS,-2.29732,-80.89431,RURAL,VIA PUBLICA,PUBLICO,DELINCUENCIA COMUN,AMENAZA,28,HOMBRE,MESTIZO/A,SOLTERO,ECUADOR,NINGUNA,6,1,3,MADRUGADA,ARMA_CONTUNDENTE
ZONA 8,D.M. GUAYAQUIL,SUR - DMG,GUAYAS,GUAYAQUIL,-2.24327,-79.88331,URBANO,INTERIOR DE VEHICULO PARTICULAR,PRIVADO,DELINCUENCIA COMUN,AMENAZA,61,HOMBRE,MESTIZO/A,CASADO,ECUADOR,NINGUNA,1,0,16,TARDE,OTRAS
ZONA 9,D.M. QUITO,LA DELICIA,PICHINCHA,QUITO,-0.124500241858283,-78.46962591795089,URBANO,VIA PUBLICA,PUBLICO,VIOLENCIA COMUNITARIA,RINAS,32,HOMBRE,MESTIZO/A,SOLTERO,ECUADOR,NINGUNA,3,0,7,MANANA,ARMA_FUEGO
ZONA 6,AZUAY,CUENCA NORTE,AZUAY,CUENCA,-2.88773,-78.97288,URBANO,CASA/VILLA,PRIVADO,DELINCUENCIA COMUN,ROBO A DOMICILIOS,70,HOMBRE,MESTIZO/A,DIVORCIADO,ECUADOR,NINGUNA,0,0,19,NOCHE,OTRAS
ZONA 5,LOS RIOS,BUENA FE,LOS RIOS,VALENCIA,-0.90228,-79.4375,RURAL,FINCA,PRIVADO,DELINCUENCIA COMUN,SECUESTRO EXPRESS,21,HOMBRE,MESTIZO/A,SOLTERO,ECUADOR,NINGUNA,0,0,23,NOCHE,ARMA_BLANCA
ZONA 4,STO DGO DE LOS TSACHILAS,SANTO DOMINGO ESTE,STO DGO DE LOS TSACHILAS,SANTO DOMINGO,-0.31275,-78.93276,RURAL,FINCA,PRIVADO,DELINCUENCIA COMUN,ROBO A DOMICILIOS,71,MUJER,MESTIZO/A,CASADO,ECUADOR,NINGUNA,4,0,19,NOCHE,OTRAS
ZONA 5,BOLIVAR,GUARANDA,BOLIVAR,GUARANDA,-1.58817,-79.00142,URBANO,CASA/VILLA,PRIVADO,DELINCUENCIA COMUN,TRAFICO INTERNO DE DROGAS (MICROTRAFICO),19,HOMBRE,MESTIZO/A,SOLTERO,ECUADOR,NINGUNA,3,0,5,MADRUGADA,ARMA_BLANCA
ZONA 8,D.M. GUAYAQUIL,SUR - DMG,GUAYAS,GUAYAQUIL,-2.86483,-80.25103,URBANO,MAR,PUBLICO,DELINCUENCIA COMUN,AMENAZA,39,HOMBRE,MESTIZO/A,SOLTERO,ECUADOR,NINGUNA,4,0,13,TARDE,ARMA_FUEGO
ZONA 4,MANABI,PORTOVIEJO,MANABI,PORTOVIEJO,-1.05019,-80.45255,URBANO,EMPRESAS PUBLICAS,PRIVADO,DELINCUENCIA COMUN,TRAFICO INTERNO DE DROGAS (MICROTRAFICO),36,MUJER,MESTIZO/A,SOLTERO,ECUADOR,NINGUNA,1,0,7,MANANA,ARMA_CONTUNDENTE
ZONA 7,EL ORO,MACHALA,EL ORO,MACHALA,-3.2641,-79.96379,URBANO,CENTROS DE REHABILITACION SOCIAL,PRIVADO,DELINCUENCIA COMUN,AMENAZA,23,HOMBRE,MESTIZO/A,SOLTERO,ECUADOR,NINGUNA,6,1,18,NOCHE,OTRAS
ZONA 1,ESMERALDAS,ATACAMES,ESMERALDAS,ATACAMES,0.8738376699831208,-79.8148304722442,RURAL,VIA PUBLICA,PUBLICO,VIOLENCIA COMUNITARIA,RINAS,20,HOMBRE,AFRO,SOLTERO,ECUADOR,NINGUNA,6,1,22,NOCHE,ARMA_CONTUNDENTE
ZONA 8,D.M. GUAYAQUIL,NUEVA PROSPERINA,GUAYAS,GUAYAQUIL,-2.10683,-79.96885,URBANO,VIA PUBLICA,PUBLICO,DELINCUENCIA COMUN,AMENAZA,24,HOMBRE,MESTIZO/A,CASADO,ECUADOR,NINGUNA,3,0,18,NOCHE,ARMA_BLANCA
ZONA 9,D.M. QUITO,CALDERON,PICHINCHA,QUITO,-0.06368,-78.44147,URBANO,VIA PUBLICA,PUBLICO,VIOLENCIA COMUNITARIA,RINAS,21,HOMBRE,AFRO,SOLTERO,ECUADOR,NINGUNA,6,1,2,MADRUGADA,ARMA_CONTUNDENTE
ZONA 1,IMBABURA,CIUDAD BLANCA,IMBABURA,PIMAMPIRO,0.39449,-77.94421,RURAL,FINCA,PRIVADO,VIOLENCIA COMUNITARIA,RINAS,45,HOMBRE,MESTIZO/A,SOLTERO,ECUADOR,NINGUNA,6,1,11,MANANA,ARMA_CONTUNDENTE
ZONA 3,COTOPAXI,LATACUNGA,COTOPAXI,LATACUNGA,-0.87207,-78.63138,RURAL,CENTROS DE REHABILITACION SOCIAL,PRIVADO,DELINCUENCIA COMUN,AMENAZA,32,HOMBRE,MESTIZO/A,SOLTERO,ECUADOR,NINGUNA,1,0,16,TARDE,OTRAS
ZONA 1,SUCUMBIOS,LAGO AGRIO,SUCUMBIOS,LAGO AGRIO,0.08151,-76.8831,URBANO,VIA PUBLICA,PUBLICO,VIOLENCIA COMUNITARIA,RINAS,66,HOMBRE,MESTIZO/A,SOLTERO,ECUADOR,VISUAL,5,1,13,TARDE,ARMA_BLANCA
ZONA 8,D.M. GUAYAQUIL,ESTEROS,GUAYAS,GUAYAQUIL,-2.25678,-79.90713,URBANO,VIA PUBLICA,PUBLICO,VIOLENCIA COMUNITARIA,RINAS,30,HOMBRE,MESTIZO/A,SOLTERO,ECUADOR,NINGUNA,4,0,5,MADRUGADA,ARMA_FUEGO
ZONA 1,ESMERALDAS,ESMERALDAS,ESMERALDAS,ESMERALDAS,0.91447,-79.69819,URBANO,CENTROS DE REHABILITACION SOCIAL,PRIVADO,DELINCUENCIA COMUN,AMENAZA,23,HOMBRE,AFRO,SOLTERO,ECUADOR,NINGUNA,5,1,0,MADRUGADA,OTRAS
ZONA 8,D.M. GUAYAQUIL,DURAN,GUAYAS,DURAN,-2.17747,-79.80599,URBANO,VIA PUBLICA,PUBLICO,VIOLENCIA COMUNITARIA,RINAS,28,HOMBRE,MESTIZO/A,SOLTERO,ECUADOR,NINGUNA,5,1,1,MADRUGADA,ARMA_BLANCA
ZONA 4,MANABI,CHONE,MANABI,CHONE,-0.3987776003666649,-80.08027267875148,RURAL,FINCA,PRIVADO,DELINCUENCIA COMUN,ROBO A PERSONAS,16,HOMBRE,MONTUBIO/A,SOLTERO,ECUADOR,NINGUNA,6,1,12,TARDE,ARMA_CONTUNDENTE
ZONA 8,D.M. GUAYAQUIL,NUEVA PROSPERINA,GUAYAS,GUAYAQUIL,-2.12889,-79.97781,URBANO,TERRENO BALDIO,PUBLICO,DELINCUENCIA COMUN,AMENAZA,25,HOMBRE,MESTIZO/A,SOLTERO,ECUADOR,NINGUNA,0,0,12,TARDE,ARMA_CONTUNDENTE
ZONA 1,ESMERALDAS,ATACAMES,ESMERALDAS,ATACAMES,0.87002,-79.81673,RURAL,FINCA,PRIVADO,DELINCUENCIA COMUN,AMENAZA,33,HOMBRE,AFRO,SOLTERO,ECUADOR,NINGUNA,1,0,22,NOCHE,OTRAS
ZONA 2,PICHINCHA,RUMINAHUI - MEJIA,PICHINCHA,MEJIA,-0.42586,-78.78718999999998,RURAL,BOSQUE Y RESERVAS ECOLOGICAS,PUBLICO,VIOLENCIA INTRAFAMILIAR,SENTIMENTAL,31,MUJER,MESTIZO/A,SOLTERO,ECUADOR,NINGUNA,6,1,6,MANANA,ARMA_CONTUNDENTE
ZONA 1,IMBABURA,VALLE DEL AMANECER,IMBABURA,OTAVALO,0.23892,-78.25504,URBANO,RESTAURANTE,PRIVADO,VIOLENCIA COMUNITARIA,LINCHAMIENTO,19,HOMBRE,MESTIZO/A,SOLTERO,ECUADOR,NINGUNA,3,0,22,NOCHE,OTRAS
ZONA 1,ESMERALDAS,ESMERALDAS,ESMERALDAS,ESMERALDAS,0.96544,-79.64978,URBANO,CASA/VILLA,PRIVADO,DELINCUENCIA COMUN,AMENAZA,34,HOMBRE,AFRO,SOLTERO,ECUADOR,NINGUNA,0,0,2,MADRUGADA,OTRAS
ZONA 5,GUAYAS,NARANJAL BALAO,GUAYAS,NARANJAL,-2.71047,-79.6461,RURAL,VIA PUBLICA,PUBLICO,DELINCUENCIA COMUN,AMENAZA,39,HOMBRE,MESTIZO/A,SOLTERO,ECUADOR,NINGUNA,5,1,15,TARDE,OTRAS
ZONA 9,D.M. QUITO,MANUELA SAENZ,PICHINCHA,QUITO,-0.20927,-78.52404,URBANO,CASA/VILLA,PRIVADO,DELINCUENCIA COMUN,AMENAZA,52,HOMBRE,MESTIZO/A,SOLTERO,ECUADOR,NINGUNA,1,0,3,MADRUGADA,ARMA_BLANCA
ZONA 7,EL ORO,MACHALA,EL ORO,MACHALA,-3.2641,-79.96379,URBANO,CENTROS DE REHABILITACION SOCIAL,PRIVADO,DELINCUENCIA COMUN,AMENAZA,23,HOMBRE,MESTIZO/A,SOLTERO,ECUADOR,NINGUNA,6,1,18,NOCHE,OTRAS
ZONA 8,D.M. GUAYAQUIL,PASCUALES,GUAYAS,GUAYAQUIL,-2.05371,-79.94343,URBANO,CENTROS DE REHABILITACION SOCIAL,PRIVADO,VIOLENCIA COMUNITARIA,RINAS,28,HOMBRE,MESTIZO/A,SOLTERO,ECUADOR,NINGUNA,1,0,22,NOCHE,OTRAS
ZONA 3,TUNGURAHUA,AMBATO SUR,TUNGURAHUA,AMBATO,-1.28296,-78.75312,RURAL,RIO,PUBLICO,DELINCUENCIA COMUN,AMENAZA,46,HOMBRE,MESTIZO/A,CASADO,ECUADOR,NINGUNA,4,0,4,MADRUGADA,OTRAS
ZONA 1,IMBABURA,CIUDAD BLANCA,IMBABURA,IBARRA,0.58835,-78.14221,URBANO,CASA/VILLA,PRIVADO,VIOLENCIA INTRAFAMILIAR,MALTRATO,0,MUJER,MESTIZO/A,SOLTERO,ECUADOR,NINGUNA,0,0,12,TARDE,ARMA_CONTUNDENTE
ZONA 4,MANABI,MANTA,MANABI,MANTA,-0.9884,-80.71317,URBANO,VIA PUBLICA,PUBLICO,DELINCUENCIA COMUN,TRAFICO INTERNO DE DROGAS (MICROTRAFICO),25,MUJER,MESTIZO/A,SOLTERO,ECUADOR,NINGUNA,2,0,22,NOCHE,ARMA_FUEGO
ZONA 3,CHIMBORAZO,PALLATANGA,CHIMBORAZO,PALLATANGA,-1.99535,-78.96461,URBANO,HOSPITALES,PRIVADO,VIOLENCIA INTRAFAMILIAR,MALTRATO,19,HOMBRE,MESTIZO/A,SOLTERO,ECUADOR,NINGUNA,5,1,7,MANANA,ARMA_BLANCA
ZONA 9,D.M. QUITO,QUITUMBE,PICHINCHA,QUITO,-0.31813,-78.54918,URBANO,VIA PUBLICA,PUBLICO,DELINCUENCIA COMUN,ROBO A PERSONAS,21,HOMBRE,MESTIZO/A,SOLTERO,ECUADOR,NINGUNA,5,1,0,MADRUGADA,ARMA_BLANCA
ZONA 4,MANABI,PEDERNALES,MANABI,PEDERNALES,0.17336,-80.02994,URBANO,VIA PUBLICA,PUBLICO,DELINCUENCIA COMUN,AMENAZA,27,HOMBRE,MESTIZO/A,SOLTERO,ECUADOR,NINGUNA,4,0,0,MADRUGADA,ARMA_CONTUNDENTE
ZONA 5,GUAYAS,EL TRIUNFO BUCAY,GUAYAS,EL TRIUNFO,-2.32254,-79.41249,URBANO,CASA/VILLA,PRIVADO,VIOLENCIA COMUNITARIA,RINAS,22,HOMBRE,MESTIZO/A,SOLTERO,ECUADOR,NINGUNA,0,0,20,NOCHE,ARMA_CONTUNDENTE
ZONA 5,GUAYAS,NARANJITO MARCELINO MARIDUENA,GUAYAS,NARANJITO,-2.16486,-79.47837,URBANO,FINCA,PRIVADO,DELINCUENCIA COMUN,ROBO DE CARROS,80,HOMBRE,MESTIZO/A,CASADO,ECUADOR,NINGUNA,4,0,16,TARDE,OTRAS
ZONA 9,D.M. QUITO,ELOY ALFARO - DMQ,PICHINCHA,QUITO,-0.2704457,-78.5421137,URBANO,VIA PUBLICA,PUBLICO,VIOLENCIA COMUNITARIA,RINAS,33,HOMBRE,MESTIZO/A,CASADO,ECUADOR,NINGUNA,3,0,21,NOCHE,ARMA_CONTUNDENTE
ZONA 6,AZUAY,PONCE ENRIQUEZ,AZUAY,CAMILO PONCE ENRIQUEZ,-3.0662,-79.73007,RURAL,VIA PUBLICA,PUBLICO,VIOLENCIA COMUNITARIA,RINAS,29,HOMBRE,INDIGENA,SOLTERO,ECUADOR,NINGUNA,6,1,3,MADRUGADA,ARMA_CONTUNDENTE
ZONA 9,D.M. QUITO,QUITUMBE,PICHINCHA,QUITO,-0.30078,-78.54588,URBANO,INTERIOR DE TAXI,PRIVADO,DELINCUENCIA COMUN,ROBO A PERSONAS,64,HOMBRE,MESTIZO/A,SOLTERO,ECUADOR,NINGUNA,5,1,1,MADRUGADA,OTRAS
ZONA 8,D.M. GUAYAQUIL,DURAN,GUAYAS,DURAN,-2.12941,-79.83886,URBANO,RIO,PUBLICO,VIOLENCIA COMUNITARIA,DEUDAS,22,HOMBRE,MESTIZO/A,SOLTERO,ECUADOR,NINGUNA,2,0,10,MANANA,ARMA_CONTUNDENTE
ZONA 7,EL ORO,MACHALA,EL ORO,MACHALA,-3.2693,-80.00246,URBANO,DISCOTECAS,PRIVADO,DELINCUENCIA COMUN,AMENAZA,22,HOMBRE,MESTIZO/A,SOLTERO,ECUADOR,NINGUNA,0,0,1,MADRUGADA,OTRAS
ZONA 5,LOS RIOS,BUENA FE,LOS RIOS,BUENA FE,-0.61438,-79.41166,RURAL,VIA PUBLICA,PUBLICO,DELINCUENCIA COMUN,AMENAZA,26,HOMBRE,MESTIZO/A,SOLTERO,ECUADOR,NINGUNA,0,0,5,MADRUGADA,OTRAS
ZONA 8,D.M. GUAYAQUIL,PORTETE,GUAYAS,GUAYAQUIL,-2.22004,-79.94865,URBANO,RIO,PUBLICO,DELINCUENCIA COMUN,AMENAZA,27,HOMBRE,MESTIZO/A,SOLTERO,ECUADOR,NINGUNA,1,0,17,TARDE,OTRAS
ZONA 6,CANAR,CANAR,CANAR,CANAR,-2.52223,-79.13075,RURAL,FINCA,PRIVADO,VIOLENCIA INTRAFAMILIAR,SENTIMENTAL,18,MUJER,INDIGENA,SOLTERO,ECUADOR,NINGUNA,3,0,6,MANANA,ARMA_CONTUNDENTE
ZONA 8,D.M. GUAYAQUIL,PASCUALES,GUAYAS,GUAYAQUIL,-2.07352,-79.92994,URBANO,CLINICAS,PRIVADO,DELINCUENCIA COMUN,AMENAZA,28,HOMBRE,MESTIZO/A,SOLTERO,ECUADOR,NINGUNA,1,0,13,TARDE,ARMA_CONTUNDENTE
ZONA 5,GUAYAS,MILAGRO,GUAYAS,MILAGRO,-2.06991,-79.5446,RURAL,VIA PUBLICA,PUBLICO,DELINCUENCIA COMUN,AMENAZA,15,HOMBRE,MESTIZO/A,SOLTERO,ECUADOR,NINGUNA,3,0,14,TARDE,ARMA_BLANCA
ZONA 3,CHIMBORAZO,RIOBAMBA,CHIMBORAZO,RIOBAMBA,-1.6267,-78.68216,RURAL,VIA PUBLICA,PUBLICO,DELINCUENCIA COMUN,ROBO A PERSONAS,66,HOMBRE,MESTIZO/A,CASADO,ECUADOR,NINGUNA,0,0,8,MANANA,OTRAS
ZONA 1,CARCHI,TULCAN,CARCHI,TULCAN,0.84051,-77.72522,RURAL,TERRENO BALDIO,PUBLICO,VIOLENCIA INTRAFAMILIAR,MALTRATO,4,MUJER,MESTIZO/A,SOLTERO,ECUADOR,NINGUNA,6,1,23,NOCHE,OTRAS
ZONA 7,EL ORO,HUAQUILLAS,EL ORO,ARENILLAS,-3.55064,-80.07195,URBANO,VIA PUBLICA,PUBLICO,VIOLENCIA COMUNITARIA,LINCHAMIENTO,20,HOMBRE,MESTIZO/A,SOLTERO,ECUADOR,NINGUNA,5,1,2,MADRUGADA,OTRAS
ZONA 4,MANABI,MANTA,MANABI,MANTA,-0.9884,-80.71317,URBANO,VIA PUBLICA,PUBLICO,DELINCUENCIA COMUN,TRAFICO INTERNO DE DROGAS (MICROTRAFICO),35,HOMBRE,MESTIZO/A,SOLTERO,ECUADOR,NINGUNA,2,0,22,NOCHE,ARMA_FUEGO
ZONA 2,ORELLANA,ORELLANA LORETO,ORELLANA,FRANCISCO DE ORELLANA,-0.94294,-76.87046,RURAL,FINCA,PRIVADO,DELINCUENCIA COMUN,AMENAZA,19,HOMBRE,INDIGENA,SOLTERO,ECUADOR,NINGUNA,5,1,7,MANANA,OTRAS
ZONA 5,GUAYAS,DAULE,GUAYAS,DAULE,-1.90268,-79.90517,URBANO,VIA PUBLICA,PUBLICO,TRANSNACIONAL,SECUESTRO,31,HOMBRE,MESTIZO/A,SOLTERO,ECUADOR,NINGUNA,2,0,5,MADRUGADA,OTRAS
ZONA 4,MANABI,ROCAFUERTE,MANABI,TOSAGUA,-0.805181999999999,-80.305773,URBANO,CENTROS Y SUBCENTROS DE SALUD,PRIVADO,VIOLENCIA COMUNITARIA,RINAS,45,HOMBRE,MESTIZO/A,CASADO,ECUADOR,NINGUNA,2,0,7,MANANA,ARMA_FUEGO
ZONA 9,D.M. QUITO,CALDERON,PICHINCHA,QUITO,-0.09134,-78.45268,URBANO,CASA/VILLA,PRIVADO,DELINCUENCIA COMUN,ROBO A DOMICILIOS,84,HOMBRE,MESTIZO/A,CASADO,ECUADOR,NINGUNA,0,0,11,MANANA,OTRAS
ZONA 8,D.M. GUAYAQUIL,NUEVA PROSPERINA,GUAYAS,GUAYAQUIL,-2.11959,-79.97476,URBANO,VIA PUBLICA,PUBLICO,DELINCUENCIA COMUN,AMENAZA,39,HOMBRE,MESTIZO/A,SOLTERO,ECUADOR,NINGUNA,4,0,8,MANANA,OTRAS
ZONA 8,D.M. GUAYAQUIL,CEIBOS,GUAYAS,GUAYAQUIL,-2.2264889999999906,-79.971428,RURAL,MAR,PUBLICO,DELINCUENCIA COMUN,ROBO A PERSONAS,41,HOMBRE,AFRO,SOLTERO,ECUADOR,NINGUNA,0,0,12,TARDE,ARMA_FUEGO
ZONA 3,COTOPAXI,SALCEDO,COTOPAXI,SALCEDO,-1.03686,-78.52121,RURAL,PARQUES Y PLAZAS,PUBLICO,VIOLENCIA COMUNITARIA,RINAS,41,HOMBRE,MESTIZO/A,CASADO,ECUADOR,NINGUNA,0,0,0,MADRUGADA,ARMA_BLANCA
ZONA 5,LOS RIOS,VENTANAS,LOS RIOS,VENTANAS,-1.44527,-79.46364,URBANO,VIA PUBLICA,PUBLICO,DELINCUENCIA COMUN,AMENAZA,16,HOMBRE,MESTIZO/A,SOLTERO,ECUADOR,NINGUNA,1,0,14,TARDE,ARMA_FUEGO
ZONA 5,LOS RIOS,QUEVEDO,LOS RIOS,MOCACHE,-1.19899,-79.60882,RURAL,HACIENDAS,PRIVADO,DELINCUENCIA COMUN,AMENAZA,21,HOMBRE,MESTIZO/A,SOLTERO,ECUADOR,NINGUNA,3,0,18,NOCHE,ARMA_BLANCA
ZONA 7,EL ORO,MACHALA,EL ORO,MACHALA,-3.26378,-79.9637,URBANO,CENTROS DE REHABILITACION SOCIAL,PRIVADO,DELINCUENCIA COMUN,TRAFICO INTERNO DE DROGAS (MICROTRAFICO),20,HOMBRE,MESTIZO/A,SOLTERO,ECUADOR,NINGUNA,0,0,18,NOCHE,OTRAS
ZONA 8,D.M. GUAYAQUIL,PORTETE,GUAYAS,GUAYAQUIL,-2.19137,-79.92404,URBANO,VIA PUBLICA,PUBLICO,DELINCUENCIA COMUN,AMENAZA,42,HOMBRE,MESTIZO/A,SOLTERO,ECUADOR,NINGUNA,5,1,1,MADRUGADA,ARMA_BLANCA
ZONA 3,TUNGURAHUA,AMBATO SUR,TUNGURAHUA,AMBATO,-1.26745,-78.60938,URBANO,CENTROS DE REHABILITACION SOCIAL,PRIVADO,DELINCUENCIA COMUN,AMENAZA,38,HOMBRE,MESTIZO/A,SOLTERO,ECUADOR,FISICA,6,1,7,MANANA,OTRAS
ZONA 1,SUCUMBIOS,SUCUMBIOS,SUCUMBIOS,CASCALES,0.08373814503684748,-77.12236089835699,RURAL,CASA/VILLA,PRIVADO,VIOLENCIA INTRAFAMILIAR,SENTIMENTAL,47,MUJER,MESTIZO/A,CASADO,ECUADOR,FISICA,2,0,10,MANANA,ARMA_CONTUNDENTE
ZONA 8,D.M. GUAYAQUIL,PORTETE,GUAYAS,GUAYAQUIL,-2.20663,-79.94528,URBANO,MAR,PUBLICO,DELINCUENCIA COMUN,AMENAZA,24,HOMBRE,MESTIZO/A,SOLTERO,ECUADOR,NINGUNA,4,0,6,MANANA,ARMA_BLANCA
ZONA 6,CANAR,LA TRONCAL,CANAR,LA TRONCAL,-2.48235,-79.45672,RURAL,VIA PUBLICA,PUBLICO,DELINCUENCIA COMUN,AMENAZA,26,HOMBRE,AFRO,SOLTERO,ECUADOR,NINGUNA,2,0,2,MADRUGADA,ARMA_CONTUNDENTE
ZONA 4,MANABI,EL CARMEN,MANABI,EL CARMEN,-0.79813,-79.62297,RURAL,CASA/VILLA,PRIVADO,VIOLENCIA INTRAFAMILIAR,MALTRATO,4,MUJER,MESTIZO/A,SOLTERO,ECUADOR,NINGUNA,4,0,18,NOCHE,OTRAS
ZONA 1,SUCUMBIOS,SHUSHUFINDI,SUCUMBIOS,SHUSHUFINDI,-0.188657376811288,-76.6461454781705,URBANO,VIA PUBLICA,PUBLICO,VIOLENCIA COMUNITARIA,RINAS,30,HOMBRE,MESTIZO/A,SOLTERO,ECUADOR,NINGUNA,3,0,0,MADRUGADA,ARMA_FUEGO
ZONA 5,GUAYAS,NARANJAL BALAO,GUAYAS,BALAO,-2.897986,-79.660245,RURAL,HACIENDAS,PRIVADO,VIOLENCIA COMUNITARIA,RINAS,25,HOMBRE,AFRO,SOLTERO,ECUADOR,NINGUNA,2,0,18,NOCHE,ARMA_CONTUNDENTE
ZONA 4,STO DGO DE LOS TSACHILAS,LA CONCORDIA,STO DGO DE LOS TSACHILAS,LA CONCORDIA,-0.04281,-79.49613,URBANO,VIA PUBLICA,PUBLICO,DELINCUENCIA COMUN,AMENAZA,62,HOMBRE,AFRO,SOLTERO,ECUADOR,NINGUNA,1,0,23,NOCHE,OTRAS
ZONA 8,D.M. GUAYAQUIL,PASCUALES,GUAYAS,GUAYAQUIL,-2.05309,-79.9436,URBANO,CENTROS DE REHABILITACION SOCIAL,PRIVADO,DELINCUENCIA COMUN,AMENAZA,54,HOMBRE,MESTIZO/A,CASADO,ECUADOR,NINGUNA,3,0,9,MANANA,ARMA_CONTUNDENTE
ZONA 8,D.M. GUAYAQUIL,ESTEROS,GUAYAS,GUAYAQUIL,-2.23652,-79.90585,URBANO,VIA PUBLICA,PUBLICO,DELINCUENCIA COMUN,AMENAZA,30,HOMBRE,MESTIZO/A,SOLTERO,ECUADOR,NINGUNA,6,1,5,MADRUGADA,ARMA_CONTUNDENTE
ZONA 5,GUAYAS,DAULE,GUAYAS,DAULE,-1.86373,-79.98326,URBANO,RIO,PUBLICO,DELINCUENCIA COMUN,TRAFICO INTERNO DE DROGAS (MICROTRAFICO),24,HOMBRE,MESTIZO/A,SOLTERO,ECUADOR,NINGUNA,6,1,17,TARDE,ARMA_FUEGO
ZONA 1,SUCUMBIOS,LAGO AGRIO,SUCUMBIOS,LAGO AGRIO,0.09307899999999987,-76.87666299999998,URBANO,VIA PUBLICA,PUBLICO,DELINCUENCIA COMUN,DEFENSA PROPIA,37,HOMBRE,MESTIZO/A,CASADO,ECUADOR,NINGUNA,0,0,11,MANANA,ARMA_FUEGO
ZONA 5,LOS RIOS,BABAHOYO,LOS RIOS,BABAHOYO,-1.86081,-79.62649,RURAL,VIA PUBLICA,PUBLICO,DELINCUENCIA COMUN,AMENAZA,46,HOMBRE,MESTIZO/A,SOLTERO,ECUADOR,NINGUNA,5,1,20,NOCHE,ARMA_FUEGO
ZONA 5,GUAYAS,YAGUACHI,GUAYAS,SAN JACINTO DE YAGUACHI,-2.22287,-79.67876,RURAL,VIA PUBLICA,PUBLICO,DELINCUENCIA COMUN,ROBO DE CARROS,25,HOMBRE,MESTIZO/A,SOLTERO,ECUADOR,NINGUNA,1,0,9,MANANA,ARMA_FUEGO
ZONA 7,EL ORO,MACHALA,EL ORO,MACHALA,-3.2641,-79.96379,URBANO,CENTROS DE REHABILITACION SOCIAL,PRIVADO,DELINCUENCIA COMUN,AMENAZA,41,HOMBRE,AFRO,SOLTERO,ECUADOR,NINGUNA,6,1,18,NOCHE,OTRAS
ZONA 7,ZAMORA CHINCHIPE,PAQUISHA,ZAMORA CHINCHIPE,PAQUISHA,-4.04215,-78.59668,RURAL,VIA PUBLICA,PUBLICO,VIOLENCIA COMUNITARIA,RINAS,34,HOMBRE,MESTIZO/A,SOLTERO,PERU,NINGUNA,5,1,21,NOCHE,ARMA_BLANCA
ZONA 7,EL ORO,MACHALA,EL ORO,MACHALA,-3.28836,-79.90291,URBANO,VIA PUBLICA,PUBLICO,DELINCUENCIA COMUN,TRAFICO INTERNO DE DROGAS (MICROTRAFICO),54,HOMBRE,MESTIZO/A,CASADO,ECUADOR,NINGUNA,1,0,20,NOCHE,ARMA_FUEGO
ZONA 8,D.M. GUAYAQUIL,FLORIDA,GUAYAS,GUAYAQUIL,-2.15489574046118,-79.9366992115756,URBANO,VIA PUBLICA,PUBLICO,DELINCUENCIA COMUN,AMENAZA,30,HOMBRE,MESTIZO/A,SOLTERO,ECUADOR,NINGUNA,4,0,13,TARDE,ARMA_FUEGO
ZONA 3,COTOPAXI,PANGUA,COTOPAXI,PANGUA,-1.17296,-79.2218,URBANO,VIA PUBLICA,PUBLICO,VIOLENCIA COMUNITARIA,RINAS,40,HOMBRE,MESTIZO/A,SOLTERO,ECUADOR,NINGUNA,5,1,1,MADRUGADA,ARMA_BLANCA
ZONA 8,D.M. GUAYAQUIL,ESTEROS,GUAYAS,GUAYAQUIL,-2.24952,-79.90896,URBANO,CASA/VILLA,PRIVADO,DELINCUENCIA COMUN,AMENAZA,21,HOMBRE,AFRO,SOLTERO,ECUADOR,NINGUNA,5,1,19,NOCHE,ARMA_FUEGO
ZONA 5,LOS RIOS,QUEVEDO,LOS RIOS,QUEVEDO,-1.04101,-79.48215,URBANO,VIA PUBLICA,PUBLICO,DELINCUENCIA COMUN,AMENAZA,18,HOMBRE,MESTIZO/A,SOLTERO,ECUADOR,NINGUNA,0,0,20,NOCHE,ARMA_FUEGO
ZONA 7,EL ORO,HUAQUILLAS,EL ORO,HUAQUILLAS,-3.47918,-80.23606,URBANO,VIA PUBLICA,PUBLICO,DELINCUENCIA COMUN,AMENAZA,27,HOMBRE,MESTIZO/A,CASADO,ECUADOR,NINGUNA,1,0,23,NOCHE,ARMA_FUEGO
ZONA 4,STO DGO DE LOS TSACHILAS,SANTO DOMINGO ESTE,STO DGO DE LOS TSACHILAS,SANTO DOMINGO,-0.30594,-79.18607,RURAL,CENTROS DE REHABILITACION SOCIAL,PRIVADO,DELINCUENCIA COMUN,AMENAZA,26,HOMBRE,MESTIZO/A,SOLTERO,ECUADOR,NINGUNA,2,0,5,MADRUGADA,OTRAS
ZONA 8,D.M. GUAYAQUIL,PASCUALES,GUAYAS,GUAYAQUIL,-1.98425,-79.98384,URBANO,VIA PUBLICA,PUBLICO,DELINCUENCIA COMUN,AMENAZA,35,HOMBRE,MESTIZO/A,SOLTERO,ECUADOR,NINGUNA,6,1,16,TARDE,ARMA_BLANCA
ZONA 4,MANABI,MANTA,MANABI,MANTA,-0.98139,-80.71441,URBANO,VIA PUBLICA,PUBLICO,DELINCUENCIA COMUN,AMENAZA,17,HOMBRE,MESTIZO/A,SOLTERO,ECUADOR,NINGUNA,4,0,2,MADRUGADA,ARMA_FUEGO
ZONA 1,ESMERALDAS,ESMERALDAS,ESMERALDAS,ESMERALDAS,0.91232,-79.691862,URBANO,VIA PUBLICA,PUBLICO,VIOLENCIA COMUNITARIA,ACTOS DE ODIO,44,HOMBRE,AFRO,SOLTERO,ECUADOR,NINGUNA,6,1,2,MADRUGADA,ARMA_FUEGO
ZONA 4,MANABI,MANTA,MANABI,MANTA,-0.9417,-80.73095,URBANO,CENTROS COMERCIALES,PRIVADO,TRANSNACIONAL,TRAFICO INTERNACIONAL DE DROGA,39,HOMBRE,MESTIZO/A,SOLTERO,ECUADOR,NINGUNA,0,0,17,TARDE,ARMA_FUEGO
ZONA 7,EL ORO,MACHALA,EL ORO,MACHALA,-3.30334,-79.86609,RURAL,VIA PUBLICA,PUBLICO,DELINCUENCIA COMUN,AMENAZA,34,HOMBRE,MESTIZO/A,SOLTERO,ECUADOR,NINGUNA,1,0,22,NOCHE,ARMA_BLANCA
ZONA 5,GUAYAS,PLAYAS,GUAYAS,PLAYAS,-2.63591,-80.39673,URBANO,VIA PUBLICA,PUBLICO,VIOLENCIA COMUNITARIA,RINAS,56,HOMBRE,MESTIZO/A,DIVORCIADO,ECUADOR,NINGUNA,6,1,19,NOCHE,ARMA_BLANCA
ZONA 8,D.M. GUAYAQUIL,ESTEROS,GUAYAS,GUAYAQUIL,-2.23655001713497,-79.9323572963476,URBANO,TRANSPORTE PUBLICO,PUBLICO,DELINCUENCIA COMUN,ROBO A PERSONAS,53,HOMBRE,MESTIZO/A,SOLTERO,ECUADOR,NINGUNA,5,1,21,NOCHE,ARMA_FUEGO
ZONA 7,ZAMORA CHINCHIPE,ZAMORA,ZAMORA CHINCHIPE,ZAMORA,-3.91873,-78.82611,RURAL,CASA/VILLA,PRIVADO,VIOLENCIA COMUNITARIA,RINAS,21,HOMBRE,MESTIZO/A,SOLTERO,ECUADOR,NINGUNA,6,1,7,MANANA,OTRAS
ZONA 9,D.M. QUITO,MANUELA SAENZ,PICHINCHA,QUITO,-0.21452,-78.49745,URBANO,HOSPITALES,PRIVADO,DELINCUENCIA COMUN,AMENAZA,55,HOMBRE,MESTIZO/A,CASADO,ECUADOR,NINGUNA,6,1,21,NOCHE,ARMA_CONTUNDENTE
ZONA 2,ORELLANA,ORELLANA LORETO,ORELLANA,FRANCISCO DE ORELLANA,-0.42906,-77.00888,RURAL,CASA/VILLA,PRIVADO,DELINCUENCIA COMUN,AMENAZA,20,HOMBRE,MESTIZO/A,SOLTERO,ECUADOR,NINGUNA,0,0,3,MADRUGADA,ARMA_CONTUNDENTE
ZONA 5,GUAYAS,JUJAN SIMON BOLIVAR,GUAYAS,ALFREDO BAQUERIZO MORENO (JUJAN),-1.91515846999999,-79.61930207999998,RURAL,CASA/VILLA,PRIVADO,DELINCUENCIA COMUN,ROBO A DOMICILIOS,79,MUJER,MONTUBIO/A,CASADO,ECUADOR,NINGUNA,5,1,17,TARDE,ARMA_CONTUNDENTE
ZONA 6,CANAR,AZOGUES,CANAR,AZOGUES,-2.79784,-78.88751,RURAL,VIA PUBLICA,PUBLICO,DELINCUENCIA COMUN,AMENAZA,29,HOMBRE,MESTIZO/A,CASADO,ECUADOR,NINGUNA,1,0,2,MADRUGADA,ARMA_CONTUNDENTE
ZONA 5,LOS RIOS,VINCES,LOS RIOS,PALENQUE,-1.44906,-79.81141,RURAL,TERRENO BALDIO,PUBLICO,DELINCUENCIA COMUN,AMENAZA,17,HOMBRE,MESTIZO/A,SOLTERO,ECUADOR,NINGUNA,3,0,16,TARDE,ARMA_BLANCA
ZONA 7,EL ORO,MACHALA,EL ORO,MACHALA,-3.263574,-79.995591,URBANO,VIA PUBLICA,PUBLICO,DELINCUENCIA COMUN,AMENAZA,20,HOMBRE,MESTIZO/A,SOLTERO,ECUADOR,NINGUNA,5,1,20,NOCHE,ARMA_FUEGO
ZONA 6,CANAR,LA TRONCAL,CANAR,LA TRONCAL,-2.50887,-79.49187,RURAL,VIA PUBLICA,PUBLICO,DELINCUENCIA COMUN,ROBO A PERSONAS,42,HOMBRE,MESTIZO/A,SOLTERO,ECUADOR,NINGUNA,6,1,1,MADRUGADA,ARMA_BLANCA
ZONA 7,EL ORO,SANTA ROSA,EL ORO,SANTA ROSA,-3.4296975,-79.9983986,RURAL,MAR,PUBLICO,DELINCUENCIA COMUN,ROBO A UNIDADES ECONOMICAS,40,HOMBRE,MESTIZO/A,SOLTERO,ECUADOR,NINGUNA,1,0,19,NOCHE,ARMA_FUEGO
ZONA 8,D.M. GUAYAQUIL,PASCUALES,GUAYAS,GUAYAQUIL,-2.0678,-79.92983,URBANO,RESTAURANTE,PRIVADO,DELINCUENCIA COMUN,AMENAZA,36,MUJER,MESTIZO/A,SOLTERO,ECUADOR,NINGUNA,6,1,12,TARDE,ARMA_FUEGO
ZONA 3,PASTAZA,PASTAZA,PASTAZA,PASTAZA,-1.50305,-78.01473,URBANO,VIA PUBLICA,PUBLICO,VIOLENCIA COMUNITARIA,RINAS,46,HOMBRE,MESTIZO/A,SOLTERO,ECUADOR,NINGUNA,3,0,5,MADRUGADA,ARMA_BLANCA
ZONA 8,D.M. GUAYAQUIL,DURAN,GUAYAS,DURAN,-2.15585,-79.83719,URBANO,VIA PUBLICA,PUBLICO,DELINCUENCIA COMUN,AMENAZA,37,HOMBRE,MESTIZO/A,SOLTERO,ECUADOR,NINGUNA,5,1,10,MANANA,ARMA_FUEGO
ZONA 5,LOS RIOS,BABAHOYO,LOS RIOS,BABAHOYO,-1.96667,-79.31194,RURAL,VIA PUBLICA,PUBLICO,VIOLENCIA COMUNITARIA,RINAS,37,HOMBRE,MESTIZO/A,SOLTERO,ECUADOR,NINGUNA,6,1,16,TARDE,ARMA_BLANCA
ZONA 8,D.M. GUAYAQUIL,FLORIDA,GUAYAS,GUAYAQUIL,-2.15318,-79.9313,URBANO,VIA PUBLICA,PUBLICO,VIOLENCIA COMUNITARIA,RINAS,22,HOMBRE,MESTIZO/A,SOLTERO,ECUADOR,NINGUNA,5,1,23,NOCHE,ARMA_BLANCA
ZONA 5,LOS RIOS,PUEBLO VIEJO,LOS RIOS,PUEBLOVIEJO,-1.67813,-79.53015,RURAL,VIA PUBLICA,PUBLICO,TRANSNACIONAL,SECUESTRO,25,HOMBRE,MESTIZO/A,SOLTERO,ECUADOR,NINGUNA,2,0,15,TARDE,OTRAS
ZONA 1,ESMERALDAS,ESMERALDAS,ESMERALDAS,ESMERALDAS,0.96522,-79.65897,URBANO,CASA/VILLA,PRIVADO,DELINCUENCIA COMUN,AMENAZA,50,HOMBRE,MESTIZO/A,SOLTERO,ECUADOR,NINGUNA,0,0,4,MADRUGADA,ARMA_BLANCA
ZONA 6,MORONA SANTIAGO,CENTRO SUR,MORONA SANTIAGO,SUCUA,-2.43894,-78.16864,RURAL,TERRENO BALDIO,PUBLICO,DELINCUENCIA COMUN,TRAFICO INTERNO DE DROGAS (MICROTRAFICO),40,MUJER,INDIGENA,SOLTERO,ECUADOR,NINGUNA,5,1,0,MADRUGADA,ARMA_BLANCA
ZONA 5,LOS RIOS,BABAHOYO,LOS RIOS,BABAHOYO,-1.86346,-79.43165,RURAL,VIA PUBLICA,PUBLICO,DELINCUENCIA COMUN,ROBO A PERSONAS,45,HOMBRE,MESTIZO/A,SOLTERO,ECUADOR,NINGUNA,0,0,15,TARDE,ARMA_FUEGO
ZONA 1,ESMERALDAS,ATACAMES,ESMERALDAS,ATACAMES,0.81167,-79.94566,URBANO,VIA PUBLICA,PUBLICO,DELINCUENCIA COMUN,AMENAZA,24,HOMBRE,MESTIZO/A,SOLTERO,ECUADOR,NINGUNA,6,1,21,NOCHE,ARMA_CONTUNDENTE
ZONA 8,D.M. GUAYAQUIL,FLORIDA,GUAYAS,GUAYAQUIL,-2.17889,-79.92766,URBANO,CASA/VILLA,PRIVADO,VIOLENCIA COMUNITARIA,ACTOS DE ODIO,73,HOMBRE,MESTIZO/A,VIUDO,ECUADOR,NINGUNA,4,0,19,NOCHE,ARMA_BLANCA
ZONA 8,D.M. GUAYAQUIL,NUEVA PROSPERINA,GUAYAS,GUAYAQUIL,-2.09979,-79.96048,URBANO,VIA PUBLICA,PUBLICO,DELINCUENCIA COMUN,AMENAZA,46,HOMBRE,MESTIZO/A,SOLTERO,ECUADOR,NINGUNA,0,0,18,NOCHE,ARMA_FUEGO
ZONA 1,SUCUMBIOS,LAGO AGRIO,SUCUMBIOS,LAGO AGRIO,0.09058348922622601,-76.8884718545563,URBANO,VIA PUBLICA,PUBLICO,VIOLENCIA COMUNITARIA,RINAS,24,HOMBRE,MESTIZO/A,SOLTERO,ECUADOR,NINGUNA,1,0,5,MADRUGADA,ARMA_FUEGO
ZONA 5,LOS RIOS,VENTANAS,LOS RIOS,VENTANAS,-1.5016,-79.47323,RURAL,RIO,PUBLICO,DELINCUENCIA COMUN,ROBO A PERSONAS,24,HOMBRE,MESTIZO/A,SOLTERO,ECUADOR,NINGUNA,0,0,10,MANANA,OTRAS
ZONA 5,GUAYAS,NARANJITO MARCELINO MARIDUENA,GUAYAS,NARANJITO,-2.12004,-79.35117,RURAL,FINCA,PRIVADO,VIOLENCIA COMUNITARIA,LINCHAMIENTO,29,HOMBRE,MESTIZO/A,SOLTERO,ECUADOR,NINGUNA,0,0,18,NOCHE,OTRAS
ZONA 9,D.M. QUITO,EUGENIO ESPEJO,PICHINCHA,QUITO,-0.15226,-78.47248,URBANO,CENTROS DE REHABILITACION SOCIAL,PRIVADO,VIOLENCIA COMUNITARIA,RINAS,56,HOMBRE,MESTIZO/A,SOLTERO,ECUADOR,NINGUNA,5,1,23,NOCHE,OTRAS
ZONA 3,TUNGURAHUA,AMBATO NORTE,TUNGURAHUA,AMBATO,-1.25794,-78.63479,URBANO,VIA PUBLICA,PUBLICO,VIOLENCIA COMUNITARIA,RINAS,40,HOMBRE,MESTIZO/A,CASADO,ECUADOR,NINGUNA,6,1,0,MADRUGADA,ARMA_BLANCA
ZONA 1,CARCHI,TULCAN,CARCHI,TULCAN,0.84154,-77.72545,RURAL,TERRENO BALDIO,PUBLICO,VIOLENCIA INTRAFAMILIAR,MALTRATO,11,MUJER,MESTIZO/A,SOLTERO,ECUADOR,NINGUNA,6,1,23,NOCHE,OTRAS
ZONA 4,MANABI,EL CARMEN,MANABI,EL CARMEN,-0.5562,-79.57179,RURAL,TERRENO BALDIO,PUBLICO,VIOLENCIA INTRAFAMILIAR,SENTIMENTAL,58,MUJER,MESTIZO/A,SOLTERO,ECUADOR,NINGUNA,1,0,0,MADRUGADA,ARMA_BLANCA
ZONA 7,EL ORO,PASAJE,EL ORO,EL GUABO,-3.1283435,-79.8526729,RURAL,VIA PUBLICA,PUBLICO,DELINCUENCIA COMUN,AMENAZA,39,HOMBRE,MESTIZO/A,CASADO,ECUADOR,NINGUNA,3,0,6,MANANA,ARMA_FUEGO
ZONA 8,D.M. GUAYAQUIL,NUEVA PROSPERINA,GUAYAS,GUAYAQUIL,-2.10597,-79.96515,URBANO,VIA PUBLICA,PUBLICO,DELINCUENCIA COMUN,AMENAZA,20,MUJER,MESTIZO/A,SOLTERO,ECUADOR,NINGUNA,6,1,18,NOCHE,ARMA_CONTUNDENTE
ZONA 9,D.M. QUITO,QUITUMBE,PICHINCHA,QUITO,-0.2787299999999989,-78.58437999999998,URBANO,VIA PUBLICA,PUBLICO,VIOLENCIA COMUNITARIA,LINCHAMIENTO,44,HOMBRE,MESTIZO/A,SOLTERO,ECUADOR,NINGUNA,2,0,20,NOCHE,ARMA_CONTUNDENTE
ZONA 7,EL ORO,MACHALA,EL ORO,MACHALA,-3.24244,-79.95276,URBANO,CASA/VILLA,PRIVADO,DELINCUENCIA COMUN,AMENAZA,72,HOMBRE,MESTIZO/A,CASADO,ECUADOR,NINGUNA,2,0,21,NOCHE,ARMA_CONTUNDENTE
ZONA 8,D.M. GUAYAQUIL,DURAN,GUAYAS,DURAN,-2.15858,-79.80181,URBANO,VIA PUBLICA,PUBLICO,DELINCUENCIA COMUN,TRAFICO INTERNO DE DROGAS (MICROTRAFICO),38,HOMBRE,MESTIZO/A,SOLTERO,ECUADOR,NINGUNA,0,0,21,NOCHE,ARMA_FUEGO
ZONA 8,D.M. GUAYAQUIL,PORTETE,GUAYAS,GUAYAQUIL,-2.20487,-79.91391,URBANO,CASA/VILLA,PRIVADO,VIOLENCIA INTRAFAMILIAR,SENTIMENTAL,44,MUJER,MESTIZO/A,SOLTERO,ECUADOR,NINGUNA,5,1,12,TARDE,OTRAS
ZONA 9,D.M. QUITO,EUGENIO ESPEJO,PICHINCHA,QUITO,-0.1725935,-78.4893047,URBANO,HOSPITALES,PRIVADO,VIOLENCIA COMUNITARIA,RINAS,67,HOMBRE,OTROS,CASADO,VENEZUELA,NINGUNA,2,0,18,NOCHE,ARMA_CONTUNDENTE
ZONA 5,GUAYAS,MILAGRO,GUAYAS,MILAGRO,-2.11879999999999,-79.588334,URBANO,VIA PUBLICA,PUBLICO,DELINCUENCIA COMUN,AMENAZA,26,MUJER,MESTIZO/A,SOLTERO,ECUADOR,NINGUNA,6,1,20,NOCHE,ARMA_FUEGO
ZONA 8,D.M. GUAYAQUIL,SUR - DMG,GUAYAS,GUAYAQUIL,-2.25340443291009,-79.8753740788379,URBANO,VIA PUBLICA,PUBLICO,DELINCUENCIA COMUN,AMENAZA,38,HOMBRE,MESTIZO/A,SOLTERO,ECUADOR,NINGUNA,3,0,9,MANANA,ARMA_FUEGO
ZONA 8,D.M. GUAYAQUIL,DURAN,GUAYAS,DURAN,-2.18002,-79.81632,URBANO,CASA/VILLA,PRIVADO,VIOLENCIA COMUNITARIA,RINAS,38,MUJER,MESTIZO/A,SOLTERO,ECUADOR,NINGUNA,6,1,5,MADRUGADA,ARMA_BLANCA
ZONA 8,D.M. GUAYAQUIL,ESTEROS,GUAYAS,GUAYAQUIL,-2.23545,-79.91245,URBANO,CASA/VILLA,PRIVADO,DELINCUENCIA COMUN,AMENAZA,50,HOMBRE,MESTIZO/A,SOLTERO,ECUADOR,INTELECTUAL,2,0,13,TARDE,ARMA_FUEGO
ZONA 5,LOS RIOS,PUEBLO VIEJO,LOS RIOS,PUEBLOVIEJO,-1.62861,-79.56708,RURAL,FINCA,PRIVADO,DELINCUENCIA COMUN,AMENAZA,21,HOMBRE,MESTIZO/A,SOLTERO,ECUADOR,NINGUNA,5,1,21,NOCHE,ARMA_BLANCA
ZONA 3,TUNGURAHUA,AMBATO SUR,TUNGURAHUA,AMBATO,-1.23783,-78.62093,URBANO,CASA/VILLA,PRIVADO,VIOLENCIA COMUNITARIA,RINAS,24,HOMBRE,MESTIZO/A,SOLTERO,ECUADOR,NINGUNA,3,0,5,MADRUGADA,ARMA_BLANCA
ZONA 8,D.M. GUAYAQUIL,SUR - DMG,GUAYAS,GUAYAQUIL,-2.257842,-79.87973499999998,URBANO,VIA PUBLICA,PUBLICO,VIOLENCIA COMUNITARIA,RINAS,32,HOMBRE,MESTIZO/A,SOLTERO,ECUADOR,NINGUNA,6,1,19,NOCHE,ARMA_FUEGO
ZONA 6,AZUAY,CUENCA NORTE,AZUAY,CUENCA,-2.88094,-78.94755,URBANO,RIO,PUBLICO,DELINCUENCIA COMUN,AMENAZA,56,HOMBRE,MESTIZO/A,CASADO,ECUADOR,NINGUNA,6,1,12,TARDE,OTRAS
ZONA 8,D.M. GUAYAQUIL,MODELO,GUAYAS,GUAYAQUIL,-2.13253,-79.89385,URBANO,CASA/VILLA,PRIVADO,DELINCUENCIA COMUN,AMENAZA,49,MUJER,MESTIZO/A,CASADO,ECUADOR,NINGUNA,0,0,20,NOCHE,ARMA_BLANCA
ZONA 5,SANTA ELENA,SANTA ELENA,SANTA ELENA,SANTA ELENA,-2.2309,-80.77253,URBANO,VIA PUBLICA,PUBLICO,DELINCUENCIA COMUN,AMENAZA,17,HOMBRE,MESTIZO/A,SOLTERO,ECUADOR,NINGUNA,5,1,23,NOCHE,ARMA_BLANCA
ZONA 8,D.M. GUAYAQUIL,ESTEROS,GUAYAS,GUAYAQUIL,-2.2364492,-79.90682669999998,URBANO,VIA PUBLICA,PUBLICO,VIOLENCIA COMUNITARIA,RINAS,27,HOMBRE,MESTIZO/A,SOLTERO,ECUADOR,NINGUNA,6,1,9,MANANA,ARMA_CONTUNDENTE
ZONA 3,COTOPAXI,LATACUNGA,COTOPAXI,LATACUNGA,-0.8729,-78.6313,RURAL,CENTROS DE REHABILITACION SOCIAL,PRIVADO,VIOLENCIA COMUNITARIA,RINAS,22,HOMBRE,MESTIZO/A,SOLTERO,ECUADOR,NINGUNA,4,0,15,TARDE,ARMA_CONTUNDENTE
ZONA 9,D.M. QUITO,EUGENIO ESPEJO,PICHINCHA,QUITO,-0.19717,-78.49323,URBANO,OTROS LOCALES COMERCIALES,PRIVADO,DELINCUENCIA COMUN,ROBO A PERSONAS,51,HOMBRE,MESTIZO/A,CASADO,ECUADOR,NINGUNA,2,0,23,NOCHE,ARMA_CONTUNDENTE
ZONA 5,LOS RIOS,BABAHOYO,LOS RIOS,BABAHOYO,-1.88089,-79.48479,URBANO,VIA PUBLICA,PUBLICO,DELINCUENCIA COMUN,AMENAZA,26,MUJER,MESTIZO/A,SOLTERO,ECUADOR,NINGUNA,6,1,1,MADRUGADA,OTRAS
ZONA 1,CARCHI,MONTUFAR,CARCHI,MONTUFAR,0.59367,-77.83186,URBANO,VIA PUBLICA,PUBLICO,VIOLENCIA COMUNITARIA,RINAS,31,HOMBRE,MESTIZO/A,SOLTERO,COLOMBIA,NINGUNA,6,1,3,MADRUGADA,ARMA_BLANCA
ZONA 9,D.M. QUITO,QUITUMBE,PICHINCHA,QUITO,-0.320566645063795,-78.56397723779078,URBANO,TERRENO BALDIO,PUBLICO,VIOLENCIA INTRAFAMILIAR,SENTIMENTAL,23,MUJER,MESTIZO/A,SOLTERO,ECUADOR,NINGUNA,1,0,20,NOCHE,ARMA_CONTUNDENTE
ZONA 2,ORELLANA,ORELLANA LORETO,ORELLANA,LORETO,-0.71861,-77.31332,RURAL,BOSQUE Y RESERVAS ECOLOGICAS,PUBLICO,DELINCUENCIA COMUN,ROBO DE CARROS,32,HOMBRE,MESTIZO/A,SOLTERO,ECUADOR,NINGUNA,6,1,18,NOCHE,OTRAS
ZONA 2,PICHINCHA,NOROCCIDENTE,PICHINCHA,PEDRO VICENTE MALDONADO,0.0923423814357609,-79.05138775706291,RURAL,FINCA,PRIVADO,DELINCUENCIA COMUN,AMENAZA,62,MUJER,MESTIZO/A,CASADO,ECUADOR,NINGUNA,3,0,23,NOCHE,ARMA_CONTUNDENTE
ZONA 4,STO DGO DE LOS TSACHILAS,SANTO DOMINGO ESTE,STO DGO DE LOS TSACHILAS,SANTO DOMINGO,-0.50167,-79.37867,RURAL,FINCA,PRIVADO,DELINCUENCIA COMUN,AMENAZA,36,HOMBRE,MESTIZO/A,SOLTERO,ECUADOR,NINGUNA,4,0,19,NOCHE,ARMA_BLANCA
ZONA 1,SUCUMBIOS,LAGO AGRIO,SUCUMBIOS,LAGO AGRIO,0.0813786514541341,-76.9165155667953,URBANO,VIA PUBLICA,PUBLICO,DELINCUENCIA COMUN,ROBO A PERSONAS,60,HOMBRE,MESTIZO/A,CASADO,ECUADOR,NINGUNA,2,0,16,TARDE,ARMA_FUEGO
ZONA 8,D.M. GUAYAQUIL,NUEVA PROSPERINA,GUAYAS,GUAYAQUIL,-2.11715,-79.95684,URBANO,VIA PUBLICA,PUBLICO,TRANSNACIONAL,SECUESTRO,67,HOMBRE,MESTIZO/A,CASADO,ECUADOR,NINGUNA,0,0,20,NOCHE,OTRAS
ZONA 7,EL ORO,PASAJE,EL ORO,EL GUABO,-3.105537,-79.747279,RURAL,FINCA,PRIVADO,DELINCUENCIA COMUN,AMENAZA,34,HOMBRE,MESTIZO/A,SOLTERO,ECUADOR,NINGUNA,5,1,13,TARDE,ARMA_FUEGO
ZONA 9,D.M. QUITO,MANUELA SAENZ,PICHINCHA,QUITO,-0.2066,-78.52079,URBANO,CASA/VILLA,PRIVADO,DELINCUENCIA COMUN,AMENAZA,32,HOMBRE,MESTIZO/A,SOLTERO,ECUADOR,NINGUNA,6,1,22,NOCHE,ARMA_BLANCA
ZONA 8,D.M. GUAYAQUIL,PASCUALES,GUAYAS,GUAYAQUIL,-2.05309,-79.9436,URBANO,CENTROS DE REHABILITACION SOCIAL,PRIVADO,DELINCUENCIA COMUN,AMENAZA,28,HOMBRE,MESTIZO/A,SOLTERO,ECUADOR,NINGUNA,2,0,23,NOCHE,OTRAS
ZONA 7,EL ORO,MACHALA,EL ORO,MACHALA,-3.26800485498919,-79.9653169512749,URBANO,VIA PUBLICA,PUBLICO,VIOLENCIA COMUNITARIA,RINAS,22,HOMBRE,MESTIZO/A,SOLTERO,ECUADOR,NINGUNA,3,0,18,NOCHE,ARMA_FUEGO
ZONA 5,GUAYAS,NARANJAL BALAO,GUAYAS,NARANJAL,-2.67133441683502,-79.6285840016441,URBANO,VIA PUBLICA,PUBLICO,VIOLENCIA COMUNITARIA,RINAS,23,HOMBRE,MESTIZO/A,SOLTERO,ECUADOR,NINGUNA,6,1,6,MANANA,ARMA_FUEGO
ZONA 3,COTOPAXI,LATACUNGA,COTOPAXI,LATACUNGA,-0.80095,-78.58287,RURAL,CASA/VILLA,PRIVADO,VIOLENCIA INTRAFAMILIAR,SENTIMENTAL,19,MUJER,MESTIZO/A,SOLTERO,ECUADOR,NINGUNA,1,0,10,MANANA,OTRAS
ZONA 8,D.M. GUAYAQUIL,PASCUALES,GUAYAS,GUAYAQUIL,-2.05371,-79.94343,URBANO,CENTROS DE REHABILITACION SOCIAL,PRIVADO,VIOLENCIA COMUNITARIA,RINAS,30,HOMBRE,MULATO/A,SOLTERO,ECUADOR,PSICOLOGICA,1,0,22,NOCHE,OTRAS
ZONA 1,CARCHI,TULCAN,CARCHI,TULCAN,0.65891,-77.68595,RURAL,TERRENO BALDIO,PUBLICO,VIOLENCIA INTRAFAMILIAR,MALTRATO,16,MUJER,MESTIZO/A,SOLTERO,ECUADOR,NINGUNA,3,0,1,MADRUGADA,OTRAS
ZONA 7,EL ORO,MACHALA,EL ORO,MACHALA,-3.26412,-79.96377,URBANO,CENTROS DE REHABILITACION SOCIAL,PRIVADO,DELINCUENCIA COMUN,AMENAZA,21,HOMBRE,MESTIZO/A,SOLTERO,ECUADOR,NINGUNA,6,1,16,TARDE,OTRAS
ZONA 9,D.M. QUITO,LOS CHILLOS,PICHINCHA,QUITO,-0.34346,-78.46711,URBANO,VIA PUBLICA,PUBLICO,DELINCUENCIA COMUN,ROBO A PERSONAS,56,HOMBRE,MESTIZO/A,CASADO,ECUADOR,NINGUNA,1,0,20,NOCHE,OTRAS
ZONA 4,STO DGO DE LOS TSACHILAS,SANTO DOMINGO OESTE,STO DGO DE LOS TSACHILAS,SANTO DOMINGO,-0.25867385543956,-79.38542780450099,RURAL,VIA PUBLICA,PUBLICO,DELINCUENCIA COMUN,ROBO A PERSONAS,48,HOMBRE,MESTIZO/A,SOLTERO,ECUADOR,NINGUNA,6,1,12,TARDE,ARMA_CONTUNDENTE
ZONA 5,LOS RIOS,PUEBLO VIEJO,LOS RIOS,PUEBLOVIEJO,-1.47378,-79.50939,RURAL,VIA PUBLICA,PUBLICO,DELINCUENCIA COMUN,AMENAZA,16,HOMBRE,MESTIZO/A,SOLTERO,ECUADOR,NINGUNA,5,1,7,MANANA,ARMA_BLANCA
ZONA 6,CANAR,LA TRONCAL,CANAR,LA TRONCAL,-2.43078,-79.42549,RURAL,VIA PUBLICA,PUBLICO,DELINCUENCIA COMUN,AMENAZA,52,HOMBRE,MESTIZO/A,SOLTERO,ECUADOR,NINGUNA,0,0,21,NOCHE,OTRAS
ZONA 4,STO DGO DE LOS TSACHILAS,SANTO DOMINGO OESTE,STO DGO DE LOS TSACHILAS,SANTO DOMINGO,-0.24229,-79.187,URBANO,VIA PUBLICA,PUBLICO,DELINCUENCIA COMUN,AMENAZA,31,HOMBRE,MESTIZO/A,SOLTERO,ECUADOR,NINGUNA,2,0,17,TARDE,ARMA_FUEGO
ZONA 5,LOS RIOS,BABAHOYO,LOS RIOS,BABA,-1.67164589840247,-79.7044737328542,RURAL,HACIENDAS,PRIVADO,VIOLENCIA INTRAFAMILIAR,MALTRATO,27,HOMBRE,MONTUBIO/A,SOLTERO,ECUADOR,NINGUNA,6,1,0,MADRUGADA,ARMA_FUEGO
ZONA 8,D.M. GUAYAQUIL,NUEVA PROSPERINA,GUAYAS,GUAYAQUIL,-2.11965,-79.96277,URBANO,VIA PUBLICA,PUBLICO,DELINCUENCIA COMUN,AMENAZA,33,HOMBRE,AFRO,SOLTERO,ECUADOR,NINGUNA,4,0,17,TARDE,ARMA_BLANCA
ZONA 5,GUAYAS,NARANJAL BALAO,GUAYAS,BALAO,-2.83075,-79.70756,RURAL,RIO,PUBLICO,DELINCUENCIA COMUN,AMENAZA,33,HOMBRE,MESTIZO/A,CASADO,ECUADOR,NINGUNA,5,1,1,MADRUGADA,ARMA_BLANCA
ZONA 4,MANABI,PEDERNALES,MANABI,PEDERNALES,0.08672,-80.05161,URBANO,VIA PUBLICA,PUBLICO,DELINCUENCIA COMUN,TRAFICO INTERNO DE DROGAS (MICROTRAFICO),24,HOMBRE,MESTIZO/A,SOLTERO,ECUADOR,NINGUNA,1,0,8,MANANA,ARMA_BLANCA
ZONA 2,PICHINCHA,CAYAMBE,PICHINCHA,CAYAMBE,0.11184,-78.17078,RURAL,BOSQUE Y RESERVAS ECOLOGICAS,PUBLICO,VIOLENCIA COMUNITARIA,ACTOS DE ODIO,32,MUJER,MESTIZO/A,CASADO,ECUADOR,NINGUNA,4,0,6,MANANA,OTRAS
ZONA 9,D.M. QUITO,QUITUMBE,PICHINCHA,QUITO,-0.29349,-78.56455,URBANO,VIA PUBLICA,PUBLICO,DELINCUENCIA COMUN,ROBO A PERSONAS,30,HOMBRE,MESTIZO/A,SOLTERO,ECUADOR,NINGUNA,6,1,2,MADRUGADA,OTRAS
ZONA 4,STO DGO DE LOS TSACHILAS,SANTO DOMINGO ESTE,STO DGO DE LOS TSACHILAS,SANTO DOMINGO,-0.3888,-79.32906,URBANO,GASOLINERAS,PRIVADO,DELINCUENCIA COMUN,AMENAZA,40,HOMBRE,MESTIZO/A,SOLTERO,ECUADOR,NINGUNA,2,0,5,MADRUGADA,OTRAS
ZONA 6,MORONA SANTIAGO,MENDEZ,MORONA SANTIAGO,TIWINTZA,-2.83863,-77.60902,RURAL,FINCA,PRIVADO,DELINCUENCIA COMUN,AMENAZA,3,MUJER,INDIGENA,SOLTERO,ECUADOR,NINGUNA,4,0,13,TARDE,OTRAS
ZONA 2,PICHINCHA,NOROCCIDENTE,PICHINCHA,PUERTO QUITO,0.11951,-79.25133,URBANO,VIA PUBLICA,PUBLICO,VIOLENCIA COMUNITARIA,RINAS,30,HOMBRE,OTROS,SOLTERO,ECUADOR,NINGUNA,6,1,19,NOCHE,ARMA_BLANCA
ZONA 5,LOS RIOS,BABAHOYO,LOS RIOS,BABAHOYO,-1.84819,-79.55038,URBANO,NIGHT CLUBS,PRIVADO,DELINCUENCIA COMUN,AMENAZA,28,HOMBRE,MESTIZO/A,SOLTERO,ECUADOR,NINGUNA,0,0,18,NOCHE,ARMA_FUEGO
ZONA 5,GUAYAS,MILAGRO,GUAYAS,MILAGRO,-2.18602,-79.59707,RURAL,HACIENDAS,PRIVADO,DELINCUENCIA COMUN,AMENAZA,23,HOMBRE,OTROS,SOLTERO,ECUADOR,NINGUNA,2,0,17,TARDE,ARMA_BLANCA
ZONA 6,CANAR,AZOGUES,CANAR,AZOGUES,-2.63994,-78.69278,RURAL,VIA PUBLICA,PUBLICO,VIOLENCIA COMUNITARIA,LINCHAMIENTO,37,HOMBRE,MESTIZO/A,CASADO,ECUADOR,NINGUNA,5,1,12,TARDE,OTRAS
ZONA 8,D.M. GUAYAQUIL,DURAN,GUAYAS,DURAN,-2.17666,-79.85375,URBANO,VIA PUBLICA,PUBLICO,DELINCUENCIA COMUN,TRAFICO INTERNO DE DROGAS (MICROTRAFICO),27,HOMBRE,MESTIZO/A,SOLTERO,ECUADOR,NINGUNA,4,0,0,MADRUGADA,ARMA_FUEGO
ZONA 5,GUAYAS,DAULE,GUAYAS,DAULE,-1.78329,-79.90875,RURAL,VIA PUBLICA,PUBLICO,DELINCUENCIA COMUN,AMENAZA,21,HOMBRE,MESTIZO/A,SOLTERO,ECUADOR,NINGUNA,0,0,0,MADRUGADA,ARMA_FUEGO
ZONA 8,D.M. GUAYAQUIL,ESTEROS,GUAYAS,GUAYAQUIL,-2.26200064973083,-79.9020376056433,URBANO,VIA PUBLICA,PUBLICO,DELINCUENCIA COMUN,TRAFICO INTERNO DE DROGAS (MICROTRAFICO),36,HOMBRE,MESTIZO/A,SOLTERO,ECUADOR,NINGUNA,2,0,22,NOCHE,ARMA_FUEGO
ZONA 8,D.M. GUAYAQUIL,MODELO,GUAYAS,GUAYAQUIL,-2.13962,-79.88779,URBANO,CASA/VILLA,PRIVADO,DELINCUENCIA COMUN,AMENAZA,26,HOMBRE,MESTIZO/A,SOLTERO,VENEZUELA,NINGUNA,2,0,3,MADRUGADA,ARMA_BLANCA
ZONA 6,CANAR,AZOGUES,CANAR,DELEG,-2.75319,-78.91249,RURAL,CASA/VILLA,PRIVADO,DELINCUENCIA COMUN,ROBO A DOMICILIOS,77,MUJER,MESTIZO/A,SOLTERO,ECUADOR,NINGUNA,3,0,22,NOCHE,OTRAS
ZONA 1,ESMERALDAS,ESMERALDAS,ESMERALDAS,ESMERALDAS,0.91462,-79.6977,URBANO,CENTROS DE REHABILITACION SOCIAL,PRIVADO,DELINCUENCIA COMUN,AMENAZA,18,HOMBRE,AFRO,SOLTERO,ECUADOR,NINGUNA,1,0,10,MANANA,OTRAS
ZONA 9,D.M. QUITO,QUITUMBE,PICHINCHA,QUITO,-0.30347,-78.54891,URBANO,CASA/VILLA,PRIVADO,DELINCUENCIA COMUN,AMENAZA,29,HOMBRE,MESTIZO/A,EN UNION DE HECHO,ECUADOR,NINGUNA,3,0,5,MADRUGADA,OTRAS
ZONA 6,CANAR,LA TRONCAL,CANAR,LA TRONCAL,-2.46961,-79.44994,RURAL,VIA PUBLICA,PUBLICO,DELINCUENCIA COMUN,AMENAZA,27,HOMBRE,MESTIZO/A,SOLTERO,ECUADOR,NINGUNA,1,0,2,MADRUGADA,OTRAS
ZONA 1,IMBABURA,CIUDAD BLANCA,IMBABURA,IBARRA,0.78832,-78.29372,RURAL,CASA/VILLA,PRIVADO,VIOLENCIA COMUNITARIA,RINAS,46,HOMBRE,MESTIZO/A,SOLTERO,ECUADOR,NINGUNA,0,0,16,TARDE,ARMA_BLANCA
ZONA 7,EL ORO,HUAQUILLAS,EL ORO,HUAQUILLAS,-3.48083756300612,-80.2055311207369,URBANO,ALMACENES,PRIVADO,DELINCUENCIA COMUN,ROBO A PERSONAS,51,HOMBRE,MESTIZO/A,CASADO,ECUADOR,NINGUNA,0,0,16,TARDE,ARMA_FUEGO
ZONA 9,D.M. QUITO,ELOY ALFARO - DMQ,PICHINCHA,QUITO,-0.25763,-78.55431,URBANO,VIA PUBLICA,PUBLICO,VIOLENCIA COMUNITARIA,RINAS,42,HOMBRE,MESTIZO/A,SOLTERO,ECUADOR,NINGUNA,4,0,1,MADRUGADA,ARMA_CONTUNDENTE
ZONA 5,GUAYAS,JUJAN SIMON BOLIVAR,GUAYAS,SIMON BOLIVAR,-1.97893,-79.43136,RURAL,VIA PUBLICA,PUBLICO,DELINCUENCIA COMUN,TRAFICO INTERNO DE DROGAS (MICROTRAFICO),36,HOMBRE,MESTIZO/A,SOLTERO,ECUADOR,NINGUNA,4,0,17,TARDE,ARMA_FUEGO
ZONA 8,D.M. GUAYAQUIL,NUEVA PROSPERINA,GUAYAS,GUAYAQUIL,-2.12956,-79.97222,URBANO,VIA PUBLICA,PUBLICO,DELINCUENCIA COMUN,TRAFICO INTERNO DE DROGAS (MICROTRAFICO),42,MUJER,AFRO,SOLTERO,ECUADOR,NINGUNA,4,0,8,MANANA,ARMA_CONTUNDENTE
ZONA 9,D.M. QUITO,QUITUMBE,PICHINCHA,QUITO,-0.3177559999999989,-78.547177,URBANO,VIA PUBLICA,PUBLICO,DELINCUENCIA COMUN,ROBO A PERSONAS,24,HOMBRE,MESTIZO/A,SOLTERO,ECUADOR,NINGUNA,5,1,1,MADRUGADA,ARMA_CONTUNDENTE
ZONA 4,STO DGO DE LOS TSACHILAS,SANTO DOMINGO ESTE,STO DGO DE LOS TSACHILAS,SANTO DOMINGO,-0.49319,-79.28893,RURAL,FINCA,PRIVADO,DELINCUENCIA COMUN,AMENAZA,60,HOMBRE,MESTIZO/A,SOLTERO,ECUADOR,NINGUNA,0,0,10,MANANA,ARMA_CONTUNDENTE
ZONA 5,GUAYAS,YAGUACHI,GUAYAS,SAN JACINTO DE YAGUACHI,-2.09904,-79.68256,RURAL,HACIENDAS,PRIVADO,DELINCUENCIA COMUN,AMENAZA,25,HOMBRE,MESTIZO/A,SOLTERO,ECUADOR,NINGUNA,1,0,17,TARDE,ARMA_BLANCA
ZONA 5,LOS RIOS,PUEBLO VIEJO,LOS RIOS,URDANETA,-1.5727,-79.47316,URBANO,CASA/VILLA,PRIVADO,DELINCUENCIA COMUN,VIOLACION SEXUAL (DESCONOCIDO),72,MUJER,MESTIZO/A,VIUDO,ECUADOR,NINGUNA,2,0,12,TARDE,ARMA_CONTUNDENTE
ZONA 4,STO DGO DE LOS TSACHILAS,SANTO DOMINGO ESTE,STO DGO DE LOS TSACHILAS,SANTO DOMINGO,-0.576234,-79.200005,URBANO,VIA PUBLICA,PUBLICO,VIOLENCIA INTRAFAMILIAR,SENTIMENTAL,47,MUJER,MESTIZO/A,SOLTERO,ECUADOR,NINGUNA,6,1,14,TARDE,ARMA_FUEGO
ZONA 7,EL ORO,MACHALA,EL ORO,MACHALA,-3.252,-79.9502,URBANO,VIA PUBLICA,PUBLICO,VIOLENCIA COMUNITARIA,LINCHAMIENTO,31,HOMBRE,MESTIZO/A,SOLTERO,ECUADOR,NINGUNA,5,1,22,NOCHE,ARMA_CONTUNDENTE
ZONA 4,MANABI,MANTA,MANABI,MANTA,-0.96033,-80.7039,URBANO,CASA/VILLA,PRIVADO,DELINCUENCIA COMUN,ROBO A PERSONAS,40,HOMBRE,MESTIZO/A,SOLTERO,ECUADOR,NINGUNA,0,0,23,NOCHE,OTRAS
ZONA 8,D.M. GUAYAQUIL,9 DE OCTUBRE,GUAYAS,GUAYAQUIL,-2.19772,-79.90634,URBANO,VIA PUBLICA,PUBLICO,DELINCUENCIA COMUN,AMENAZA,37,MUJER,MESTIZO/A,SOLTERO,ECUADOR,NINGUNA,6,1,0,MADRUGADA,ARMA_FUEGO
ZONA 4,STO DGO DE LOS TSACHILAS,SANTO DOMINGO ESTE,STO DGO DE LOS TSACHILAS,SANTO DOMINGO,-0.16493,-79.07419,RURAL,VIA PUBLICA,PUBLICO,DELINCUENCIA COMUN,ROBO A PERSONAS,59,HOMBRE,MESTIZO/A,SOLTERO,ECUADOR,NINGUNA,6,1,2,MADRUGADA,ARMA_BLANCA
ZONA 4,STO DGO DE LOS TSACHILAS,LA CONCORDIA,STO DGO DE LOS TSACHILAS,LA CONCORDIA,-0.10515,-79.38118,RURAL,HACIENDAS,PRIVADO,DELINCUENCIA COMUN,AMENAZA,25,HOMBRE,MESTIZO/A,SOLTERO,ECUADOR,NINGUNA,1,0,10,MANANA,OTRAS
ZONA 4,STO DGO DE LOS TSACHILAS,SANTO DOMINGO OESTE,STO DGO DE LOS TSACHILAS,SANTO DOMINGO,-0.26282,-79.20626,URBANO,VIA PUBLICA,PUBLICO,VIOLENCIA COMUNITARIA,EMOCIONAL,15,MUJER,MESTIZO/A,SOLTERO,ECUADOR,NINGUNA,0,0,22,NOCHE,ARMA_BLANCA
ZONA 3,CHIMBORAZO,COLTA,CHIMBORAZO,COLTA,-1.76616,-78.8078,RURAL,BOSQUE Y RESERVAS ECOLOGICAS,PUBLICO,VIOLENCIA INTRAFAMILIAR,SENTIMENTAL,20,MUJER,INDIGENA,SOLTERO,ECUADOR,NINGUNA,6,1,15,TARDE,ARMA_CONTUNDENTE
ZONA 4,STO DGO DE LOS TSACHILAS,SANTO DOMINGO ESTE,STO DGO DE LOS TSACHILAS,SANTO DOMINGO,-0.2447,-79.14309,URBANO,EMPRESAS PUBLICAS,PRIVADO,DELINCUENCIA COMUN,ROBO A ENTIDADES FINANCIERAS,27,HOMBRE,MESTIZO/A,SOLTERO,ECUADOR,NINGUNA,1,0,13,TARDE,ARMA_FUEGO
ZONA 3,TUNGURAHUA,PATATE,TUNGURAHUA,PATATE,-1.310886,-78.505179,URBANO,CASA/VILLA,PRIVADO,VIOLENCIA COMUNITARIA,RINAS,43,HOMBRE,MESTIZO/A,DIVORCIADO,ECUADOR,NINGUNA,3,0,18,NOCHE,ARMA_CONTUNDENTE
ZONA 3,CHIMBORAZO,ALAUSI,CHIMBORAZO,ALAUSI,-2.20149,-78.84547,URBANO,HOSPITALES,PRIVADO,DELINCUENCIA COMUN,ROBO A PERSONAS,91,HOMBRE,MESTIZO/A,VIUDO,ECUADOR,AUDITIVA,5,1,17,TARDE,ARMA_CONTUNDENTE
ZONA 5,LOS RIOS,BABAHOYO,LOS RIOS,MONTALVO,-1.79369,-79.28652,URBANO,VIA PUBLICA,PUBLICO,DELINCUENCIA COMUN,AMENAZA,30,HOMBRE,MESTIZO/A,SOLTERO,ECUADOR,NINGUNA,4,0,21,NOCHE,ARMA_FUEGO
ZONA 9,D.M. QUITO,MANUELA SAENZ,PICHINCHA,QUITO,-0.21704,-78.51402,URBANO,CASA/VILLA,PRIVADO,DELINCUENCIA COMUN,AMENAZA,21,HOMBRE,MESTIZO/A,SOLTERO,ECUADOR,NINGUNA,6,1,14,TARDE,ARMA_CONTUNDENTE
ZONA 9,D.M. QUITO,EUGENIO ESPEJO,PICHINCHA,QUITO,-0.15213,-78.47242,URBANO,CENTROS DE REHABILITACION SOCIAL,PRIVADO,VIOLENCIA COMUNITARIA,RINAS,31,HOMBRE,MULATO/A,SOLTERO,ECUADOR,NINGUNA,4,0,9,MANANA,OTRAS
ZONA 9,D.M. QUITO,QUITUMBE,PICHINCHA,QUITO,-0.28431,-78.56211,URBANO,VIA PUBLICA,PUBLICO,VIOLENCIA COMUNITARIA,RINAS,38,HOMBRE,MESTIZO/A,SOLTERO,ECUADOR,NINGUNA,1,0,1,MADRUGADA,ARMA_CONTUNDENTE
ZONA 8,D.M. GUAYAQUIL,PORTETE,GUAYAS,GUAYAQUIL,-2.21082,-79.94433,URBANO,CASA/VILLA,PRIVADO,VIOLENCIA COMUNITARIA,RINAS,22,HOMBRE,MESTIZO/A,SOLTERO,ECUADOR,NINGUNA,1,0,13,TARDE,ARMA_FUEGO
ZONA 9,D.M. QUITO,TUMBACO,PICHINCHA,QUITO,-0.20928,-78.37194,URBANO,CASA/VILLA,PRIVADO,DELINCUENCIA COMUN,ROBO A DOMICILIOS,45,HOMBRE,ASIATICO/A,CASADO,CHINA POPULAR,NINGUNA,1,0,15,TARDE,ARMA_BLANCA
ZONA 4,STO DGO DE LOS TSACHILAS,LA CONCORDIA,STO DGO DE LOS TSACHILAS,LA CONCORDIA,-0.00730299999999999,-79.387715,URBANO,CASA/VILLA,PRIVADO,DELINCUENCIA COMUN,AMENAZA,84,HOMBRE,MESTIZO/A,DIVORCIADO,ECUADOR,NINGUNA,4,0,11,MANANA,ARMA_CONTUNDENTE
ZONA 8,D.M. GUAYAQUIL,DURAN,GUAYAS,DURAN,-2.16306,-79.84643,URBANO,RIO,PUBLICO,DELINCUENCIA COMUN,ROBO DE CARROS,31,HOMBRE,MESTIZO/A,SOLTERO,ECUADOR,NINGUNA,2,0,8,MANANA,OTRAS
ZONA 7,EL ORO,PASAJE,EL ORO,PASAJE,-3.32996941896232,-79.7981689274638,URBANO,VIA PUBLICA,PUBLICO,VIOLENCIA COMUNITARIA,RINAS,42,HOMBRE,MESTIZO/A,SOLTERO,ECUADOR,FISICA,6,1,5,MADRUGADA,ARMA_CONTUNDENTE
ZONA 3,COTOPAXI,LA MANA,COTOPAXI,LA MANA,-0.96682,-79.184916,RURAL,NIGHT CLUBS,PRIVADO,VIOLENCIA COMUNITARIA,RINAS,53,HOMBRE,MESTIZO/A,SOLTERO,ECUADOR,NINGUNA,4,0,9,MANANA,ARMA_CONTUNDENTE
ZONA 8,D.M. GUAYAQUIL,PASCUALES,GUAYAS,GUAYAQUIL,-2.07315,-79.92713,URBANO,VIA PUBLICA,PUBLICO,DELINCUENCIA COMUN,AMENAZA,24,HOMBRE,MESTIZO/A,SOLTERO,ECUADOR,NINGUNA,0,0,19,NOCHE,ARMA_FUEGO
ZONA 4,MANABI,EL CARMEN,MANABI,EL CARMEN,-0.27022,-79.43675,URBANO,CASA/VILLA,PRIVADO,DELINCUENCIA COMUN,AMENAZA,26,HOMBRE,MESTIZO/A,SOLTERO,ECUADOR,NINGUNA,1,0,0,MADRUGADA,ARMA_FUEGO
ZONA 9,D.M. QUITO,QUITUMBE,PICHINCHA,QUITO,-0.2952401687405379,-78.55443995769748,URBANO,TERRENO BALDIO,PUBLICO,VIOLENCIA INTRAFAMILIAR,SENTIMENTAL,28,MUJER,MESTIZO/A,CASADO,ECUADOR,NINGUNA,0,0,14,TARDE,ARMA_CONTUNDENTE
ZONA 9,D.M. QUITO,QUITUMBE,PICHINCHA,QUITO,-0.31075,-78.5483,URBANO,CASA/VILLA,PRIVADO,VIOLENCIA COMUNITARIA,RINAS,40,HOMBRE,MESTIZO/A,SOLTERO,ECUADOR,NINGUNA,2,0,3,MADRUGADA,ARMA_CONTUNDENTE
ZONA 4,MANABI,MANTA,MANABI,MONTECRISTI,-0.99671,-80.69593,URBANO,VIA PUBLICA,PUBLICO,DELINCUENCIA COMUN,AMENAZA,31,HOMBRE,MESTIZO/A,SOLTERO,ECUADOR,NINGUNA,6,1,23,NOCHE,ARMA_FUEGO
ZONA 3,PASTAZA,PASTAZA,PASTAZA,PASTAZA,-1.6664,-77.83216,RURAL,TERRENO BALDIO,PUBLICO,VIOLENCIA INTRAFAMILIAR,SENTIMENTAL,20,MUJER,INDIGENA,SOLTERO,ECUADOR,NINGUNA,6,1,0,MADRUGADA,ARMA_BLANCA
ZONA 8,D.M. GUAYAQUIL,ESTEROS,GUAYAS,GUAYAQUIL,-2.22333,-79.90923,URBANO,VIA PUBLICA,PUBLICO,DELINCUENCIA COMUN,AMENAZA,36,HOMBRE,AFRO,SOLTERO,ECUADOR,NINGUNA,6,1,2,MADRUGADA,OTRAS
ZONA 7,LOJA,LOJA,LOJA,LOJA,-3.99165673058816,-79.20899945504061,URBANO,CASA/VILLA,PRIVADO,VIOLENCIA COMUNITARIA,EMOCIONAL,60,HOMBRE,MESTIZO/A,SOLTERO,ECUADOR,NINGUNA,6,1,20,NOCHE,ARMA_CONTUNDENTE
ZONA 5,GUAYAS,NARANJITO MARCELINO MARIDUENA,GUAYAS,CORONEL MARCELINO MARIDUENA,-2.21757,-79.35194,RURAL,VIA PUBLICA,PUBLICO,VIOLENCIA COMUNITARIA,LINCHAMIENTO,19,HOMBRE,MESTIZO/A,SOLTERO,ECUADOR,NINGUNA,0,0,18,NOCHE,OTRAS
ZONA 8,D.M. GUAYAQUIL,DURAN,GUAYAS,DURAN,-2.16014,-79.84063,URBANO,VIA PUBLICA,PUBLICO,DELINCUENCIA COMUN,TRAFICO INTERNO DE DROGAS (MICROTRAFICO),32,HOMBRE,MESTIZO/A,CASADO,ECUADOR,NINGUNA,6,1,13,TARDE,ARMA_FUEGO
ZONA 6,CANAR,LA TRONCAL,CANAR,LA TRONCAL,-2.41839,-79.33221,RURAL,CASA/VILLA,PRIVADO,VIOLENCIA COMUNITARIA,RINAS,41,HOMBRE,MESTIZO/A,SOLTERO,ECUADOR,NINGUNA,2,0,11,MANANA,ARMA_BLANCA
ZONA 8,D.M. GUAYAQUIL,PASCUALES,GUAYAS,GUAYAQUIL,-2.06969,-79.89679,URBANO,VIA PUBLICA,PUBLICO,DELINCUENCIA COMUN,TRAFICO INTERNO DE DROGAS (MICROTRAFICO),24,HOMBRE,MESTIZO/A,SOLTERO,ECUADOR,NINGUNA,3,0,13,TARDE,ARMA_FUEGO
ZONA 5,GUAYAS,SALITRE,GUAYAS,SALITRE,-1.8074,-79.86161,RURAL,VIA PUBLICA,PUBLICO,DELINCUENCIA COMUN,ROBO A PERSONAS,34,HOMBRE,MESTIZO/A,SOLTERO,ECUADOR,NINGUNA,3,0,10,MANANA,ARMA_BLANCA
ZONA 8,D.M. GUAYAQUIL,ESTEROS,GUAYAS,GUAYAQUIL,-2.22886,-79.90608,URBANO,VIA PUBLICA,PUBLICO,DELINCUENCIA COMUN,TRAFICO INTERNO DE DROGAS (MICROTRAFICO),33,HOMBRE,MESTIZO/A,SOLTERO,ECUADOR,NINGUNA,3,0,6,MANANA,ARMA_FUEGO
ZONA 7,EL ORO,HUAQUILLAS,EL ORO,HUAQUILLAS,-3.49975668166046,-80.2065467834473,RURAL,NIGHT CLUBS,PRIVADO,DELINCUENCIA COMUN,AMENAZA,28,HOMBRE,MESTIZO/A,EN UNION DE HECHO,ECUADOR,NINGUNA,1,0,4,MADRUGADA,ARMA_FUEGO
ZONA 9,D.M. QUITO,CALDERON,PICHINCHA,QUITO,-0.09601,-78.42684,URBANO,VIA PUBLICA,PUBLICO,DELINCUENCIA COMUN,ROBO A PERSONAS,44,HOMBRE,MESTIZO/A,SOLTERO,ECUADOR,NINGUNA,6,1,4,MADRUGADA,ARMA_BLANCA
ZONA 5,GUAYAS,PLAYAS,GUAYAS,PLAYAS,-2.63718,-80.39139,URBANO,VIA PUBLICA,PUBLICO,DELINCUENCIA COMUN,AMENAZA,51,HOMBRE,MESTIZO/A,SOLTERO,ECUADOR,NINGUNA,0,0,17,TARDE,ARMA_FUEGO
ZONA 8,D.M. GUAYAQUIL,MODELO,GUAYAS,GUAYAQUIL,-2.1624455357682306,-79.914311527682,URBANO,RESTAURANTE,PRIVADO,DELINCUENCIA COMUN,ROBO A PERSONAS,56,HOMBRE,BLANCO/A,CASADO,ECUADOR,NINGUNA,0,0,0,MADRUGADA,ARMA_FUEGO
ZONA 8,D.M. GUAYAQUIL,PASCUALES,GUAYAS,GUAYAQUIL,-2.0523,-79.94375,URBANO,CENTROS DE REHABILITACION SOCIAL,PRIVADO,VIOLENCIA COMUNITARIA,RINAS,27,HOMBRE,MESTIZO/A,SOLTERO,ECUADOR,NINGUNA,2,0,0,MADRUGADA,OTRAS
ZONA 8,D.M. GUAYAQUIL,PASCUALES,GUAYAS,GUAYAQUIL,-2.05371,-79.94343,URBANO,CENTROS DE REHABILITACION SOCIAL,PRIVADO,VIOLENCIA COMUNITARIA,RINAS,27,HOMBRE,MULATO/A,SOLTERO,ECUADOR,NINGUNA,1,0,22,NOCHE,OTRAS
ZONA 7,EL ORO,MACHALA,EL ORO,MACHALA,-3.26394,-79.96377,URBANO,CENTROS DE REHABILITACION SOCIAL,PRIVADO,DELINCUENCIA COMUN,AMENAZA,23,HOMBRE,MESTIZO/A,SOLTERO,ECUADOR,NINGUNA,3,0,3,MADRUGADA,OTRAS
ZONA 5,LOS RIOS,QUEVEDO,LOS RIOS,QUEVEDO,-1.0259,-79.46806,URBANO,VIA PUBLICA,PUBLICO,VIOLENCIA COMUNITARIA,LINCHAMIENTO,26,HOMBRE,MESTIZO/A,SOLTERO,ECUADOR,NINGUNA,5,1,13,TARDE,ARMA_BLANCA
ZONA 6,CANAR,LA TRONCAL,CANAR,LA TRONCAL,-2.4190399646759,-79.3481903076172,URBANO,COOPERATIVAS DE AHORRO Y CREDITO,PRIVADO,DELINCUENCIA COMUN,ROBO A ENTIDADES FINANCIERAS,33,HOMBRE,MESTIZO/A,CASADO,ECUADOR,NINGUNA,4,0,10,MANANA,ARMA_CONTUNDENTE
ZONA 6,CANAR,LA TRONCAL,CANAR,LA TRONCAL,-2.44297,-79.32226,URBANO,CASA/VILLA,PRIVADO,DELINCUENCIA COMUN,AMENAZA,30,HOMBRE,MESTIZO/A,SOLTERO,ECUADOR,NINGUNA,6,1,3,MADRUGADA,ARMA_BLANCA
ZONA 5,LOS RIOS,VENTANAS,LOS RIOS,VENTANAS,-1.47994,-79.37454,URBANO,CASA/VILLA,PRIVADO,VIOLENCIA COMUNITARIA,RINAS,56,HOMBRE,MESTIZO/A,CASADO,ECUADOR,NINGUNA,1,0,19,NOCHE,ARMA_CONTUNDENTE
ZONA 6,AZUAY,PONCE ENRIQUEZ,AZUAY,CAMILO PONCE ENRIQUEZ,-3.063463,-79.747545,URBANO,CASA/VILLA,PRIVADO,VIOLENCIA INTRAFAMILIAR,SENTIMENTAL,21,MUJER,MESTIZO/A,SOLTERO,ECUADOR,NINGUNA,6,1,12,TARDE,ARMA_FUEGO
ZONA 7,LOJA,SARAGURO,LOJA,SARAGURO,-3.63521,-79.28672,RURAL,BOSQUE Y RESERVAS ECOLOGICAS,PUBLICO,VIOLENCIA INTRAFAMILIAR,SENTIMENTAL,30,MUJER,MESTIZO/A,SOLTERO,ECUADOR,NINGUNA,2,0,23,NOCHE,OTRAS
ZONA 7,EL ORO,PASAJE,EL ORO,EL GUABO,-3.24615,-79.84411,URBANO,MECANICAS,PRIVADO,DELINCUENCIA COMUN,AMENAZA,39,HOMBRE,MESTIZO/A,DIVORCIADO,ECUADOR,NINGUNA,4,0,16,TARDE,ARMA_FUEGO
ZONA 8,D.M. GUAYAQUIL,PORTETE,GUAYAS,GUAYAQUIL,-2.21214,-79.9311,URBANO,VIA PUBLICA,PUBLICO,DELINCUENCIA COMUN,AMENAZA,41,HOMBRE,AFRO,SOLTERO,ECUADOR,NINGUNA,6,1,8,MANANA,ARMA_BLANCA
ZONA 8,D.M. GUAYAQUIL,SUR - DMG,GUAYAS,GUAYAQUIL,-2.28547388721883,-79.8757145462799,URBANO,VIA PUBLICA,PUBLICO,DELINCUENCIA COMUN,DEFENSA PROPIA,21,HOMBRE,BLANCO/A,SOLTERO,COLOMBIA,NINGUNA,6,1,23,NOCHE,ARMA_FUEGO
ZONA 8,D.M. GUAYAQUIL,NUEVA PROSPERINA,GUAYAS,GUAYAQUIL,-2.10915,-79.95998,URBANO,VIA PUBLICA,PUBLICO,DELINCUENCIA COMUN,AMENAZA,44,HOMBRE,MESTIZO/A,SOLTERO,ECUADOR,NINGUNA,1,0,2,MADRUGADA,OTRAS
ZONA 3,TUNGURAHUA,PATATE,TUNGURAHUA,SAN PEDRO DE PELILEO,-1.38832,-78.53134,RURAL,PARQUES Y PLAZAS,PUBLICO,VIOLENCIA COMUNITARIA,LINCHAMIENTO,26,HOMBRE,MESTIZO/A,SOLTERO,ECUADOR,NINGUNA,1,0,17,TARDE,OTRAS
ZONA 9,D.M. QUITO,ELOY ALFARO - DMQ,PICHINCHA,QUITO,-0.2332,-78.5323,URBANO,VIA PUBLICA,PUBLICO,VIOLENCIA COMUNITARIA,RINAS,63,MUJER,MESTIZO/A,SOLTERO,ECUADOR,NINGUNA,5,1,1,MADRUGADA,ARMA_CONTUNDENTE
ZONA 4,STO DGO DE LOS TSACHILAS,SANTO DOMINGO OESTE,STO DGO DE LOS TSACHILAS,SANTO DOMINGO,-0.23121,-79.19827999999998,URBANO,CASA/VILLA,PRIVADO,VIOLENCIA COMUNITARIA,ACTOS DE ODIO,70,HOMBRE,MESTIZO/A,CASADO,ECUADOR,FISICA,6,1,6,MANANA,ARMA_CONTUNDENTE
ZONA 3,COTOPAXI,DANSANTE,COTOPAXI,PUJILI,-0.930437258413367,-78.68791678534758,RURAL,QUEBRADAS,PUBLICO,DELINCUENCIA COMUN,ROBO A PERSONAS,15,HOMBRE,MESTIZO/A,SOLTERO,ECUADOR,NINGUNA,0,0,16,TARDE,ARMA_CONTUNDENTE
ZONA 9,D.M. QUITO,CALDERON,PICHINCHA,QUITO,-0.03455,-78.43028,RURAL,TERRENO BALDIO,PUBLICO,VIOLENCIA COMUNITARIA,RINAS,28,HOMBRE,MESTIZO/A,SOLTERO,ECUADOR,NINGUNA,5,1,23,NOCHE,ARMA_CONTUNDENTE
ZONA 4,MANABI,24 DE MAYO,MANABI,OLMEDO,-1.38448,-80.22433,RURAL,CASA/VILLA,PRIVADO,VIOLENCIA INTRAFAMILIAR,SENTIMENTAL,52,MUJER,MESTIZO/A,SOLTERO,ECUADOR,NINGUNA,1,0,19,NOCHE,ARMA_BLANCA
ZONA 4,MANABI,PORTOVIEJO,MANABI,PORTOVIEJO,-1.04317,-80.29054,RURAL,QUEBRADAS,PUBLICO,DELINCUENCIA COMUN,AMENAZA,25,HOMBRE,MESTIZO/A,SOLTERO,ECUADOR,NINGUNA,0,0,18,NOCHE,ARMA_BLANCA
ZONA 9,D.M. QUITO,LA DELICIA,PICHINCHA,QUITO,-0.05771,-78.48693,URBANO,BOSQUE Y RESERVAS ECOLOGICAS,PUBLICO,VIOLENCIA INTRAFAMILIAR,MALTRATO,34,MUJER,MESTIZO/A,CASADO,ECUADOR,NINGUNA,6,1,2,MADRUGADA,OTRAS
ZONA 3,TUNGURAHUA,AMBATO SUR,TUNGURAHUA,AMBATO,-1.26469,-78.60398,URBANO,OTROS LOCALES COMERCIALES,PRIVADO,VIOLENCIA COMUNITARIA,RINAS,56,HOMBRE,INDIGENA,CASADO,ECUADOR,NINGUNA,0,0,8,MANANA,ARMA_CONTUNDENTE
ZONA 5,GUAYAS,JUJAN SIMON BOLIVAR,GUAYAS,SIMON BOLIVAR,-1.95061,-79.41007,RURAL,RIO,PUBLICO,DELINCUENCIA COMUN,AMENAZA,23,MUJER,MESTIZO/A,SOLTERO,ECUADOR,NINGUNA,6,1,4,MADRUGADA,OTRAS
ZONA 6,CANAR,LA TRONCAL,CANAR,LA TRONCAL,-2.34938,-79.31205,RURAL,MAR,PUBLICO,DELINCUENCIA COMUN,AMENAZA,20,HOMBRE,MESTIZO/A,SOLTERO,ECUADOR,NINGUNA,1,0,16,TARDE,ARMA_BLANCA
ZONA 1,ESMERALDAS,ATACAMES,ESMERALDAS,ATACAMES,0.889224805202346,-79.80333582617939,URBANO,TERRENO BALDIO,PUBLICO,DELINCUENCIA COMUN,AMENAZA,51,HOMBRE,BLANCO/A,DIVORCIADO,ECUADOR,NINGUNA,2,0,9,MANANA,ARMA_CONTUNDENTE
ZONA 1,ESMERALDAS,ESMERALDAS,ESMERALDAS,ESMERALDAS,0.9135583299999988,-79.693126,URBANO,VIA PUBLICA,PUBLICO,VIOLENCIA COMUNITARIA,ACTOS DE ODIO,25,HOMBRE,MESTIZO/A,SOLTERO,ECUADOR,NINGUNA,0,0,22,NOCHE,ARMA_FUEGO
ZONA 4,MANABI,PORTOVIEJO,MANABI,PORTOVIEJO,-1.05789,-80.4496,URBANO,VIA PUBLICA,PUBLICO,DELINCUENCIA COMUN,AMENAZA,34,HOMBRE,MESTIZO/A,SOLTERO,ECUADOR,NINGUNA,6,1,23,NOCHE,ARMA_BLANCA
ZONA 5,GUAYAS,YAGUACHI,GUAYAS,SAN JACINTO DE YAGUACHI,-2.25725,-79.62850799999998,RURAL,FINCA,PRIVADO,VIOLENCIA COMUNITARIA,RINAS,29,HOMBRE,MESTIZO/A,SOLTERO,ECUADOR,NINGUNA,0,0,0,MADRUGADA,ARMA_CONTUNDENTE
ZONA 8,D.M. GUAYAQUIL,NUEVA PROSPERINA,GUAYAS,GUAYAQUIL,-2.10041,-79.99957,URBANO,VIA PUBLICA,PUBLICO,DELINCUENCIA COMUN,AMENAZA,34,HOMBRE,MESTIZO/A,SOLTERO,ECUADOR,NINGUNA,5,1,12,TARDE,OTRAS
ZONA 2,NAPO,TENA,NAPO,TENA,-1.07312,-77.77168,RURAL,RIO,PUBLICO,DELINCUENCIA COMUN,AMENAZA,68,HOMBRE,MESTIZO/A,SOLTERO,ECUADOR,NINGUNA,5,1,22,NOCHE,OTRAS
ZONA 9,D.M. QUITO,LA DELICIA,PICHINCHA,QUITO,-0.11842,-78.45741,URBANO,VIA PUBLICA,PUBLICO,VIOLENCIA INTRAFAMILIAR,SENTIMENTAL,18,MUJER,MESTIZO/A,SOLTERO,ECUADOR,NINGUNA,1,0,18,NOCHE,ARMA_BLANCA
ZONA 2,PICHINCHA,RUMINAHUI - MEJIA,PICHINCHA,MEJIA,-0.41554,-78.79946,URBANO,VIA PUBLICA,PUBLICO,VIOLENCIA COMUNITARIA,RINAS,53,HOMBRE,MESTIZO/A,CASADO,ECUADOR,NINGUNA,6,1,5,MADRUGADA,ARMA_BLANCA
ZONA 4,MANABI,MANTA,MANABI,MANTA,-0.96736,-80.71386,URBANO,VIA PUBLICA,PUBLICO,DELINCUENCIA COMUN,ROBO DE CARROS,34,HOMBRE,MESTIZO/A,CASADO,ECUADOR,NINGUNA,0,0,13,TARDE,ARMA_FUEGO
ZONA 8,D.M. GUAYAQUIL,PASCUALES,GUAYAS,GUAYAQUIL,-2.06955,-79.93772,URBANO,VIA PUBLICA,PUBLICO,DELINCUENCIA COMUN,AMENAZA,17,HOMBRE,MESTIZO/A,SOLTERO,ECUADOR,NINGUNA,5,1,20,NOCHE,ARMA_FUEGO
ZONA 6,AZUAY,PONCE ENRIQUEZ,AZUAY,CAMILO PONCE ENRIQUEZ,-3.04392,-79.73044,RURAL,FINCA,PRIVADO,DELINCUENCIA COMUN,AMENAZA,29,HOMBRE,MESTIZO/A,SOLTERO,ECUADOR,NINGUNA,0,0,18,NOCHE,ARMA_BLANCA
ZONA 4,STO DGO DE LOS TSACHILAS,SANTO DOMINGO ESTE,STO DGO DE LOS TSACHILAS,SANTO DOMINGO,-0.2847,-79.1985,URBANO,CASA/VILLA,PRIVADO,VIOLENCIA SEXUAL,VIOLACION FAMILIAR DIRECTO (PERSONA CONOCIDA),23,MUJER,MESTIZO/A,SOLTERO,ECUADOR,NINGUNA,6,1,23,NOCHE,OTRAS
ZONA 1,SUCUMBIOS,PUTUMAYO,SUCUMBIOS,CUYABENO,-0.14727,-76.41096,RURAL,CASA/VILLA,PRIVADO,PSICOPATOLOGIAS,TRASTORNOS MENTALES,15,HOMBRE,MESTIZO/A,SOLTERO,ECUADOR,INTELECTUAL,3,0,1,MADRUGADA,ARMA_BLANCA
ZONA 8,D.M. GUAYAQUIL,NUEVA PROSPERINA,GUAYAS,GUAYAQUIL,-2.0939,-79.9588,URBANO,VIA PUBLICA,PUBLICO,DELINCUENCIA COMUN,AMENAZA,38,HOMBRE,MESTIZO/A,SOLTERO,ECUADOR,NINGUNA,0,0,10,MANANA,ARMA_BLANCA
ZONA 5,BOLIVAR,SUBTROPICO,BOLIVAR,LAS NAVES,-1.21192,-79.31151,RURAL,CASA/VILLA,PRIVADO,VIOLENCIA COMUNITARIA,RINAS,21,HOMBRE,MESTIZO/A,SOLTERO,COLOMBIA,NINGUNA,0,0,2,MADRUGADA,ARMA_BLANCA
ZONA 8,D.M. GUAYAQUIL,SUR - DMG,GUAYAS,GUAYAQUIL,-2.25498699999999,-79.879152,URBANO,CANCHAS DE USO MULTIPLE,PUBLICO,VIOLENCIA COMUNITARIA,RINAS,16,HOMBRE,MESTIZO/A,SOLTERO,ECUADOR,NINGUNA,6,1,16,TARDE,ARMA_FUEGO
ZONA 5,LOS RIOS,BUENA FE,LOS RIOS,BUENA FE,-0.901127,-79.494983,URBANO,VIA PUBLICA,PUBLICO,DELINCUENCIA COMUN,AMENAZA,19,HOMBRE,MESTIZO/A,SOLTERO,ECUADOR,NINGUNA,6,1,5,MADRUGADA,ARMA_FUEGO
ZONA 8,D.M. GUAYAQUIL,NUEVA PROSPERINA,GUAYAS,GUAYAQUIL,-2.12993,-79.96917,URBANO,VIA PUBLICA,PUBLICO,DELINCUENCIA COMUN,AMENAZA,15,HOMBRE,MESTIZO/A,SOLTERO,ECUADOR,NINGUNA,1,0,21,NOCHE,ARMA_CONTUNDENTE
ZONA 1,ESMERALDAS,ESMERALDAS,ESMERALDAS,ESMERALDAS,0.94761,-79.65373,URBANO,CASA/VILLA,PRIVADO,VIOLENCIA INTRAFAMILIAR,SENTIMENTAL,41,MUJER,AFRO,SOLTERO,ECUADOR,NINGUNA,0,0,2,MADRUGADA,ARMA_BLANCA
ZONA 8,D.M. GUAYAQUIL,ESTEROS,GUAYAS,GUAYAQUIL,-2.23749,-79.92673,URBANO,VIA PUBLICA,PUBLICO,DELINCUENCIA COMUN,AMENAZA,30,HOMBRE,MESTIZO/A,SOLTERO,ECUADOR,NINGUNA,6,1,15,TARDE,ARMA_FUEGO
ZONA 9,D.M. QUITO,LA DELICIA,PICHINCHA,QUITO,-0.12421,-78.46823,URBANO,HOSPITALES,PRIVADO,VIOLENCIA COMUNITARIA,RINAS,31,HOMBRE,MESTIZO/A,SOLTERO,ECUADOR,NINGUNA,5,1,15,TARDE,OTRAS
ZONA 1,SUCUMBIOS,SHUSHUFINDI,SUCUMBIOS,SHUSHUFINDI,-0.31495,-76.38848,RURAL,ESTADIOS,PRIVADO,DELINCUENCIA COMUN,AMENAZA,65,HOMBRE,INDIGENA,CASADO,ECUADOR,NINGUNA,6,1,12,TARDE,ARMA_CONTUNDENTE
ZONA 8,D.M. GUAYAQUIL,NUEVA PROSPERINA,GUAYAS,GUAYAQUIL,-2.11318,-79.97979,URBANO,TERRENO BALDIO,PUBLICO,DELINCUENCIA COMUN,TRAFICO INTERNO DE DROGAS (MICROTRAFICO),20,HOMBRE,MESTIZO/A,SOLTERO,ECUADOR,NINGUNA,2,0,9,MANANA,ARMA_CONTUNDENTE
ZONA 5,LOS RIOS,PUEBLO VIEJO,LOS RIOS,URDANETA,-1.5744,-79.47138,URBANO,RIO,PUBLICO,DELINCUENCIA COMUN,AMENAZA,26,HOMBRE,MESTIZO/A,SOLTERO,ECUADOR,NINGUNA,5,1,12,TARDE,ARMA_BLANCA
ZONA 7,EL ORO,PASAJE,EL ORO,PASAJE,-3.333947,-79.810089,URBANO,VIA PUBLICA,PUBLICO,DELINCUENCIA COMUN,AMENAZA,32,MUJER,MESTIZO/A,SOLTERO,ECUADOR,NINGUNA,5,1,17,TARDE,ARMA_FUEGO
ZONA 4,MANABI,PORTOVIEJO,MANABI,PORTOVIEJO,-1.01558,-80.38591,RURAL,CENTROS DE REHABILITACION SOCIAL,PRIVADO,DELINCUENCIA COMUN,AMENAZA,21,HOMBRE,MESTIZO/A,SOLTERO,ECUADOR,NINGUNA,6,1,7,MANANA,OTRAS
ZONA 9,D.M. QUITO,LA DELICIA,PICHINCHA,QUITO,-0.084707105408245,-78.4689764957875,URBANO,CASA/VILLA,PRIVADO,DELINCUENCIA COMUN,ROBO A DOMICILIOS,37,HOMBRE,MESTIZO/A,SOLTERO,ECUADOR,NINGUNA,1,0,5,MADRUGADA,ARMA_FUEGO
ZONA 3,CHIMBORAZO,RIOBAMBA,CHIMBORAZO,RIOBAMBA,-1.66625,-78.65231,URBANO,CASA/VILLA,PRIVADO,VIOLENCIA COMUNITARIA,RINAS,46,HOMBRE,MESTIZO/A,DIVORCIADO,ECUADOR,NINGUNA,3,0,1,MADRUGADA,ARMA_CONTUNDENTE
ZONA 8,D.M. GUAYAQUIL,NUEVA PROSPERINA,GUAYAS,GUAYAQUIL,-2.11883,-79.96621,URBANO,VIA PUBLICA,PUBLICO,DELINCUENCIA COMUN,AMENAZA,21,HOMBRE,MESTIZO/A,SOLTERO,ECUADOR,NINGUNA,4,0,0,MADRUGADA,ARMA_BLANCA
ZONA 5,LOS RIOS,QUEVEDO,LOS RIOS,QUEVEDO,-1.03999625466585,-79.4859552383423,URBANO,VIA PUBLICA,PUBLICO,VIOLENCIA COMUNITARIA,RINAS,30,HOMBRE,MESTIZO/A,SOLTERO,ECUADOR,NINGUNA,4,0,1,MADRUGADA,ARMA_FUEGO
ZONA 5,GUAYAS,YAGUACHI,GUAYAS,SAN JACINTO DE YAGUACHI,-2.12679,-79.74974,RURAL,VIA PUBLICA,PUBLICO,DELINCUENCIA COMUN,AMENAZA,34,HOMBRE,MESTIZO/A,SOLTERO,ECUADOR,NINGUNA,1,0,8,MANANA,ARMA_BLANCA
ZONA 3,COTOPAXI,LATACUNGA,COTOPAXI,LATACUNGA,-0.9447,-78.66052,RURAL,TERRENO BALDIO,PUBLICO,DELINCUENCIA COMUN,AMENAZA,31,HOMBRE,MESTIZO/A,SOLTERO,ECUADOR,NINGUNA,3,0,18,NOCHE,OTRAS
ZONA 8,D.M. GUAYAQUIL,SUR - DMG,GUAYAS,GUAYAQUIL,-2.2579647,-79.87620169999998,URBANO,VIA PUBLICA,PUBLICO,DELINCUENCIA COMUN,AMENAZA,20,HOMBRE,MESTIZO/A,SOLTERO,ECUADOR,NINGUNA,1,0,7,MANANA,ARMA_FUEGO
ZONA 9,D.M. QUITO,MANUELA SAENZ,PICHINCHA,QUITO,-0.2336,-78.52337,URBANO,CASA/VILLA,PRIVADO,DELINCUENCIA COMUN,ROBO A DOMICILIOS,50,HOMBRE,MESTIZO/A,SOLTERO,ECUADOR,NINGUNA,6,1,3,MADRUGADA,OTRAS
ZONA 4,MANABI,MANTA,MANABI,MONTECRISTI,-1.01533,-80.67913,URBANO,VIA PUBLICA,PUBLICO,DELINCUENCIA COMUN,AMENAZA,26,HOMBRE,MESTIZO/A,SOLTERO,ECUADOR,NINGUNA,4,0,16,TARDE,ARMA_FUEGO
ZONA 5,GUAYAS,NARANJAL BALAO,GUAYAS,BALAO,-2.8972,-79.70584,RURAL,VIA PUBLICA,PUBLICO,DELINCUENCIA COMUN,AMENAZA,24,HOMBRE,MESTIZO/A,SOLTERO,ECUADOR,NINGUNA,5,1,9,MANANA,ARMA_BLANCA
ZONA 8,D.M. GUAYAQUIL,NUEVA PROSPERINA,GUAYAS,GUAYAQUIL,-2.10653,-79.96781,URBANO,VIA PUBLICA,PUBLICO,DELINCUENCIA COMUN,AMENAZA,16,HOMBRE,MESTIZO/A,SOLTERO,ECUADOR,NINGUNA,1,0,18,NOCHE,ARMA_FUEGO
ZONA 5,GUAYAS,NARANJAL BALAO,GUAYAS,NARANJAL,-2.67865,-79.61445,URBANO,VIA PUBLICA,PUBLICO,VIOLENCIA INTRAFAMILIAR,SENTIMENTAL,35,MUJER,MESTIZO/A,SOLTERO,ECUADOR,NINGUNA,0,0,12,TARDE,ARMA_BLANCA
ZONA 7,EL ORO,HUAQUILLAS,EL ORO,HUAQUILLAS,-3.47268,-80.23936,URBANO,VIA PUBLICA,PUBLICO,DELINCUENCIA COMUN,AMENAZA,30,HOMBRE,MESTIZO/A,SOLTERO,ECUADOR,NINGUNA,0,0,2,MADRUGADA,ARMA_CONTUNDENTE
ZONA 1,IMBABURA,TIERRA DEL SOL,IMBABURA,COTACACHI,0.341144,-78.24113,RURAL,VIA PUBLICA,PUBLICO,VIOLENCIA COMUNITARIA,RINAS,26,HOMBRE,INDIGENA,SOLTERO,ECUADOR,NINGUNA,0,0,10,MANANA,ARMA_CONTUNDENTE
ZONA 9,D.M. QUITO,ELOY ALFARO - DMQ,PICHINCHA,QUITO,-0.2546,-78.55477,URBANO,VIA PUBLICA,PUBLICO,VIOLENCIA COMUNITARIA,RINAS,38,HOMBRE,MESTIZO/A,SOLTERO,ECUADOR,NINGUNA,0,0,17,TARDE,ARMA_BLANCA
ZONA 5,LOS RIOS,PUEBLO VIEJO,LOS RIOS,PUEBLOVIEJO,-1.5568,-79.53155,URBANO,VIA PUBLICA,PUBLICO,DELINCUENCIA COMUN,TRAFICO INTERNO DE DROGAS (MICROTRAFICO),27,HOMBRE,MESTIZO/A,SOLTERO,ECUADOR,NINGUNA,0,0,13,TARDE,ARMA_BLANCA
ZONA 8,D.M. GUAYAQUIL,PASCUALES,GUAYAS,GUAYAQUIL,-2.0515,-79.94288,URBANO,CENTROS DE REHABILITACION SOCIAL,PRIVADO,DELINCUENCIA COMUN,AMENAZA,35,HOMBRE,MESTIZO/A,SOLTERO,ECUADOR,NINGUNA,5,1,3,MADRUGADA,OTRAS
ZONA 6,CANAR,LA TRONCAL,CANAR,LA TRONCAL,-2.41594,-79.32403,RURAL,TERRENO BALDIO,PUBLICO,DELINCUENCIA COMUN,TRAFICO INTERNO DE DROGAS (MICROTRAFICO),25,HOMBRE,MESTIZO/A,SOLTERO,ECUADOR,NINGUNA,5,1,21,NOCHE,ARMA_BLANCA
ZONA 2,ORELLANA,ORELLANA LORETO,ORELLANA,FRANCISCO DE ORELLANA,-0.37172,-77.02568,RURAL,FINCA,PRIVADO,DELINCUENCIA COMUN,AMENAZA,16,HOMBRE,BLANCO/A,SOLTERO,ECUADOR,NINGUNA,2,0,3,MADRUGADA,ARMA_CONTUNDENTE
ZONA 5,LOS RIOS,BABAHOYO,LOS RIOS,BABAHOYO,-1.79521899999999,-79.53409499999998,RURAL,FINCA,PRIVADO,DELINCUENCIA COMUN,ROBO DE MOTOS,38,HOMBRE,MESTIZO/A,EN UNION DE HECHO,ECUADOR,NINGUNA,4,0,7,MANANA,ARMA_FUEGO
ZONA 2,ORELLANA,ORELLANA LORETO,ORELLANA,LORETO,-0.68978,-77.31603,RURAL,VIA PUBLICA,PUBLICO,VIOLENCIA COMUNITARIA,LINCHAMIENTO,22,HOMBRE,INDIGENA,SOLTERO,ECUADOR,NINGUNA,5,1,18,NOCHE,ARMA_CONTUNDENTE
ZONA 7,EL ORO,MACHALA,EL ORO,MACHALA,-3.26442,-79.99496,URBANO,CASA/VILLA,PRIVADO,DELINCUENCIA COMUN,AMENAZA,28,HOMBRE,MESTIZO/A,SOLTERO,ECUADOR,NINGUNA,6,1,18,NOCHE,OTRAS
ZONA 5,GUAYAS,EL TRIUNFO BUCAY,GUAYAS,EL TRIUNFO,-2.32506280155952,-79.40144822001459,URBANO,VIA PUBLICA,PUBLICO,DELINCUENCIA COMUN,AMENAZA,60,MUJER,MESTIZO/A,SOLTERO,ECUADOR,NINGUNA,3,0,21,NOCHE,ARMA_FUEGO
ZONA 5,GUAYAS,DAULE,GUAYAS,SANTA LUCIA,-1.70684,-80.01824,RURAL,VIA PUBLICA,PUBLICO,DELINCUENCIA COMUN,ROBO A PERSONAS,28,HOMBRE,MESTIZO/A,SOLTERO,ECUADOR,NINGUNA,5,1,19,NOCHE,ARMA_BLANCA
ZONA 2,ORELLANA,ORELLANA LORETO,ORELLANA,FRANCISCO DE ORELLANA,-0.43105,-76.99425,URBANO,BARES,PRIVADO,DELINCUENCIA COMUN,AMENAZA,47,HOMBRE,MESTIZO/A,SOLTERO,COLOMBIA,NINGUNA,2,0,22,NOCHE,OTRAS
ZONA 9,D.M. QUITO,LA DELICIA,PICHINCHA,QUITO,-0.08412,-78.51114,URBANO,CASA/VILLA,PRIVADO,VIOLENCIA COMUNITARIA,RINAS,27,HOMBRE,MESTIZO/A,SOLTERO,ECUADOR,NINGUNA,6,1,20,NOCHE,ARMA_CONTUNDENTE
ZONA 1,SUCUMBIOS,LAGO AGRIO,SUCUMBIOS,LAGO AGRIO,0.09740999999999989,-76.85867299999998,RURAL,VIA PUBLICA,PUBLICO,VIOLENCIA COMUNITARIA,EMOCIONAL,22,HOMBRE,MESTIZO/A,SOLTERO,ECUADOR,NINGUNA,2,0,11,MANANA,ARMA_FUEGO
ZONA 3,CHIMBORAZO,GUANO,CHIMBORAZO,GUANO,-1.636438,-78.65221599999998,URBANO,VIA PUBLICA,PUBLICO,VIOLENCIA COMUNITARIA,RINAS,36,HOMBRE,MESTIZO/A,DIVORCIADO,ECUADOR,NINGUNA,4,0,21,NOCHE,ARMA_CONTUNDENTE
ZONA 3,COTOPAXI,DANSANTE,COTOPAXI,PUJILI,-0.93508,-79.03824,RURAL,CASA/VILLA,PRIVADO,VIOLENCIA COMUNITARIA,RINAS,48,HOMBRE,MESTIZO/A,SOLTERO,ECUADOR,NINGUNA,5,1,8,MANANA,ARMA_CONTUNDENTE
ZONA 4,MANABI,MANTA,MANABI,MONTECRISTI,-1.23549,-80.81201,RURAL,CONJUNTO HABITACIONAL,PRIVADO,VIOLENCIA COMUNITARIA,LITIGIO DE TIERRAS,67,MUJER,MESTIZO/A,VIUDO,HAITI,PSICOLOGICA,6,1,16,TARDE,ARMA_CONTUNDENTE
ZONA 8,D.M. GUAYAQUIL,PASCUALES,GUAYAS,GUAYAQUIL,-2.05309,-79.9436,URBANO,CENTROS DE REHABILITACION SOCIAL,PRIVADO,DELINCUENCIA COMUN,AMENAZA,30,HOMBRE,MESTIZO/A,SOLTERO,ECUADOR,NINGUNA,1,0,7,MANANA,OTRAS
ZONA 5,GUAYAS,EMPALME,GUAYAS,EL EMPALME,-1.04653316715396,-79.6256355104107,URBANO,VIA PUBLICA,PUBLICO,VIOLENCIA COMUNITARIA,RINAS,34,HOMBRE,MESTIZO/A,SOLTERO,ECUADOR,NINGUNA,0,0,20,NOCHE,ARMA_FUEGO
ZONA 6,CANAR,LA TRONCAL,CANAR,LA TRONCAL,-2.34938,-79.31205,URBANO,MAR,PUBLICO,DELINCUENCIA COMUN,TRAFICO INTERNO DE DROGAS (MICROTRAFICO),25,HOMBRE,MESTIZO/A,SOLTERO,ECUADOR,NINGUNA,6,1,11,MANANA,OTRAS
ZONA 1,ESMERALDAS,ATACAMES,ESMERALDAS,ATACAMES,0.79445,-79.79429,URBANO,VIA PUBLICA,PUBLICO,DELINCUENCIA COMUN,AMENAZA,45,HOMBRE,MESTIZO/A,SOLTERO,ECUADOR,NINGUNA,6,1,10,MANANA,ARMA_BLANCA
ZONA 4,MANABI,SUCRE,MANABI,SUCRE,-0.66076,-80.39241,RURAL,VIA PUBLICA,PUBLICO,VIOLENCIA COMUNITARIA,RINAS,47,HOMBRE,MESTIZO/A,DIVORCIADO,ECUADOR,NINGUNA,3,0,1,MADRUGADA,ARMA_BLANCA
ZONA 9,D.M. QUITO,EUGENIO ESPEJO,PICHINCHA,QUITO,-0.15213,-78.47242,URBANO,CENTROS DE REHABILITACION SOCIAL,PRIVADO,VIOLENCIA COMUNITARIA,RINAS,38,HOMBRE,MESTIZO/A,SOLTERO,ECUADOR,NINGUNA,4,0,9,MANANA,OTRAS
ZONA 8,D.M. GUAYAQUIL,PORTETE,GUAYAS,GUAYAQUIL,-2.21239,-79.92594,URBANO,CASA/VILLA,PRIVADO,VIOLENCIA COMUNITARIA,RINAS,57,HOMBRE,MESTIZO/A,CASADO,ECUADOR,NINGUNA,6,1,18,NOCHE,ARMA_CONTUNDENTE
ZONA 8,D.M. GUAYAQUIL,MODELO,GUAYAS,GUAYAQUIL,-2.1556,-79.89068,URBANO,VIA PUBLICA,PUBLICO,TERRORISMO,TERRORISMO,55,HOMBRE,MESTIZO/A,CASADO,ECUADOR,NINGUNA,1,0,18,NOCHE,OTRAS
ZONA 8,D.M. GUAYAQUIL,ESTEROS,GUAYAS,GUAYAQUIL,-2.22949,-79.90649,URBANO,VIA PUBLICA,PUBLICO,DELINCUENCIA COMUN,ROBO A PERSONAS,59,HOMBRE,MESTIZO/A,SOLTERO,ECUADOR,NINGUNA,0,0,8,MANANA,ARMA_BLANCA
ZONA 5,GUAYAS,EL TRIUNFO BUCAY,GUAYAS,EL TRIUNFO,-2.33253395419218,-79.4045662879944,URBANO,VIA PUBLICA,PUBLICO,DELINCUENCIA COMUN,AMENAZA,30,HOMBRE,MESTIZO/A,EN UNION DE HECHO,ECUADOR,NINGUNA,1,0,15,TARDE,ARMA_FUEGO
ZONA 5,LOS RIOS,BABAHOYO,LOS RIOS,MONTALVO,-1.83942,-79.43256,RURAL,VIA PUBLICA,PUBLICO,DELINCUENCIA COMUN,AMENAZA,31,HOMBRE,MESTIZO/A,SOLTERO,ECUADOR,INTELECTUAL,2,0,0,MADRUGADA,ARMA_BLANCA
ZONA 8,D.M. GUAYAQUIL,PASCUALES,GUAYAS,GUAYAQUIL,-2.05439,-79.94379,URBANO,CENTROS DE REHABILITACION SOCIAL,PRIVADO,VIOLENCIA COMUNITARIA,ACTOS DE ODIO,43,HOMBRE,MESTIZO/A,SOLTERO,ECUADOR,NINGUNA,3,0,10,MANANA,OTRAS
ZONA 8,D.M. GUAYAQUIL,PROGRESO,GUAYAS,GUAYAQUIL,-2.3842889,-80.356493,RURAL,ESTACION DE BOMBEROS,PRIVADO,VIOLENCIA COMUNITARIA,RINAS,25,HOMBRE,MESTIZO/A,SOLTERO,ECUADOR,NINGUNA,5,1,17,TARDE,ARMA_FUEGO
ZONA 9,D.M. QUITO,EUGENIO ESPEJO,PICHINCHA,QUITO,-0.14652,-78.46716,URBANO,VIA PUBLICA,PUBLICO,VIOLENCIA COMUNITARIA,RINAS,41,HOMBRE,MESTIZO/A,EN UNION DE HECHO,VENEZUELA,NINGUNA,5,1,11,MANANA,ARMA_BLANCA
ZONA 4,MANABI,SUCRE,MANABI,SUCRE,-0.63633,-80.42406,URBANO,CENTROS DE REHABILITACION SOCIAL,PRIVADO,DELINCUENCIA COMUN,AMENAZA,37,HOMBRE,MESTIZO/A,CASADO,ECUADOR,NINGUNA,0,0,17,TARDE,OTRAS
ZONA 1,ESMERALDAS,ATACAMES,ESMERALDAS,ATACAMES,0.850026567438625,-79.80029672384259,RURAL,VIA PUBLICA,PUBLICO,DELINCUENCIA COMUN,AMENAZA,51,HOMBRE,AFRO,SOLTERO,ECUADOR,NINGUNA,1,0,10,MANANA,ARMA_CONTUNDENTE
ZONA 4,STO DGO DE LOS TSACHILAS,SANTO DOMINGO ESTE,STO DGO DE LOS TSACHILAS,SANTO DOMINGO,-0.21506,-79.14665,RURAL,VIA PUBLICA,PUBLICO,DELINCUENCIA COMUN,AMENAZA,37,HOMBRE,MESTIZO/A,DIVORCIADO,ECUADOR,NINGUNA,6,1,23,NOCHE,OTRAS
ZONA 8,D.M. GUAYAQUIL,PASCUALES,GUAYAS,GUAYAQUIL,-2.0523,-79.94375,URBANO,CENTROS DE REHABILITACION SOCIAL,PRIVADO,VIOLENCIA COMUNITARIA,RINAS,27,HOMBRE,MESTIZO/A,SOLTERO,ECUADOR,NINGUNA,2,0,0,MADRUGADA,OTRAS
ZONA 8,D.M. GUAYAQUIL,PROGRESO,GUAYAS,GUAYAQUIL,-2.71689,-80.25162,URBANO,CASA/VILLA,PRIVADO,DELINCUENCIA COMUN,TRAFICO INTERNO DE DROGAS (MICROTRAFICO),61,HOMBRE,MESTIZO/A,SOLTERO,ECUADOR,NINGUNA,2,0,7,MANANA,ARMA_BLANCA
ZONA 6,CANAR,AZOGUES,CANAR,AZOGUES,-2.718,-78.84401,URBANO,CASA/VILLA,PRIVADO,DELINCUENCIA COMUN,AMENAZA,40,HOMBRE,MESTIZO/A,SOLTERO,ECUADOR,NINGUNA,5,1,19,NOCHE,OTRAS
ZONA 6,AZUAY,SIGSIG,AZUAY,SIGSIG,-3.16183,-78.90588,RURAL,VIA PUBLICA,PUBLICO,DELINCUENCIA COMUN,AMENAZA,64,MUJER,MESTIZO/A,VIUDO,ECUADOR,NINGUNA,1,0,6,MANANA,OTRAS
ZONA 1,ESMERALDAS,ESMERALDAS,ESMERALDAS,ESMERALDAS,0.7595,-79.59153,RURAL,VIA PUBLICA,PUBLICO,DELINCUENCIA COMUN,AMENAZA,44,HOMBRE,MESTIZO/A,CASADO,ECUADOR,NINGUNA,0,0,9,MANANA,ARMA_BLANCA
ZONA 9,D.M. QUITO,ELOY ALFARO - DMQ,PICHINCHA,QUITO,-0.24394,-78.53987,URBANO,HOSPITALES,PRIVADO,DELINCUENCIA COMUN,AMENAZA,62,HOMBRE,MESTIZO/A,VIUDO,ECUADOR,NINGUNA,0,0,13,TARDE,ARMA_CONTUNDENTE
ZONA 1,ESMERALDAS,ATACAMES,ESMERALDAS,ATACAMES,0.8421,-79.8312,RURAL,VIA PUBLICA,PUBLICO,DELINCUENCIA COMUN,AMENAZA,29,HOMBRE,MESTIZO/A,SOLTERO,ECUADOR,NINGUNA,5,1,23,NOCHE,ARMA_FUEGO
ZONA 5,SANTA ELENA,SANTA ELENA,SANTA ELENA,SANTA ELENA,-2.32967976550424,-80.5379980802536,RURAL,VIA PUBLICA,PUBLICO,DELINCUENCIA COMUN,ROBO DE CARROS,35,HOMBRE,MULATO/A,CASADO,ECUADOR,NINGUNA,6,1,10,MANANA,ARMA_CONTUNDENTE
ZONA 8,D.M. GUAYAQUIL,PASCUALES,GUAYAS,GUAYAQUIL,-2.05139,-79.94489,URBANO,CENTROS DE REHABILITACION SOCIAL,PRIVADO,DELINCUENCIA COMUN,AMENAZA,40,HOMBRE,MESTIZO/A,SOLTERO,ECUADOR,NINGUNA,1,0,3,MADRUGADA,ARMA_BLANCA
ZONA 9,D.M. QUITO,EUGENIO ESPEJO,PICHINCHA,QUITO,-0.15213,-78.47243,URBANO,CENTROS DE REHABILITACION SOCIAL,PRIVADO,DELINCUENCIA COMUN,AMENAZA,31,HOMBRE,MESTIZO/A,SOLTERO,ECUADOR,NINGUNA,2,0,1,MADRUGADA,OTRAS
ZONA 7,EL ORO,MACHALA,EL ORO,MACHALA,-3.24934,-79.97483,URBANO,VIA PUBLICA,PUBLICO,DELINCUENCIA COMUN,TRAFICO INTERNO DE DROGAS (MICROTRAFICO),22,HOMBRE,MESTIZO/A,SOLTERO,ECUADOR,NINGUNA,2,0,2,MADRUGADA,ARMA_FUEGO
ZONA 5,GUAYAS,PEDRO CARBO,GUAYAS,LOMAS DE SARGENTILLO,-1.86252103436916,-80.0861129164696,RURAL,VIA PUBLICA,PUBLICO,DELINCUENCIA COMUN,ROBO A PERSONAS,61,HOMBRE,MESTIZO/A,SOLTERO,ECUADOR,NINGUNA,6,1,11,MANANA,ARMA_CONTUNDENTE
ZONA 8,D.M. GUAYAQUIL,CEIBOS,GUAYAS,GUAYAQUIL,-2.12943,-79.98118,URBANO,VIA PUBLICA,PUBLICO,DELINCUENCIA COMUN,ROBO DE CARROS,69,HOMBRE,MESTIZO/A,CASADO,ECUADOR,NINGUNA,0,0,22,NOCHE,OTRAS
ZONA 4,MANABI,JIPIJAPA,MANABI,JIPIJAPA,-1.36085,-80.58786,URBANO,CENTROS DE REHABILITACION SOCIAL,PRIVADO,DELINCUENCIA COMUN,AMENAZA,34,HOMBRE,MESTIZO/A,SOLTERO,ECUADOR,NINGUNA,3,0,21,NOCHE,OTRAS
ZONA 8,D.M. GUAYAQUIL,SUR - DMG,GUAYAS,GUAYAQUIL,-2.26082,-79.87901,URBANO,VIA PUBLICA,PUBLICO,VIOLENCIA COMUNITARIA,RINAS,37,HOMBRE,MESTIZO/A,SOLTERO,ECUADOR,NINGUNA,0,0,7,MANANA,ARMA_BLANCA
ZONA 8,D.M. GUAYAQUIL,PASCUALES,GUAYAS,GUAYAQUIL,-2.08915,-79.89455,URBANO,VIA PUBLICA,PUBLICO,VIOLENCIA COMUNITARIA,ACTOS DE ODIO,18,HOMBRE,AFRO,SOLTERO,ECUADOR,NINGUNA,6,1,20,NOCHE,ARMA_FUEGO
ZONA 7,EL ORO,HUAQUILLAS,EL ORO,HUAQUILLAS,-3.46592193625017,-80.2267311198603,URBANO,VIA PUBLICA,PUBLICO,DELINCUENCIA COMUN,AMENAZA,16,HOMBRE,MESTIZO/A,SOLTERO,ECUADOR,FISICA,6,1,2,MADRUGADA,ARMA_FUEGO
ZONA 5,LOS RIOS,BUENA FE,LOS RIOS,BUENA FE,-0.57215,-79.37202,URBANO,VIA PUBLICA,PUBLICO,DELINCUENCIA COMUN,AMENAZA,24,HOMBRE,MESTIZO/A,SOLTERO,ECUADOR,NINGUNA,5,1,10,MANANA,ARMA_BLANCA
ZONA 8,D.M. GUAYAQUIL,NUEVA PROSPERINA,GUAYAS,GUAYAQUIL,-2.12244,-79.96546,URBANO,VIA PUBLICA,PUBLICO,DELINCUENCIA COMUN,TRAFICO INTERNO DE DROGAS (MICROTRAFICO),24,HOMBRE,MESTIZO/A,SOLTERO,ECUADOR,NINGUNA,4,0,16,TARDE,ARMA_CONTUNDENTE
ZONA 4,MANABI,PORTOVIEJO,MANABI,PORTOVIEJO,-1.01738,-80.38606,URBANO,CENTROS DE REHABILITACION SOCIAL,PRIVADO,DELINCUENCIA COMUN,AMENAZA,28,HOMBRE,MESTIZO/A,SOLTERO,ECUADOR,NINGUNA,3,0,15,TARDE,OTRAS
ZONA 8,D.M. GUAYAQUIL,PROGRESO,GUAYAS,GUAYAQUIL,-2.72013,-80.30353,URBANO,VIA PUBLICA,PUBLICO,DELINCUENCIA COMUN,AMENAZA,26,HOMBRE,MESTIZO/A,SOLTERO,ECUADOR,NINGUNA,5,1,11,MANANA,ARMA_BLANCA
ZONA 7,EL ORO,MACHALA,EL ORO,MACHALA,-3.43322,-79.97005,RURAL,VIA PUBLICA,PUBLICO,DELINCUENCIA COMUN,AMENAZA,30,HOMBRE,MESTIZO/A,SOLTERO,ECUADOR,NINGUNA,1,0,0,MADRUGADA,ARMA_BLANCA
ZONA 1,ESMERALDAS,ESMERALDAS,ESMERALDAS,ESMERALDAS,0.98418,-79.64714,URBANO,RIO,PUBLICO,DELINCUENCIA COMUN,AMENAZA,23,HOMBRE,MESTIZO/A,SOLTERO,ECUADOR,NINGUNA,2,0,4,MADRUGADA,ARMA_BLANCA
ZONA 8,D.M. GUAYAQUIL,ESTEROS,GUAYAS,GUAYAQUIL,-2.24544,-79.91916,URBANO,CASA/VILLA,PRIVADO,DELINCUENCIA COMUN,TRAFICO INTERNO DE DROGAS (MICROTRAFICO),18,MUJER,MESTIZO/A,SOLTERO,ECUADOR,NINGUNA,4,0,18,NOCHE,ARMA_FUEGO
ZONA 8,D.M. GUAYAQUIL,NUEVA PROSPERINA,GUAYAS,GUAYAQUIL,-2.09769,-79.98028,URBANO,LAGUNA - LAGO,PUBLICO,DELINCUENCIA COMUN,AMENAZA,27,HOMBRE,MESTIZO/A,SOLTERO,ECUADOR,NINGUNA,6,1,14,TARDE,ARMA_CONTUNDENTE
ZONA 5,GUAYAS,YAGUACHI,GUAYAS,SAN JACINTO DE YAGUACHI,-2.08789,-79.63451,URBANO,VIA PUBLICA,PUBLICO,DELINCUENCIA COMUN,AMENAZA,32,HOMBRE,MESTIZO/A,SOLTERO,ECUADOR,NINGUNA,6,1,20,NOCHE,ARMA_BLANCA
ZONA 3,COTOPAXI,SALCEDO,COTOPAXI,SALCEDO,-1.028083,-78.579848,URBANO,CASA/VILLA,PRIVADO,VIOLENCIA INTRAFAMILIAR,MALTRATO,63,MUJER,MESTIZO/A,VIUDO,ECUADOR,AUDITIVA,6,1,3,MADRUGADA,ARMA_CONTUNDENTE
ZONA 8,D.M. GUAYAQUIL,PASCUALES,GUAYAS,GUAYAQUIL,-2.06972,-79.93666,URBANO,VIA PUBLICA,PUBLICO,DELINCUENCIA COMUN,AMENAZA,47,HOMBRE,MESTIZO/A,CASADO,ECUADOR,NINGUNA,3,0,3,MADRUGADA,ARMA_FUEGO
ZONA 8,D.M. GUAYAQUIL,NUEVA PROSPERINA,GUAYAS,GUAYAQUIL,-2.1273,-80.00197,URBANO,HOSPITALES,PRIVADO,DELINCUENCIA COMUN,AMENAZA,25,HOMBRE,MESTIZO/A,SOLTERO,ECUADOR,NINGUNA,3,0,16,TARDE,ARMA_CONTUNDENTE
ZONA 4,STO DGO DE LOS TSACHILAS,SANTO DOMINGO ESTE,STO DGO DE LOS TSACHILAS,SANTO DOMINGO,-0.2598,-79.1768,URBANO,CASA/VILLA,PRIVADO,VIOLENCIA COMUNITARIA,ACTOS DE ODIO,50,HOMBRE,MESTIZO/A,EN UNION DE HECHO,ECUADOR,NINGUNA,1,0,13,TARDE,ARMA_CONTUNDENTE
ZONA 8,D.M. GUAYAQUIL,DURAN,GUAYAS,DURAN,-2.14556,-79.83539,URBANO,VIA PUBLICA,PUBLICO,DELINCUENCIA COMUN,AMENAZA,26,HOMBRE,MESTIZO/A,SOLTERO,ECUADOR,NINGUNA,6,1,3,MADRUGADA,ARMA_CONTUNDENTE
ZONA 7,EL ORO,HUAQUILLAS,EL ORO,HUAQUILLAS,-3.4763823,-80.22254479999998,URBANO,VIA PUBLICA,PUBLICO,DELINCUENCIA COMUN,AMENAZA,27,HOMBRE,MESTIZO/A,SOLTERO,ECUADOR,NINGUNA,2,0,20,NOCHE,ARMA_FUEGO
ZONA 9,D.M. QUITO,ELOY ALFARO - DMQ,PICHINCHA,QUITO,-0.25066,-78.53824,URBANO,VIA PUBLICA,PUBLICO,DELINCUENCIA COMUN,ROBO A PERSONAS,29,HOMBRE,MESTIZO/A,SOLTERO,ECUADOR,NINGUNA,0,0,23,NOCHE,ARMA_BLANCA
ZONA 5,GUAYAS,YAGUACHI,GUAYAS,SAN JACINTO DE YAGUACHI,-2.17819,-79.68733,RURAL,FINCA,PRIVADO,DELINCUENCIA COMUN,ROBO A PERSONAS,78,HOMBRE,BLANCO/A,SOLTERO,ECUADOR,NINGUNA,4,0,14,TARDE,ARMA_CONTUNDENTE
ZONA 8,D.M. GUAYAQUIL,PASCUALES,GUAYAS,GUAYAQUIL,-2.08321,-79.93704,URBANO,VIA PUBLICA,PUBLICO,DELINCUENCIA COMUN,AMENAZA,18,HOMBRE,MONTUBIO/A,SOLTERO,ECUADOR,NINGUNA,6,1,15,TARDE,ARMA_FUEGO
ZONA 4,MANABI,ROCAFUERTE,MANABI,TOSAGUA,-0.78427,-80.23538,URBANO,CASA/VILLA,PRIVADO,DELINCUENCIA COMUN,TRAFICO INTERNO DE DROGAS (MICROTRAFICO),32,HOMBRE,MESTIZO/A,SOLTERO,ECUADOR,NINGUNA,5,1,21,NOCHE,ARMA_FUEGO
ZONA 8,D.M. GUAYAQUIL,MODELO,GUAYAS,GUAYAQUIL,-2.18397,-79.89093,URBANO,VIA PUBLICA,PUBLICO,VIOLENCIA COMUNITARIA,RINAS,39,HOMBRE,MESTIZO/A,SOLTERO,ECUADOR,NINGUNA,2,0,13,TARDE,OTRAS
ZONA 6,MORONA SANTIAGO,TAISHA,MORONA SANTIAGO,TAISHA,-2.24409,-77.67029,RURAL,CANCHAS DE USO MULTIPLE,PUBLICO,DELINCUENCIA COMUN,AMENAZA,55,HOMBRE,INDIGENA,SOLTERO,ECUADOR,NINGUNA,2,0,4,MADRUGADA,ARMA_CONTUNDENTE
ZONA 5,GUAYAS,DAULE,GUAYAS,NOBOL,-1.89694,-80.05029,RURAL,TERRENO BALDIO,PUBLICO,DELINCUENCIA COMUN,AMENAZA,51,HOMBRE,MESTIZO/A,CASADO,ECUADOR,NINGUNA,3,0,20,NOCHE,OTRAS
ZONA 1,IMBABURA,CIUDAD BLANCA,IMBABURA,IBARRA,0.37058,-78.13339,URBANO,TERRENO BALDIO,PUBLICO,DELINCUENCIA COMUN,ROBO A PERSONAS,62,HOMBRE,MESTIZO/A,CASADO,ECUADOR,NINGUNA,4,0,3,MADRUGADA,ARMA_BLANCA
ZONA 4,MANABI,CHONE,MANABI,CHONE,-0.71443,-80.09688,URBANO,TERRENO BALDIO,PUBLICO,DELINCUENCIA COMUN,TRAFICO INTERNO DE DROGAS (MICROTRAFICO),25,HOMBRE,MESTIZO/A,SOLTERO,ECUADOR,NINGUNA,5,1,2,MADRUGADA,ARMA_FUEGO
ZONA 1,ESMERALDAS,ATACAMES,ESMERALDAS,ATACAMES,0.84452,-79.88305,RURAL,VIA PUBLICA,PUBLICO,DELINCUENCIA COMUN,ROBO A PERSONAS,57,HOMBRE,MESTIZO/A,SOLTERO,ECUADOR,NINGUNA,6,1,15,TARDE,OTRAS
ZONA 4,STO DGO DE LOS TSACHILAS,LA CONCORDIA,STO DGO DE LOS TSACHILAS,LA CONCORDIA,-0.029675,-79.497443,RURAL,VIA PUBLICA,PUBLICO,DELINCUENCIA COMUN,ROBO A PERSONAS,25,HOMBRE,MESTIZO/A,SOLTERO,ECUADOR,NINGUNA,3,0,9,MANANA,ARMA_FUEGO
ZONA 5,GUAYAS,EMPALME,GUAYAS,EL EMPALME,-1.03831,-79.62971,URBANO,CASA/VILLA,PRIVADO,DELINCUENCIA COMUN,AMENAZA,54,HOMBRE,MESTIZO/A,SOLTERO,ECUADOR,NINGUNA,4,0,12,TARDE,ARMA_FUEGO
ZONA 5,GUAYAS,PEDRO CARBO,GUAYAS,LOMAS DE SARGENTILLO,-1.83092,-80.07891,RURAL,"TIENDAS, MICROMERCADO, ABARROTES",PRIVADO,VIOLENCIA COMUNITARIA,RINAS,24,MUJER,MESTIZO/A,SOLTERO,ECUADOR,NINGUNA,1,0,9,MANANA,ARMA_BLANCA
ZONA 9,D.M. QUITO,QUITUMBE,PICHINCHA,QUITO,-0.31865,-78.55015,URBANO,VIA PUBLICA,PUBLICO,DELINCUENCIA COMUN,AMENAZA,39,HOMBRE,MESTIZO/A,EN UNION DE HECHO,ECUADOR,NINGUNA,1,0,21,NOCHE,OTRAS
ZONA 5,LOS RIOS,QUEVEDO,LOS RIOS,QUEVEDO,-1.023257,-79.46254999999998,URBANO,VIA PUBLICA,PUBLICO,VIOLENCIA COMUNITARIA,RINAS,19,HOMBRE,MESTIZO/A,SOLTERO,ECUADOR,NINGUNA,0,0,18,NOCHE,ARMA_CONTUNDENTE
ZONA 8,D.M. GUAYAQUIL,DURAN,GUAYAS,DURAN,-2.16331,-79.8469,URBANO,VIA PUBLICA,PUBLICO,DELINCUENCIA COMUN,TRAFICO INTERNO DE DROGAS (MICROTRAFICO),31,HOMBRE,MESTIZO/A,SOLTERO,ECUADOR,NINGUNA,5,1,6,MANANA,ARMA_BLANCA
ZONA 5,SANTA ELENA,LIBERTAD SALINAS,SANTA ELENA,SALINAS,-2.2136510370642,-80.943007995907,RURAL,MAR,PUBLICO,DELINCUENCIA COMUN,ROBO A PERSONAS,62,HOMBRE,MESTIZO/A,SOLTERO,ECUADOR,NINGUNA,3,0,21,NOCHE,ARMA_FUEGO
ZONA 4,MANABI,PORTOVIEJO,MANABI,PORTOVIEJO,-1.07043,-80.44812,URBANO,COVACHA/CHOZA,PRIVADO,DELINCUENCIA COMUN,AMENAZA,42,HOMBRE,MESTIZO/A,SOLTERO,ECUADOR,NINGUNA,3,0,17,TARDE,ARMA_CONTUNDENTE
ZONA 4,MANABI,MANTA,MANABI,MANTA,-0.98139,-80.71441,URBANO,VIA PUBLICA,PUBLICO,DELINCUENCIA COMUN,AMENAZA,20,HOMBRE,MESTIZO/A,SOLTERO,ECUADOR,NINGUNA,4,0,2,MADRUGADA,ARMA_FUEGO
ZONA 8,D.M. GUAYAQUIL,PASCUALES,GUAYAS,GUAYAQUIL,-2.05309,-79.9436,URBANO,CENTROS DE REHABILITACION SOCIAL,PRIVADO,DELINCUENCIA COMUN,AMENAZA,30,HOMBRE,AFRO,SOLTERO,ECUADOR,NINGUNA,4,0,8,MANANA,OTRAS
ZONA 5,GUAYAS,NARANJAL BALAO,GUAYAS,NARANJAL,-2.40478,-79.50792,RURAL,VIA PUBLICA,PUBLICO,DELINCUENCIA COMUN,AMENAZA,21,MUJER,MESTIZO/A,SOLTERO,ECUADOR,NINGUNA,4,0,20,NOCHE,ARMA_CONTUNDENTE
ZONA 8,D.M. GUAYAQUIL,SUR - DMG,GUAYAS,GUAYAQUIL,-2.26931896672169,-79.877247077082,URBANO,VIA PUBLICA,PUBLICO,VIOLENCIA COMUNITARIA,RINAS,45,HOMBRE,MESTIZO/A,SOLTERO,PERU,NINGUNA,0,0,17,TARDE,ARMA_CONTUNDENTE
ZONA 4,MANABI,PORTOVIEJO,MANABI,PORTOVIEJO,-1.01558,-80.38593,RURAL,CENTROS DE REHABILITACION SOCIAL,PRIVADO,DELINCUENCIA COMUN,AMENAZA,24,HOMBRE,MESTIZO/A,SOLTERO,ECUADOR,NINGUNA,6,1,7,MANANA,OTRAS
ZONA 1,ESMERALDAS,ESMERALDAS,ESMERALDAS,ESMERALDAS,0.98518,-79.66275,URBANO,TERRENO BALDIO,PUBLICO,VIOLENCIA INTRAFAMILIAR,SENTIMENTAL,35,MUJER,MESTIZO/A,SOLTERO,ECUADOR,NINGUNA,3,0,2,MADRUGADA,OTRAS
ZONA 7,EL ORO,PASAJE,EL ORO,EL GUABO,-3.23938,-79.82806,URBANO,OTROS LOCALES COMERCIALES,PRIVADO,DELINCUENCIA COMUN,AMENAZA,50,HOMBRE,MESTIZO/A,CASADO,ECUADOR,NINGUNA,5,1,10,MANANA,ARMA_FUEGO
ZONA 1,SUCUMBIOS,LAGO AGRIO,SUCUMBIOS,LAGO AGRIO,0.07992,-76.8835,URBANO,VIA PUBLICA,PUBLICO,DELINCUENCIA COMUN,ROBO A PERSONAS,46,HOMBRE,MESTIZO/A,CASADO,COLOMBIA,NINGUNA,6,1,5,MADRUGADA,ARMA_BLANCA
ZONA 1,ESMERALDAS,ESMERALDAS,ESMERALDAS,ESMERALDAS,0.73885,-79.52681,RURAL,CASA/VILLA,PRIVADO,DELINCUENCIA COMUN,ROBO A DOMICILIOS,75,HOMBRE,MESTIZO/A,SOLTERO,ECUADOR,NINGUNA,5,1,2,MADRUGADA,ARMA_CONTUNDENTE
ZONA 8,D.M. GUAYAQUIL,DURAN,GUAYAS,DURAN,-2.15883,-79.79125,URBANO,VIA PUBLICA,PUBLICO,DELINCUENCIA COMUN,ROBO DE MOTOS,40,HOMBRE,MESTIZO/A,SOLTERO,ECUADOR,NINGUNA,3,0,6,MANANA,ARMA_BLANCA
ZONA 9,D.M. QUITO,EUGENIO ESPEJO,PICHINCHA,QUITO,-0.1727,-78.48659,URBANO,VIA PUBLICA,PUBLICO,VIOLENCIA COMUNITARIA,RINAS,39,HOMBRE,AFRO,SOLTERO,ECUADOR,NINGUNA,5,1,16,TARDE,ARMA_BLANCA
ZONA 1,IMBABURA,CIUDAD BLANCA,IMBABURA,IBARRA,0.34504,-78.11336,URBANO,CASA/VILLA,PRIVADO,PSICOPATOLOGIAS,TRASTORNOS MENTALES,24,MUJER,MESTIZO/A,SOLTERO,ECUADOR,NINGUNA,4,0,14,TARDE,ARMA_BLANCA
ZONA 1,IMBABURA,CIUDAD BLANCA,IMBABURA,IBARRA,0.39,-78.11,URBANO,TERRENO BALDIO,PUBLICO,DELINCUENCIA COMUN,ROBO A PERSONAS,31,HOMBRE,MESTIZO/A,SOLTERO,ECUADOR,NINGUNA,0,0,23,NOCHE,ARMA_CONTUNDENTE
ZONA 5,LOS RIOS,BUENA FE,LOS RIOS,BUENA FE,-0.58772,-79.36136,RURAL,RIO,PUBLICO,DELINCUENCIA COMUN,AMENAZA,30,HOMBRE,MESTIZO/A,SOLTERO,ECUADOR,NINGUNA,6,1,23,NOCHE,ARMA_BLANCA
ZONA 8,D.M. GUAYAQUIL,SUR - DMG,GUAYAS,GUAYAQUIL,-2.263315,-79.883545,URBANO,VIA PUBLICA,PUBLICO,VIOLENCIA COMUNITARIA,RINAS,25,HOMBRE,BLANCO/A,SOLTERO,ECUADOR,NINGUNA,5,1,22,NOCHE,ARMA_FUEGO
ZONA 5,LOS RIOS,VENTANAS,LOS RIOS,QUINSALOMA,-1.20789,-79.31346,URBANO,VIA PUBLICA,PUBLICO,DELINCUENCIA COMUN,AMENAZA,51,HOMBRE,MESTIZO/A,SOLTERO,ECUADOR,NINGUNA,6,1,5,MADRUGADA,ARMA_BLANCA
ZONA 6,CANAR,LA TRONCAL,CANAR,LA TRONCAL,-2.45174,-79.37556,URBANO,VIA PUBLICA,PUBLICO,DELINCUENCIA COMUN,TRAFICO INTERNO DE DROGAS (MICROTRAFICO),28,HOMBRE,MESTIZO/A,SOLTERO,ECUADOR,NINGUNA,4,0,23,NOCHE,ARMA_FUEGO
ZONA 2,PICHINCHA,RUMINAHUI - MEJIA,PICHINCHA,RUMINAHUI,-0.40406,-78.43202,RURAL,VIA PUBLICA,PUBLICO,VIOLENCIA COMUNITARIA,RINAS,67,HOMBRE,MESTIZO/A,DIVORCIADO,ECUADOR,NINGUNA,5,1,5,MADRUGADA,OTRAS
ZONA 1,IMBABURA,CIUDAD BLANCA,IMBABURA,IBARRA,0.36572,-78.13879,URBANO,CASA/VILLA,PRIVADO,DELINCUENCIA COMUN,AMENAZA,30,HOMBRE,MESTIZO/A,SOLTERO,ECUADOR,NINGUNA,3,0,5,MADRUGADA,ARMA_FUEGO
ZONA 5,GUAYAS,NARANJAL BALAO,GUAYAS,NARANJAL,-2.54177799999999,-79.545642,URBANO,CASA/VILLA,PRIVADO,VIOLENCIA COMUNITARIA,RINAS,80,HOMBRE,MESTIZO/A,SOLTERO,ECUADOR,NINGUNA,6,1,12,TARDE,ARMA_CONTUNDENTE
ZONA 3,COTOPAXI,LATACUNGA,COTOPAXI,LATACUNGA,-0.90858,-78.5472,RURAL,CASA/VILLA,PRIVADO,DELINCUENCIA COMUN,AMENAZA,66,HOMBRE,MESTIZO/A,SOLTERO,ECUADOR,NINGUNA,2,0,20,NOCHE,ARMA_CONTUNDENTE
ZONA 8,D.M. GUAYAQUIL,FLORIDA,GUAYAS,GUAYAQUIL,-2.12558,-79.92754,URBANO,VIA PUBLICA,PUBLICO,DELINCUENCIA COMUN,ROBO A PERSONAS,25,MUJER,MESTIZO/A,SOLTERO,ECUADOR,NINGUNA,6,1,10,MANANA,OTRAS
ZONA 5,GUAYAS,NARANJITO MARCELINO MARIDUENA,GUAYAS,NARANJITO,-2.17691,-79.46392,URBANO,CASA/VILLA,PRIVADO,VIOLENCIA INTRAFAMILIAR,SENTIMENTAL,13,HOMBRE,MESTIZO/A,SOLTERO,ECUADOR,NINGUNA,1,0,3,MADRUGADA,ARMA_BLANCA
ZONA 5,GUAYAS,EL TRIUNFO BUCAY,GUAYAS,EL TRIUNFO,-2.2865869999999906,-79.51699,RURAL,FINCA,PRIVADO,DELINCUENCIA COMUN,AMENAZA,33,HOMBRE,MESTIZO/A,SOLTERO,ECUADOR,NINGUNA,5,1,23,NOCHE,ARMA_FUEGO
ZONA 5,LOS RIOS,QUEVEDO,LOS RIOS,QUEVEDO,-1.03848481039209,-79.47369968838758,URBANO,VIA PUBLICA,PUBLICO,DELINCUENCIA COMUN,AMENAZA,28,HOMBRE,MESTIZO/A,CASADO,ECUADOR,NINGUNA,4,0,11,MANANA,ARMA_FUEGO
ZONA 5,GUAYAS,NARANJITO MARCELINO MARIDUENA,GUAYAS,CORONEL MARCELINO MARIDUENA,-2.21757,-79.35194,RURAL,VIA PUBLICA,PUBLICO,VIOLENCIA COMUNITARIA,LINCHAMIENTO,19,HOMBRE,MESTIZO/A,SOLTERO,ECUADOR,NINGUNA,0,0,18,NOCHE,OTRAS
ZONA 3,TUNGURAHUA,AMBATO SUR,TUNGURAHUA,AMBATO,-1.3111,-78.63606,URBANO,VIA PUBLICA,PUBLICO,VIOLENCIA COMUNITARIA,RINAS,33,HOMBRE,INDIGENA,SOLTERO,ECUADOR,NINGUNA,5,1,6,MANANA,OTRAS
ZONA 7,EL ORO,PASAJE,EL ORO,EL GUABO,-3.18743,-79.84751,RURAL,HACIENDAS,PRIVADO,VIOLENCIA COMUNITARIA,ACTOS DE ODIO,25,HOMBRE,MESTIZO/A,SOLTERO,ECUADOR,NINGUNA,4,0,23,NOCHE,OTRAS
ZONA 9,D.M. QUITO,LA DELICIA,PICHINCHA,QUITO,-0.10134,-78.46975,URBANO,VIA PUBLICA,PUBLICO,VIOLENCIA INTRAFAMILIAR,SENTIMENTAL,29,MUJER,MESTIZO/A,SOLTERO,ECUADOR,NINGUNA,4,0,23,NOCHE,OTRAS
ZONA 5,LOS RIOS,QUEVEDO,LOS RIOS,QUEVEDO,-1.029724,-79.47008499999998,URBANO,VIA PUBLICA,PUBLICO,VIOLENCIA COMUNITARIA,ACTOS DE ODIO,10,HOMBRE,MESTIZO/A,SOLTERO,ECUADOR,NINGUNA,6,1,7,MANANA,ARMA_FUEGO
ZONA 5,GUAYAS,DAULE,GUAYAS,NOBOL,-1.92966,-80.00127,URBANO,VIA PUBLICA,PUBLICO,DELINCUENCIA COMUN,AMENAZA,37,HOMBRE,MESTIZO/A,SOLTERO,ECUADOR,NINGUNA,0,0,3,MADRUGADA,ARMA_BLANCA
ZONA 4,MANABI,MANTA,MANABI,MONTECRISTI,-1.06828,-80.66165,RURAL,NIGHT CLUBS,PRIVADO,DELINCUENCIA COMUN,AMENAZA,39,HOMBRE,MESTIZO/A,SOLTERO,ECUADOR,NINGUNA,0,0,22,NOCHE,ARMA_FUEGO
ZONA 5,LOS RIOS,QUEVEDO,LOS RIOS,QUEVEDO,-1.07569,-79.44456,RURAL,RIO,PUBLICO,DELINCUENCIA COMUN,AMENAZA,42,HOMBRE,MESTIZO/A,SOLTERO,ECUADOR,NINGUNA,1,0,10,MANANA,ARMA_BLANCA
ZONA 9,D.M. QUITO,MANUELA SAENZ,PICHINCHA,QUITO,-0.22146,-78.51804,URBANO,CASA/VILLA,PRIVADO,VIOLENCIA INTRAFAMILIAR,SENTIMENTAL,49,MUJER,MESTIZO/A,CASADO,ECUADOR,NINGUNA,6,1,3,MADRUGADA,ARMA_CONTUNDENTE
ZONA 7,LOJA,CATACOCHA,LOJA,PALTAS,-3.97460032209661,-79.75036000403628,URBANO,BOSQUE Y RESERVAS ECOLOGICAS,PUBLICO,VIOLENCIA COMUNITARIA,EMOCIONAL,33,MUJER,MESTIZO/A,SOLTERO,ECUADOR,NINGUNA,0,0,12,TARDE,ARMA_CONTUNDENTE
ZONA 8,D.M. GUAYAQUIL,NUEVA PROSPERINA,GUAYAS,GUAYAQUIL,-2.09979,-79.96048,URBANO,VIA PUBLICA,PUBLICO,DELINCUENCIA COMUN,AMENAZA,47,HOMBRE,MESTIZO/A,SOLTERO,ECUADOR,NINGUNA,0,0,18,NOCHE,ARMA_FUEGO
ZONA 1,ESMERALDAS,ESMERALDAS,ESMERALDAS,ESMERALDAS,0.92149,-79.66077,URBANO,RIO,PUBLICO,DELINCUENCIA COMUN,AMENAZA,23,HOMBRE,MULATO/A,SOLTERO,ECUADOR,NINGUNA,2,0,14,TARDE,OTRAS
ZONA 4,MANABI,PORTOVIEJO,MANABI,PORTOVIEJO,-1.05091,-80.44389,URBANO,VIA PUBLICA,PUBLICO,DELINCUENCIA COMUN,TRAFICO INTERNO DE DROGAS (MICROTRAFICO),46,HOMBRE,MESTIZO/A,SOLTERO,ECUADOR,NINGUNA,1,0,2,MADRUGADA,ARMA_FUEGO
ZONA 6,CANAR,CANAR,CANAR,CANAR,-2.43213,-79.24122,RURAL,CASA/VILLA,PRIVADO,VIOLENCIA COMUNITARIA,EMOCIONAL,59,HOMBRE,MESTIZO/A,CASADO,ECUADOR,NINGUNA,2,0,5,MADRUGADA,ARMA_BLANCA
ZONA 6,MORONA SANTIAGO,SUR - MORONA,MORONA SANTIAGO,GUALAQUIZA,-3.46111,-78.54717,RURAL,FINCA,PRIVADO,VIOLENCIA COMUNITARIA,RINAS,52,HOMBRE,MESTIZO/A,VIUDO,ECUADOR,NINGUNA,4,0,17,TARDE,ARMA_BLANCA
ZONA 6,AZUAY,CUENCA SUR,AZUAY,CUENCA,-2.93452,-79.00478,URBANO,CENTROS DE REHABILITACION SOCIAL,PRIVADO,DELINCUENCIA COMUN,AMENAZA,34,HOMBRE,MESTIZO/A,SOLTERO,ECUADOR,NINGUNA,5,1,12,TARDE,OTRAS
ZONA 8,D.M. GUAYAQUIL,DURAN,GUAYAS,DURAN,-2.14271,-79.83027,URBANO,CASA/VILLA,PRIVADO,DELINCUENCIA COMUN,AMENAZA,25,HOMBRE,MESTIZO/A,SOLTERO,ECUADOR,NINGUNA,3,0,13,TARDE,ARMA_CONTUNDENTE
ZONA 8,D.M. GUAYAQUIL,DURAN,GUAYAS,DURAN,-2.16014,-79.84063,URBANO,VIA PUBLICA,PUBLICO,DELINCUENCIA COMUN,TRAFICO INTERNO DE DROGAS (MICROTRAFICO),24,HOMBRE,MESTIZO/A,SOLTERO,ECUADOR,NINGUNA,6,1,13,TARDE,ARMA_FUEGO
ZONA 3,TUNGURAHUA,AMBATO NORTE,TUNGURAHUA,AMBATO,-1.23445,-78.62293,URBANO,PARQUES Y PLAZAS,PUBLICO,VIOLENCIA COMUNITARIA,RINAS,63,HOMBRE,BLANCO/A,SOLTERO,ECUADOR,NINGUNA,4,0,11,MANANA,OTRAS
ZONA 5,LOS RIOS,QUEVEDO,LOS RIOS,QUEVEDO,-0.9663,-79.42378,URBANO,VIA PUBLICA,PUBLICO,DELINCUENCIA COMUN,AMENAZA,48,HOMBRE,MESTIZO/A,SOLTERO,ECUADOR,NINGUNA,2,0,19,NOCHE,ARMA_FUEGO
ZONA 5,GUAYAS,JUJAN SIMON BOLIVAR,GUAYAS,SIMON BOLIVAR,-1.998405,-79.479911,RURAL,TERRENO BALDIO,PUBLICO,VIOLENCIA COMUNITARIA,EMOCIONAL,19,MUJER,MESTIZO/A,SOLTERO,ECUADOR,NINGUNA,5,1,10,MANANA,ARMA_CONTUNDENTE
ZONA 8,D.M. GUAYAQUIL,DURAN,GUAYAS,DURAN,-2.16698,-79.77829,URBANO,INTERIOR DE VEHICULO PARTICULAR,PRIVADO,DELINCUENCIA COMUN,AMENAZA,28,HOMBRE,MESTIZO/A,SOLTERO,ECUADOR,NINGUNA,0,0,2,MADRUGADA,OTRAS
ZONA 7,EL ORO,HUAQUILLAS,EL ORO,HUAQUILLAS,-3.47918,-80.23606,URBANO,VIA PUBLICA,PUBLICO,DELINCUENCIA COMUN,AMENAZA,25,HOMBRE,MESTIZO/A,SOLTERO,ECUADOR,NINGUNA,1,0,23,NOCHE,ARMA_FUEGO
ZONA 8,D.M. GUAYAQUIL,PASCUALES,GUAYAS,GUAYAQUIL,-2.05371,-79.94343,URBANO,CENTROS DE REHABILITACION SOCIAL,PRIVADO,VIOLENCIA COMUNITARIA,RINAS,26,HOMBRE,MESTIZO/A,SOLTERO,ECUADOR,NINGUNA,1,0,22,NOCHE,ARMA_CONTUNDENTE
ZONA 8,D.M. GUAYAQUIL,SUR - DMG,GUAYAS,GUAYAQUIL,-2.278292,-79.879294,URBANO,CASA/VILLA,PRIVADO,DELINCUENCIA COMUN,AMENAZA,42,HOMBRE,MESTIZO/A,SOLTERO,ECUADOR,NINGUNA,0,0,17,TARDE,ARMA_FUEGO
ZONA 9,D.M. QUITO,ELOY ALFARO - DMQ,PICHINCHA,QUITO,-0.23786,-78.54008,URBANO,VIA PUBLICA,PUBLICO,DELINCUENCIA COMUN,AMENAZA,34,HOMBRE,MESTIZO/A,SOLTERO,ECUADOR,NINGUNA,4,0,19,NOCHE,ARMA_CONTUNDENTE
ZONA 1,SUCUMBIOS,PUTUMAYO,SUCUMBIOS,PUTUMAYO,0.0884199999999999,-76.29733,RURAL,CASA/VILLA,PRIVADO,VIOLENCIA INTRAFAMILIAR,MALTRATO,42,HOMBRE,MESTIZO/A,SOLTERO,ECUADOR,NINGUNA,6,1,14,TARDE,ARMA_FUEGO
ZONA 1,SUCUMBIOS,LAGO AGRIO,SUCUMBIOS,LAGO AGRIO,0.12466,-76.55955,URBANO,"TIENDAS, MICROMERCADO, ABARROTES",PRIVADO,VIOLENCIA COMUNITARIA,RINAS,36,HOMBRE,MESTIZO/A,SOLTERO,ECUADOR,NINGUNA,6,1,19,NOCHE,ARMA_BLANCA
ZONA 8,D.M. GUAYAQUIL,NUEVA PROSPERINA,GUAYAS,GUAYAQUIL,-2.11144,-79.95816,URBANO,VIA PUBLICA,PUBLICO,DELINCUENCIA COMUN,TRAFICO INTERNOS DE DROGAS (MICROTRAFICO),27,HOMBRE,AFRO,SOLTERO,ECUADOR,NINGUNA,4,0,16,TARDE,ARMA_FUEGO
ZONA 8,D.M. GUAYAQUIL,PASCUALES,GUAYAS,GUAYAQUIL,-2.05139,-79.94489,URBANO,CENTROS DE REHABILITACION SOCIAL,PRIVADO,DELINCUENCIA COMUN,AMENAZA,52,HOMBRE,MESTIZO/A,DIVORCIADO,ECUADOR,NINGUNA,1,0,3,MADRUGADA,ARMA_BLANCA
ZONA 5,LOS RIOS,PUEBLO VIEJO,LOS RIOS,PUEBLOVIEJO,-1.62363,-79.56251,RURAL,FINCA,PRIVADO,DELINCUENCIA COMUN,AMENAZA,23,HOMBRE,MESTIZO/A,SOLTERO,ECUADOR,NINGUNA,4,0,6,MANANA,ARMA_BLANCA
ZONA 7,ZAMORA CHINCHIPE,PAQUISHA,ZAMORA CHINCHIPE,CENTINELA DEL CONDOR,-3.90314,-78.68956,RURAL,CASA/VILLA,PRIVADO,VIOLENCIA COMUNITARIA,RINAS,25,HOMBRE,OTROS,SOLTERO,ECUADOR,NINGUNA,0,0,14,TARDE,ARMA_BLANCA
ZONA 4,MANABI,PAJAN,MANABI,PAJAN,-1.61107,-80.48578,RURAL,CASA/VILLA,PRIVADO,DELINCUENCIA COMUN,ROBO A DOMICILIOS,39,HOMBRE,MESTIZO/A,SOLTERO,ECUADOR,NINGUNA,6,1,4,MADRUGADA,ARMA_BLANCA
ZONA 3,COTOPAXI,LA MANA,COTOPAXI,LA MANA,-0.969079,-79.306773,RURAL,INTERIOR DE VEHICULO PARTICULAR,PRIVADO,VIOLENCIA INTRAFAMILIAR,SENTIMENTAL,50,HOMBRE,MESTIZO/A,CASADO,ECUADOR,NINGUNA,3,0,17,TARDE,ARMA_FUEGO
ZONA 5,GUAYAS,EMPALME,GUAYAS,EL EMPALME,-1.09133799999999,-79.824247,RURAL,VIA PUBLICA,PUBLICO,DELINCUENCIA COMUN,AMENAZA,19,HOMBRE,MONTUBIO/A,SOLTERO,ECUADOR,NINGUNA,0,0,10,MANANA,ARMA_FUEGO
ZONA 9,D.M. QUITO,CALDERON,PICHINCHA,QUITO,-0.04015,-78.3036,URBANO,CASA/VILLA,PRIVADO,DELINCUENCIA COMUN,ROBO A DOMICILIOS,64,HOMBRE,BLANCO/A,SOLTERO,ECUADOR,NINGUNA,6,1,19,NOCHE,ARMA_CONTUNDENTE
ZONA 1,ESMERALDAS,ATACAMES,ESMERALDAS,MUISNE,0.58942,-79.9407,RURAL,VIA PUBLICA,PUBLICO,DELINCUENCIA COMUN,AMENAZA,54,HOMBRE,MESTIZO/A,SOLTERO,ECUADOR,NINGUNA,3,0,20,NOCHE,ARMA_BLANCA
ZONA 7,EL ORO,HUAQUILLAS,EL ORO,ARENILLAS,-3.54344,-80.08469,RURAL,CASA/VILLA,PRIVADO,DELINCUENCIA COMUN,AMENAZA,42,HOMBRE,MESTIZO/A,SOLTERO,ECUADOR,NINGUNA,2,0,19,NOCHE,ARMA_BLANCA
ZONA 1,SUCUMBIOS,SUCUMBIOS,SUCUMBIOS,CASCALES,0.08637599999999988,-77.1667329,RURAL,VIA PUBLICA,PUBLICO,VIOLENCIA COMUNITARIA,RINAS,22,HOMBRE,MESTIZO/A,SOLTERO,ECUADOR,NINGUNA,5,1,9,MANANA,ARMA_CONTUNDENTE
ZONA 4,MANABI,CHONE,MANABI,CHONE,-0.7510219999999989,-80.113022,RURAL,FINCA,PRIVADO,DELINCUENCIA COMUN,ROBO A DOMICILIOS,23,HOMBRE,MESTIZO/A,SOLTERO,ECUADOR,NINGUNA,6,1,17,TARDE,ARMA_FUEGO
ZONA 7,EL ORO,MACHALA,EL ORO,MACHALA,-3.3088,-79.93766,RURAL,VIA PUBLICA,PUBLICO,DELINCUENCIA COMUN,TRAFICO INTERNO DE DROGAS (MICROTRAFICO),32,HOMBRE,MESTIZO/A,SOLTERO,ECUADOR,NINGUNA,1,0,5,MADRUGADA,ARMA_BLANCA
ZONA 7,LOJA,LOJA,LOJA,LOJA,-4.00419,-79.19344,URBANO,CENTROS DE REHABILITACION SOCIAL,PRIVADO,DELINCUENCIA COMUN,AMENAZA,22,HOMBRE,MESTIZO/A,SOLTERO,ECUADOR,NINGUNA,3,0,18,NOCHE,OTRAS
ZONA 5,GUAYAS,MILAGRO,GUAYAS,MILAGRO,-2.17164,-79.56862,URBANO,FINCA,PRIVADO,DELINCUENCIA COMUN,AMENAZA,19,HOMBRE,MESTIZO/A,SOLTERO,ECUADOR,NINGUNA,6,1,22,NOCHE,OTRAS
ZONA 5,LOS RIOS,VINCES,LOS RIOS,VINCES,-1.55774,-79.76201,URBANO,CASA/VILLA,PRIVADO,VIOLENCIA COMUNITARIA,RINAS,45,HOMBRE,MESTIZO/A,SOLTERO,ECUADOR,NINGUNA,3,0,20,NOCHE,OTRAS
ZONA 4,STO DGO DE LOS TSACHILAS,SANTO DOMINGO OESTE,STO DGO DE LOS TSACHILAS,SANTO DOMINGO,-0.23288,-79.16932,URBANO,VIA PUBLICA,PUBLICO,VIOLENCIA COMUNITARIA,ACTOS DE ODIO,27,MUJER,MESTIZO/A,SOLTERO,ECUADOR,NINGUNA,2,0,1,MADRUGADA,ARMA_FUEGO
ZONA 5,LOS RIOS,PUEBLO VIEJO,LOS RIOS,PUEBLOVIEJO,-1.63871,-79.56225,URBANO,VIA PUBLICA,PUBLICO,DELINCUENCIA COMUN,AMENAZA,24,HOMBRE,MESTIZO/A,SOLTERO,ECUADOR,NINGUNA,2,0,14,TARDE,ARMA_BLANCA
ZONA 8,D.M. GUAYAQUIL,9 DE OCTUBRE,GUAYAS,GUAYAQUIL,-2.197978,-79.895294,URBANO,VIA PUBLICA,PUBLICO,DELINCUENCIA COMUN,AMENAZA,36,HOMBRE,MESTIZO/A,SOLTERO,ECUADOR,NINGUNA,1,0,15,TARDE,ARMA_FUEGO
ZONA 4,MANABI,ROCAFUERTE,MANABI,ROCAFUERTE,-0.89519,-80.43981,RURAL,VIA PUBLICA,PUBLICO,DELINCUENCIA COMUN,TRAFICO INTERNO DE DROGAS (MICROTRAFICO),30,MUJER,MESTIZO/A,SOLTERO,ECUADOR,NINGUNA,3,0,17,TARDE,ARMA_BLANCA
ZONA 9,D.M. QUITO,TUMBACO,PICHINCHA,QUITO,-0.22534,-78.44846,URBANO,TERRENO BALDIO,PUBLICO,DELINCUENCIA COMUN,AMENAZA,43,HOMBRE,MESTIZO/A,SOLTERO,ECUADOR,NINGUNA,3,0,17,TARDE,ARMA_BLANCA
ZONA 8,D.M. GUAYAQUIL,NUEVA PROSPERINA,GUAYAS,GUAYAQUIL,-2.09289,-79.96696,URBANO,VIA PUBLICA,PUBLICO,DELINCUENCIA COMUN,AMENAZA,24,HOMBRE,MESTIZO/A,SOLTERO,ECUADOR,NINGUNA,1,0,6,MANANA,ARMA_FUEGO
ZONA 8,D.M. GUAYAQUIL,SUR - DMG,GUAYAS,GUAYAQUIL,-2.26956,-79.88776,URBANO,VIA PUBLICA,PUBLICO,DELINCUENCIA COMUN,TRAFICO INTERNO DE DROGAS (MICROTRAFICO),15,HOMBRE,MESTIZO/A,SOLTERO,ECUADOR,NINGUNA,5,1,20,NOCHE,ARMA_BLANCA
ZONA 2,NAPO,TENA,NAPO,ARCHIDONA,-0.88933,-77.79414,RURAL,TERRENO BALDIO,PUBLICO,VIOLENCIA INTRAFAMILIAR,SENTIMENTAL,40,MUJER,INDIGENA,CASADO,ECUADOR,NINGUNA,4,0,13,TARDE,ARMA_BLANCA
ZONA 5,GUAYAS,SALITRE,GUAYAS,SALITRE,-1.82846,-79.80924,URBANO,SALA DE JUEGOS,PRIVADO,VIOLENCIA COMUNITARIA,RINAS,53,HOMBRE,MESTIZO/A,SOLTERO,ECUADOR,NINGUNA,0,0,1,MADRUGADA,OTRAS
ZONA 4,MANABI,JIPIJAPA,MANABI,JIPIJAPA,-1.28291,-80.56154,RURAL,FINCA,PRIVADO,DELINCUENCIA COMUN,TRAFICO INTERNO DE DROGAS (MICROTRAFICO),39,HOMBRE,MESTIZO/A,SOLTERO,COLOMBIA,NINGUNA,3,0,20,NOCHE,ARMA_CONTUNDENTE
ZONA 5,LOS RIOS,BABAHOYO,LOS RIOS,BABAHOYO,-1.94966,-79.30019,RURAL,VIA PUBLICA,PUBLICO,DELINCUENCIA COMUN,ROBO A PERSONAS,33,HOMBRE,MESTIZO/A,SOLTERO,ECUADOR,NINGUNA,6,1,3,MADRUGADA,ARMA_CONTUNDENTE
ZONA 8,D.M. GUAYAQUIL,NUEVA PROSPERINA,GUAYAS,GUAYAQUIL,-2.1055,-79.96992,URBANO,VIA PUBLICA,PUBLICO,DELINCUENCIA COMUN,AMENAZA,29,HOMBRE,MESTIZO/A,SOLTERO,ECUADOR,NINGUNA,1,0,10,MANANA,ARMA_BLANCA
ZONA 1,SUCUMBIOS,SHUSHUFINDI,SUCUMBIOS,SHUSHUFINDI,-0.18455,-76.78,RURAL,CASA/VILLA,PRIVADO,DELINCUENCIA COMUN,AMENAZA,66,HOMBRE,MESTIZO/A,CASADO,ECUADOR,NINGUNA,0,0,0,MADRUGADA,OTRAS
ZONA 4,MANABI,PORTOVIEJO,MANABI,PORTOVIEJO,-1.06586,-80.45563,URBANO,VIA PUBLICA,PUBLICO,DELINCUENCIA COMUN,TRAFICO INTERNOS DE DROGAS (MICROTRAFICO),47,HOMBRE,MESTIZO/A,SOLTERO,ECUADOR,NINGUNA,4,0,14,TARDE,ARMA_FUEGO
ZONA 1,SUCUMBIOS,LAGO AGRIO,SUCUMBIOS,LAGO AGRIO,0.11211,-76.87231,RURAL,CASA/VILLA,PRIVADO,DELINCUENCIA COMUN,AMENAZA,53,HOMBRE,MESTIZO/A,SOLTERO,COLOMBIA,NINGUNA,5,1,12,TARDE,ARMA_FUEGO
ZONA 9,D.M. QUITO,QUITUMBE,PICHINCHA,QUITO,-0.32878,-78.55038,URBANO,VIA PUBLICA,PUBLICO,VIOLENCIA COMUNITARIA,RINAS,34,HOMBRE,MESTIZO/A,CASADO,ECUADOR,NINGUNA,6,1,0,MADRUGADA,ARMA_CONTUNDENTE
ZONA 6,AZUAY,CUENCA SUR,AZUAY,CUENCA,-2.93469,-79.00536,URBANO,CENTROS DE REHABILITACION SOCIAL,PRIVADO,VIOLENCIA COMUNITARIA,RINAS,33,HOMBRE,MESTIZO/A,CASADO,ECUADOR,NINGUNA,6,1,1,MADRUGADA,OTRAS
ZONA 5,GUAYAS,DAULE,GUAYAS,SANTA LUCIA,-1.74478912353516,-80.15732574462889,RURAL,FINCA,PRIVADO,DELINCUENCIA COMUN,AMENAZA,47,HOMBRE,MESTIZO/A,CASADO,ECUADOR,NINGUNA,4,0,20,NOCHE,ARMA_FUEGO
ZONA 5,LOS RIOS,BUENA FE,LOS RIOS,BUENA FE,-0.90552,-79.49634,URBANO,VIA PUBLICA,PUBLICO,DELINCUENCIA COMUN,AMENAZA,46,HOMBRE,MESTIZO/A,DIVORCIADO,ECUADOR,NINGUNA,3,0,1,MADRUGADA,ARMA_FUEGO
ZONA 9,D.M. QUITO,QUITUMBE,PICHINCHA,QUITO,-0.3097,-78.57229,URBANO,VIA PUBLICA,PUBLICO,VIOLENCIA COMUNITARIA,RINAS,30,HOMBRE,MESTIZO/A,CASADO,ECUADOR,NINGUNA,6,1,23,NOCHE,ARMA_BLANCA
ZONA 4,STO DGO DE LOS TSACHILAS,SANTO DOMINGO OESTE,STO DGO DE LOS TSACHILAS,SANTO DOMINGO,-0.24123,-79.18578,URBANO,CASA/VILLA,PRIVADO,DELINCUENCIA COMUN,ROBO A DOMICILIOS,80,HOMBRE,MESTIZO/A,SOLTERO,ECUADOR,NINGUNA,6,1,1,MADRUGADA,OTRAS
ZONA 5,BOLIVAR,SAN MIGUEL,BOLIVAR,SAN MIGUEL,-1.7061,-79.11753,RURAL,CASA/VILLA,PRIVADO,VIOLENCIA INTRAFAMILIAR,SENTIMENTAL,79,MUJER,MESTIZO/A,DIVORCIADO,ECUADOR,NINGUNA,0,0,10,MANANA,ARMA_CONTUNDENTE
ZONA 1,IMBABURA,CIUDAD BLANCA,IMBABURA,IBARRA,0.3606,-78.11343,URBANO,CASA/VILLA,PRIVADO,VIOLENCIA COMUNITARIA,RINAS,20,HOMBRE,MESTIZO/A,SOLTERO,ECUADOR,NINGUNA,1,0,2,MADRUGADA,ARMA_CONTUNDENTE
ZONA 1,IMBABURA,CIUDAD BLANCA,IMBABURA,IBARRA,0.33843,-78.10786,URBANO,BOSQUE Y RESERVAS ECOLOGICAS,PUBLICO,VIOLENCIA SEXUAL,VIOLACION FAMILIAR DIRECTO (PERSONA CONOCIDA),32,MUJER,MESTIZO/A,DIVORCIADO,ECUADOR,NINGUNA,1,0,5,MADRUGADA,OTRAS
ZONA 5,SANTA ELENA,SANTA ELENA,SANTA ELENA,SANTA ELENA,-2.22467,-80.84032,URBANO,VIA PUBLICA,PUBLICO,DELINCUENCIA COMUN,TRAFICO INTERNOS DE DROGAS (MICROTRAFICO),23,HOMBRE,MESTIZO/A,SOLTERO,ECUADOR,NINGUNA,6,1,10,MANANA,ARMA_CONTUNDENTE
ZONA 8,D.M. GUAYAQUIL,NUEVA PROSPERINA,GUAYAS,GUAYAQUIL,-2.132175,-79.963306,URBANO,VIA PUBLICA,PUBLICO,VIOLENCIA COMUNITARIA,RINAS,35,HOMBRE,MESTIZO/A,SOLTERO,ECUADOR,NINGUNA,0,0,11,MANANA,ARMA_FUEGO
ZONA 3,PASTAZA,PASTAZA,PASTAZA,PASTAZA,-1.50183,-78.00208,URBANO,VIA PUBLICA,PRIVADO,DELINCUENCIA COMUN,AMENAZA,38,HOMBRE,MESTIZO/A,SOLTERO,ECUADOR,NINGUNA,1,0,19,NOCHE,ARMA_FUEGO
ZONA 9,D.M. QUITO,CALDERON,PICHINCHA,QUITO,-0.07819,-78.4335,URBANO,VIA PUBLICA,PUBLICO,VIOLENCIA INTRAFAMILIAR,SENTIMENTAL,28,MUJER,MESTIZO/A,SOLTERO,ECUADOR,NINGUNA,2,0,5,MADRUGADA,OTRAS
ZONA 9,D.M. QUITO,LOS CHILLOS,PICHINCHA,QUITO,-0.28582,-78.44091,URBANO,CASA/VILLA,PRIVADO,VIOLENCIA INTRAFAMILIAR,SENTIMENTAL,44,HOMBRE,MESTIZO/A,CASADO,ECUADOR,NINGUNA,6,1,2,MADRUGADA,ARMA_BLANCA
ZONA 5,LOS RIOS,BABAHOYO,LOS RIOS,MONTALVO,-1.80210708398,-79.3025796245,RURAL,VIA PUBLICA,PUBLICO,DELINCUENCIA COMUN,AMENAZA,34,HOMBRE,MULATO/A,SOLTERO,ECUADOR,NINGUNA,3,0,17,TARDE,ARMA_FUEGO
ZONA 1,ESMERALDAS,QUININDE,ESMERALDAS,QUININDE,0.35966,-79.60452,RURAL,FINCA,PRIVADO,DELINCUENCIA COMUN,AMENAZA,77,HOMBRE,MESTIZO/A,SOLTERO,ECUADOR,NINGUNA,6,1,0,MADRUGADA,OTRAS
ZONA 2,ORELLANA,LA JOYA DE LOS SACHAS,ORELLANA,LA JOYA DE LOS SACHAS,-0.0833,-76.96712,RURAL,FINCA,PRIVADO,DELINCUENCIA COMUN,AMENAZA,56,HOMBRE,MESTIZO/A,SOLTERO,ECUADOR,NINGUNA,6,1,0,MADRUGADA,ARMA_BLANCA
ZONA 8,D.M. GUAYAQUIL,PROGRESO,GUAYAS,GUAYAQUIL,-2.69874,-80.26405,RURAL,FINCA,PRIVADO,DELINCUENCIA COMUN,TRAFICO INTERNO DE DROGAS (MICROTRAFICO),21,HOMBRE,MESTIZO/A,SOLTERO,ECUADOR,NINGUNA,4,0,0,MADRUGADA,ARMA_BLANCA
ZONA 6,AZUAY,PONCE ENRIQUEZ,AZUAY,CAMILO PONCE ENRIQUEZ,-3.0571701638392,-79.7433366626501,RURAL,VIA PUBLICA,PUBLICO,DELINCUENCIA COMUN,AMENAZA,38,HOMBRE,MESTIZO/A,SOLTERO,ECUADOR,NINGUNA,2,0,22,NOCHE,ARMA_FUEGO
ZONA 4,MANABI,CHONE,MANABI,CHONE,-0.48524,-80.17232,RURAL,VIA PUBLICA,PUBLICO,DELINCUENCIA COMUN,AMENAZA,53,HOMBRE,MESTIZO/A,SOLTERO,ECUADOR,NINGUNA,2,0,0,MADRUGADA,ARMA_CONTUNDENTE
ZONA 9,D.M. QUITO,LOS CHILLOS,PICHINCHA,QUITO,-0.340144,-78.484824,URBANO,PARQUES Y PLAZAS,PUBLICO,VIOLENCIA COMUNITARIA,RINAS,31,HOMBRE,MESTIZO/A,SOLTERO,ECUADOR,NINGUNA,4,0,11,MANANA,ARMA_CONTUNDENTE
ZONA 4,MANABI,CHONE,MANABI,CHONE,-0.46376,-80.11576,RURAL,VIA PUBLICA,PUBLICO,DELINCUENCIA COMUN,TRAFICO INTERNO DE DROGAS (MICROTRAFICO),19,HOMBRE,MESTIZO/A,SOLTERO,ECUADOR,NINGUNA,3,0,12,TARDE,ARMA_FUEGO
ZONA 7,ZAMORA CHINCHIPE,YANTZAZA,ZAMORA CHINCHIPE,EL PANGUI,-3.6317,-78.57054,RURAL,VIA PUBLICA,PUBLICO,DELINCUENCIA COMUN,ROBO DE MOTOS,27,HOMBRE,MESTIZO/A,SOLTERO,ECUADOR,NINGUNA,1,0,0,MADRUGADA,OTRAS
ZONA 8,D.M. GUAYAQUIL,NUEVA PROSPERINA,GUAYAS,GUAYAQUIL,-2.12105,-79.9702,URBANO,VIA PUBLICA,PUBLICO,DELINCUENCIA COMUN,AMENAZA,45,HOMBRE,MESTIZO/A,CASADO,ECUADOR,NINGUNA,6,1,13,TARDE,OTRAS
ZONA 6,CANAR,AZOGUES,CANAR,AZOGUES,-2.73592,-78.85415,URBANO,CENTROS DE REHABILITACION SOCIAL,PRIVADO,DELINCUENCIA COMUN,AMENAZA,22,HOMBRE,MESTIZO/A,SOLTERO,ECUADOR,NINGUNA,3,0,17,TARDE,OTRAS
ZONA 8,D.M. GUAYAQUIL,PASCUALES,GUAYAS,GUAYAQUIL,-2.0523,-79.94375,URBANO,CENTROS DE REHABILITACION SOCIAL,PRIVADO,VIOLENCIA COMUNITARIA,RINAS,22,HOMBRE,MESTIZO/A,SOLTERO,ECUADOR,NINGUNA,1,0,21,NOCHE,OTRAS
ZONA 3,CHIMBORAZO,RIOBAMBA,CHIMBORAZO,RIOBAMBA,-1.6640018,-78.6474841,URBANO,CASA/VILLA,PRIVADO,VIOLENCIA INTRAFAMILIAR,SENTIMENTAL,35,HOMBRE,MESTIZO/A,DIVORCIADO,ECUADOR,NINGUNA,6,1,21,NOCHE,ARMA_CONTUNDENTE
ZONA 7,LOJA,SABANILLA,LOJA,PUYANGO,-3.9529054927752,-80.05392640829089,RURAL,CASA/VILLA,PRIVADO,DELINCUENCIA COMUN,ROBO A PERSONAS,80,HOMBRE,MESTIZO/A,CASADO,ECUADOR,NINGUNA,0,0,17,TARDE,ARMA_CONTUNDENTE
ZONA 1,ESMERALDAS,RIO VERDE,ESMERALDAS,RIOVERDE,0.99435,-79.42914,RURAL,FINCA,PRIVADO,DELINCUENCIA COMUN,AMENAZA,33,HOMBRE,MESTIZO/A,SOLTERO,ECUADOR,NINGUNA,1,0,22,NOCHE,ARMA_BLANCA
ZONA 5,LOS RIOS,BABAHOYO,LOS RIOS,BABA,-1.662095,-79.71933699999998,RURAL,FINCA,PRIVADO,VIOLENCIA COMUNITARIA,EMOCIONAL,20,HOMBRE,MESTIZO/A,SOLTERO,ECUADOR,NINGUNA,6,1,6,MANANA,ARMA_FUEGO
ZONA 3,TUNGURAHUA,AMBATO NORTE,TUNGURAHUA,AMBATO,-1.24673,-78.63516,URBANO,CASA/VILLA,PRIVADO,DELINCUENCIA COMUN,ROBO A DOMICILIOS,79,MUJER,MESTIZO/A,SOLTERO,ECUADOR,NINGUNA,3,0,11,MANANA,OTRAS
ZONA 1,ESMERALDAS,SAN LORENZO,ESMERALDAS,SAN LORENZO,1.28329,-78.83462,URBANO,VIA PUBLICA,PUBLICO,DELINCUENCIA COMUN,AMENAZA,23,HOMBRE,MESTIZO/A,SOLTERO,ECUADOR,NINGUNA,0,0,0,MADRUGADA,ARMA_BLANCA
ZONA 7,EL ORO,MACHALA,EL ORO,MACHALA,-3.25979,-79.95338,URBANO,VIA PUBLICA,PUBLICO,VIOLENCIA COMUNITARIA,LINCHAMIENTO,26,HOMBRE,MESTIZO/A,SOLTERO,ECUADOR,NINGUNA,2,0,21,NOCHE,ARMA_CONTUNDENTE
ZONA 8,D.M. GUAYAQUIL,PASCUALES,GUAYAS,GUAYAQUIL,-2.04748,-79.94515,URBANO,CENTROS DE REHABILITACION SOCIAL,PRIVADO,DELINCUENCIA COMUN,AMENAZA,46,HOMBRE,MESTIZO/A,SOLTERO,ECUADOR,NINGUNA,1,0,18,NOCHE,OTRAS
ZONA 8,D.M. GUAYAQUIL,ESTEROS,GUAYAS,GUAYAQUIL,-2.22307,-79.90868,URBANO,VIA PUBLICA,PUBLICO,DELINCUENCIA COMUN,AMENAZA,39,HOMBRE,AFRO,SOLTERO,ECUADOR,NINGUNA,6,1,8,MANANA,OTRAS
ZONA 3,PASTAZA,PASTAZA,PASTAZA,MERA,-1.47971,-78.071,RURAL,VIA PUBLICA,PUBLICO,DELINCUENCIA COMUN,AMENAZA,25,HOMBRE,MESTIZO/A,SOLTERO,ECUADOR,NINGUNA,3,0,4,MADRUGADA,ARMA_BLANCA
ZONA 4,STO DGO DE LOS TSACHILAS,SANTO DOMINGO OESTE,STO DGO DE LOS TSACHILAS,SANTO DOMINGO,-0.23904,-79.17834,URBANO,VIA PUBLICA,PUBLICO,VIOLENCIA COMUNITARIA,RINAS,28,HOMBRE,MESTIZO/A,DIVORCIADO,ECUADOR,NINGUNA,4,0,23,NOCHE,ARMA_BLANCA
ZONA 8,D.M. GUAYAQUIL,DURAN,GUAYAS,DURAN,-2.16418,-79.82325,URBANO,VIA PUBLICA,PUBLICO,DELINCUENCIA COMUN,SECUESTRO EXPRESS,47,HOMBRE,MESTIZO/A,CASADO,ECUADOR,NINGUNA,5,1,22,NOCHE,OTRAS
ZONA 7,EL ORO,PASAJE,EL ORO,EL GUABO,-3.24021,-79.83646,URBANO,CASA/VILLA,PRIVADO,VIOLENCIA COMUNITARIA,RINAS,51,HOMBRE,MESTIZO/A,SOLTERO,ECUADOR,NINGUNA,6,1,2,MADRUGADA,ARMA_CONTUNDENTE
ZONA 1,ESMERALDAS,ATACAMES,ESMERALDAS,MUISNE,0.61558,-80.02138,RURAL,RIO,PUBLICO,DELINCUENCIA COMUN,AMENAZA,27,HOMBRE,MESTIZO/A,SOLTERO,ECUADOR,NINGUNA,5,1,19,NOCHE,ARMA_BLANCA
ZONA 5,SANTA ELENA,LIBERTAD SALINAS,SANTA ELENA,SALINAS,-2.24306,-80.93333,URBANO,VIA PUBLICA,PUBLICO,DELINCUENCIA COMUN,AMENAZA,31,HOMBRE,MESTIZO/A,SOLTERO,ECUADOR,NINGUNA,0,0,16,TARDE,ARMA_FUEGO
ZONA 7,LOJA,ZAPOTILLO,LOJA,ZAPOTILLO,-4.34321,-80.22633,URBANO,VIA PUBLICA,PUBLICO,VIOLENCIA COMUNITARIA,RINAS,54,HOMBRE,MESTIZO/A,DIVORCIADO,ECUADOR,NINGUNA,6,1,23,NOCHE,ARMA_CONTUNDENTE
ZONA 3,CHIMBORAZO,ALAUSI,CHIMBORAZO,ALAUSI,-2.201686,-78.846227,URBANO,CENTROS DE REHABILITACION SOCIAL,PRIVADO,VIOLENCIA COMUNITARIA,RINAS,43,HOMBRE,MESTIZO/A,SOLTERO,ECUADOR,NINGUNA,4,0,1,MADRUGADA,ARMA_CONTUNDENTE
ZONA 8,D.M. GUAYAQUIL,ESTEROS,GUAYAS,GUAYAQUIL,-2.24473,-79.9285,URBANO,VIA PUBLICA,PUBLICO,DELINCUENCIA COMUN,AMENAZA,37,HOMBRE,MESTIZO/A,SOLTERO,ECUADOR,NINGUNA,4,0,7,MANANA,OTRAS
ZONA 1,ESMERALDAS,RIO VERDE,ESMERALDAS,RIOVERDE,1.05993915282323,-79.40315812826158,RURAL,VIA PUBLICA,PUBLICO,DELINCUENCIA COMUN,AMENAZA,31,HOMBRE,AFRO,VIUDO,ECUADOR,NINGUNA,0,0,21,NOCHE,ARMA_FUEGO
ZONA 6,CANAR,LA TRONCAL,CANAR,LA TRONCAL,-2.43389,-79.33356,URBANO,VIA PUBLICA,PUBLICO,DELINCUENCIA COMUN,AMENAZA,25,HOMBRE,MESTIZO/A,SOLTERO,ECUADOR,NINGUNA,1,0,3,MADRUGADA,ARMA_BLANCA
ZONA 8,D.M. GUAYAQUIL,SUR - DMG,GUAYAS,GUAYAQUIL,-2.28315,-79.87936,URBANO,CASA/VILLA,PRIVADO,VIOLENCIA INTRAFAMILIAR,SENTIMENTAL,51,MUJER,MESTIZO/A,SOLTERO,ECUADOR,NINGUNA,4,0,22,NOCHE,ARMA_BLANCA
ZONA 7,EL ORO,HUAQUILLAS,EL ORO,HUAQUILLAS,-3.48294,-80.23754,URBANO,CASA/VILLA,PRIVADO,VIOLENCIA COMUNITARIA,RINAS,36,MUJER,MESTIZO/A,SOLTERO,ECUADOR,NINGUNA,3,0,14,TARDE,OTRAS
ZONA 1,ESMERALDAS,ATACAMES,ESMERALDAS,ATACAMES,0.8759944452676879,-79.8170008510351,URBANO,VIA PUBLICA,PUBLICO,DELINCUENCIA COMUN,AMENAZA,36,HOMBRE,MESTIZO/A,EN UNION DE HECHO,COLOMBIA,NINGUNA,2,0,23,NOCHE,ARMA_FUEGO
ZONA 3,TUNGURAHUA,AMBATO SUR,TUNGURAHUA,AMBATO,-1.28287,-78.64763,RURAL,TERRENO BALDIO,PUBLICO,DELINCUENCIA COMUN,ROBO DE CARROS,38,HOMBRE,MESTIZO/A,CASADO,ECUADOR,NINGUNA,6,1,1,MADRUGADA,ARMA_FUEGO
ZONA 9,D.M. QUITO,QUITUMBE,PICHINCHA,QUITO,-0.30921,-78.56745,URBANO,CASA/VILLA,PRIVADO,VIOLENCIA COMUNITARIA,EMOCIONAL,70,MUJER,MESTIZO/A,SOLTERO,ECUADOR,NINGUNA,6,1,12,TARDE,OTRAS
ZONA 5,SANTA ELENA,SANTA ELENA,SANTA ELENA,SANTA ELENA,-2.02418,-80.5258,RURAL,FINCA,PRIVADO,DELINCUENCIA COMUN,AMENAZA,32,HOMBRE,MESTIZO/A,SOLTERO,ECUADOR,NINGUNA,1,0,20,NOCHE,ARMA_BLANCA
ZONA 7,LOJA,CATAMAYO,LOJA,CATAMAYO,-3.98758,-79.36147,URBANO,VIA PUBLICA,PUBLICO,VIOLENCIA COMUNITARIA,RINAS,61,HOMBRE,MESTIZO/A,SOLTERO,ECUADOR,NINGUNA,6,1,20,NOCHE,OTRAS
ZONA 5,SANTA ELENA,LIBERTAD SALINAS,SANTA ELENA,SALINAS,-2.25804,-80.91577,URBANO,CASA/VILLA,PRIVADO,DELINCUENCIA COMUN,AMENAZA,19,HOMBRE,MESTIZO/A,SOLTERO,ECUADOR,NINGUNA,1,0,13,TARDE,OTRAS
ZONA 8,D.M. GUAYAQUIL,DURAN,GUAYAS,DURAN,-2.14279,-79.83835,URBANO,VIA PUBLICA,PUBLICO,DELINCUENCIA COMUN,TRAFICO INTERNO DE DROGAS (MICROTRAFICO),30,HOMBRE,MESTIZO/A,SOLTERO,ECUADOR,NINGUNA,0,0,7,MANANA,ARMA_CONTUNDENTE
ZONA 1,SUCUMBIOS,LAGO AGRIO,SUCUMBIOS,LAGO AGRIO,0.08446,-76.88518,URBANO,VIA PUBLICA,PUBLICO,VIOLENCIA COMUNITARIA,RINAS,30,HOMBRE,AFRO,SOLTERO,ECUADOR,NINGUNA,6,1,5,MADRUGADA,ARMA_BLANCA
ZONA 7,EL ORO,MACHALA,EL ORO,MACHALA,-3.26412,-79.96377,URBANO,CENTROS DE REHABILITACION SOCIAL,PRIVADO,DELINCUENCIA COMUN,AMENAZA,30,HOMBRE,AFRO,SOLTERO,ECUADOR,NINGUNA,6,1,16,TARDE,OTRAS
ZONA 3,COTOPAXI,LATACUNGA,COTOPAXI,LATACUNGA,-0.87219,-78.6313,RURAL,CENTROS DE REHABILITACION SOCIAL,PRIVADO,DELINCUENCIA COMUN,AMENAZA,36,HOMBRE,MESTIZO/A,SOLTERO,ECUADOR,NINGUNA,0,0,19,NOCHE,OTRAS
ZONA 8,D.M. GUAYAQUIL,PROGRESO,GUAYAS,GUAYAQUIL,-2.70524,-80.27215,RURAL,VIA PUBLICA,PUBLICO,DELINCUENCIA COMUN,AMENAZA,31,HOMBRE,MESTIZO/A,SOLTERO,ECUADOR,NINGUNA,0,0,15,TARDE,ARMA_BLANCA
ZONA 5,LOS RIOS,BABAHOYO,LOS RIOS,BABAHOYO,-1.83453,-79.44162,RURAL,FINCA,PRIVADO,DELINCUENCIA COMUN,AMENAZA,23,HOMBRE,MESTIZO/A,SOLTERO,ECUADOR,NINGUNA,0,0,17,TARDE,ARMA_BLANCA
ZONA 8,D.M. GUAYAQUIL,NUEVA PROSPERINA,GUAYAS,GUAYAQUIL,-2.09179405789834,-79.97465578217529,URBANO,CASA/VILLA,PRIVADO,VIOLENCIA INTRAFAMILIAR,MALTRATO,49,HOMBRE,MESTIZO/A,SOLTERO,ECUADOR,NINGUNA,6,1,13,TARDE,ARMA_CONTUNDENTE
ZONA 4,MANABI,SUCRE,MANABI,SUCRE,-0.394899,-80.27446899999998,RURAL,VIA PUBLICA,PUBLICO,DELINCUENCIA COMUN,TRAFICO INTERNO DE DROGAS (MICROTRAFICO),37,HOMBRE,MESTIZO/A,SOLTERO,ECUADOR,NINGUNA,4,0,20,NOCHE,ARMA_FUEGO
ZONA 7,EL ORO,MACHALA,EL ORO,MACHALA,-3.27906,-79.96583,URBANO,CASA/VILLA,PRIVADO,VIOLENCIA COMUNITARIA,RINAS,54,HOMBRE,MESTIZO/A,SOLTERO,ECUADOR,NINGUNA,0,0,6,MANANA,ARMA_BLANCA
ZONA 7,EL ORO,PASAJE,EL ORO,PASAJE,-3.33859,-79.80784,URBANO,TERRENO BALDIO,PUBLICO,VIOLENCIA INTRAFAMILIAR,SENTIMENTAL,26,MUJER,MESTIZO/A,SOLTERO,ECUADOR,NINGUNA,1,0,1,MADRUGADA,ARMA_CONTUNDENTE
ZONA 5,LOS RIOS,BUENA FE,LOS RIOS,VALENCIA,-0.9794079999999988,-79.35025799999998,RURAL,VIA PUBLICA,PUBLICO,VIOLENCIA COMUNITARIA,RINAS,22,HOMBRE,MESTIZO/A,SOLTERO,ECUADOR,NINGUNA,5,1,2,MADRUGADA,ARMA_FUEGO
ZONA 1,CARCHI,ESPEJO,CARCHI,MIRA,0.74853,-78.24357,RURAL,CASA/VILLA,PRIVADO,VIOLENCIA COMUNITARIA,RINAS,27,HOMBRE,MESTIZO/A,SOLTERO,ECUADOR,NINGUNA,0,0,3,MADRUGADA,ARMA_CONTUNDENTE
ZONA 5,GUAYAS,EL TRIUNFO BUCAY,GUAYAS,EL TRIUNFO,-2.32765099999999,-79.404403,URBANO,CASA/VILLA,PRIVADO,DELINCUENCIA COMUN,AMENAZA,62,MUJER,MESTIZO/A,EN UNION DE HECHO,ECUADOR,NINGUNA,5,1,19,NOCHE,ARMA_FUEGO
ZONA 5,LOS RIOS,VENTANAS,LOS RIOS,VENTANAS,-1.5016,-79.47323,RURAL,RIO,PUBLICO,DELINCUENCIA COMUN,ROBO A PERSONAS,27,HOMBRE,MESTIZO/A,CASADO,ECUADOR,NINGUNA,0,0,10,MANANA,OTRAS
ZONA 9,D.M. QUITO,CALDERON,PICHINCHA,QUITO,-0.06864,-78.43667,URBANO,CASA/VILLA,PRIVADO,VIOLENCIA INTRAFAMILIAR,SENTIMENTAL,37,MUJER,MESTIZO/A,SOLTERO,ECUADOR,NINGUNA,5,1,8,MANANA,ARMA_BLANCA
ZONA 8,D.M. GUAYAQUIL,MODELO,GUAYAS,GUAYAQUIL,-2.12174,-79.89292,URBANO,VIA PUBLICA,PUBLICO,DELINCUENCIA COMUN,AMENAZA,36,HOMBRE,MESTIZO/A,SOLTERO,ECUADOR,NINGUNA,1,0,19,NOCHE,ARMA_BLANCA
ZONA 7,EL ORO,MACHALA,EL ORO,MACHALA,-3.26412,-79.96377,URBANO,CENTROS DE REHABILITACION SOCIAL,PRIVADO,DELINCUENCIA COMUN,AMENAZA,20,HOMBRE,MESTIZO/A,SOLTERO,ECUADOR,NINGUNA,6,1,16,TARDE,OTRAS
ZONA 8,D.M. GUAYAQUIL,SAMBORONDON,GUAYAS,SAMBORONDON,-2.11365,-79.87029,URBANO,CASA/VILLA,PRIVADO,DELINCUENCIA COMUN,TRAFICO INTERNO DE DROGAS (MICROTRAFICO),39,HOMBRE,MESTIZO/A,SOLTERO,ECUADOR,NINGUNA,4,0,0,MADRUGADA,ARMA_FUEGO
ZONA 4,MANABI,MANTA,MANABI,MANTA,-0.96413,-80.69178,RURAL,TERRENO BALDIO,PUBLICO,DELINCUENCIA COMUN,TRAFICO INTERNO DE DROGAS (MICROTRAFICO),22,HOMBRE,MESTIZO/A,SOLTERO,ECUADOR,NINGUNA,5,1,7,MANANA,ARMA_FUEGO
ZONA 5,GUAYAS,NARANJITO MARCELINO MARIDUENA,GUAYAS,NARANJITO,-2.16607,-79.46717,RURAL,RIO,PUBLICO,DELINCUENCIA COMUN,AMENAZA,32,HOMBRE,MESTIZO/A,SOLTERO,ECUADOR,NINGUNA,6,1,14,TARDE,OTRAS
ZONA 7,EL ORO,MACHALA,EL ORO,MACHALA,-3.25553,-79.98836,URBANO,VIA PUBLICA,PUBLICO,DELINCUENCIA COMUN,TRAFICO INTERNO DE DROGAS (MICROTRAFICO),35,HOMBRE,MESTIZO/A,SOLTERO,ECUADOR,NINGUNA,6,1,21,NOCHE,ARMA_BLANCA
ZONA 5,GUAYAS,MILAGRO,GUAYAS,MILAGRO,-2.12272491693126,-79.5892146223923,URBANO,CASA/VILLA,PRIVADO,DELINCUENCIA COMUN,ROBO A DOMICILIOS,75,HOMBRE,MESTIZO/A,CASADO,ECUADOR,NINGUNA,2,0,7,MANANA,ARMA_CONTUNDENTE
ZONA 5,LOS RIOS,VINCES,LOS RIOS,VINCES,-1.57639,-79.75611,RURAL,LAGUNA - LAGO,PUBLICO,VIOLENCIA COMUNITARIA,RINAS,22,HOMBRE,MESTIZO/A,SOLTERO,ECUADOR,NINGUNA,5,1,23,NOCHE,ARMA_CONTUNDENTE
ZONA 8,D.M. GUAYAQUIL,PROGRESO,GUAYAS,GUAYAQUIL,-2.26378820085282,-80.09282623941539,URBANO,VIA PUBLICA,PUBLICO,DELINCUENCIA COMUN,AMENAZA,34,HOMBRE,MESTIZO/A,CASADO,ECUADOR,NINGUNA,1,0,3,MADRUGADA,ARMA_FUEGO
ZONA 9,D.M. QUITO,MANUELA SAENZ,PICHINCHA,QUITO,-0.21879,-78.52433,URBANO,CASA/VILLA,PRIVADO,VIOLENCIA COMUNITARIA,RINAS,20,HOMBRE,MESTIZO/A,SOLTERO,ECUADOR,NINGUNA,4,0,22,NOCHE,ARMA_BLANCA
ZONA 1,ESMERALDAS,ESMERALDAS,ESMERALDAS,ESMERALDAS,0.92917,-79.67351,URBANO,VIA PUBLICA,PUBLICO,DELINCUENCIA COMUN,AMENAZA,23,HOMBRE,AFRO,SOLTERO,ECUADOR,NINGUNA,4,0,9,MANANA,ARMA_BLANCA
ZONA 2,NAPO,TENA,NAPO,TENA,-0.957214408843097,-77.82154798507689,URBANO,VIA PUBLICA,PUBLICO,DELINCUENCIA COMUN,ROBO A PERSONAS,21,HOMBRE,MESTIZO/A,SOLTERO,ECUADOR,NINGUNA,5,1,5,MADRUGADA,ARMA_CONTUNDENTE
ZONA 5,SANTA ELENA,LIBERTAD SALINAS,SANTA ELENA,LA LIBERTAD,-2.2242335987333,-80.90672135353091,URBANO,CASA/VILLA,PRIVADO,DELINCUENCIA COMUN,AMENAZA,20,HOMBRE,MESTIZO/A,SOLTERO,ECUADOR,NINGUNA,6,1,20,NOCHE,ARMA_FUEGO
ZONA 4,MANABI,ROCAFUERTE,MANABI,ROCAFUERTE,-0.91582,-80.3777,RURAL,FINCA,PRIVADO,DELINCUENCIA COMUN,AMENAZA,48,HOMBRE,MESTIZO/A,SOLTERO,ECUADOR,NINGUNA,3,0,6,MANANA,ARMA_BLANCA
ZONA 4,MANABI,MANTA,MANABI,MANTA,-0.98858,-80.70441,URBANO,CANCHAS DE USO MULTIPLE,PUBLICO,DELINCUENCIA COMUN,TRAFICO INTERNO DE DROGAS (MICROTRAFICO),27,HOMBRE,MESTIZO/A,SOLTERO,ECUADOR,NINGUNA,1,0,0,MADRUGADA,OTRAS
ZONA 8,D.M. GUAYAQUIL,SUR - DMG,GUAYAS,GUAYAQUIL,-2.25357,-79.88053,URBANO,VIA PUBLICA,PUBLICO,DELINCUENCIA COMUN,AMENAZA,15,HOMBRE,MESTIZO/A,SOLTERO,ECUADOR,NINGUNA,5,1,0,MADRUGADA,ARMA_FUEGO
ZONA 5,LOS RIOS,BABAHOYO,LOS RIOS,BABAHOYO,-1.81515,-79.51315,URBANO,VIA PUBLICA,PUBLICO,DELINCUENCIA COMUN,AMENAZA,22,HOMBRE,MESTIZO/A,SOLTERO,ECUADOR,NINGUNA,6,1,14,TARDE,ARMA_FUEGO
ZONA 8,D.M. GUAYAQUIL,PASCUALES,GUAYAS,GUAYAQUIL,-2.0699888,-79.93399329999998,URBANO,VIA PUBLICA,PUBLICO,DELINCUENCIA COMUN,TRAFICO INTERNO DE DROGAS (MICROTRAFICO),28,HOMBRE,MESTIZO/A,SOLTERO,ECUADOR,NINGUNA,6,1,0,MADRUGADA,ARMA_FUEGO
ZONA 8,D.M. GUAYAQUIL,PASCUALES,GUAYAS,GUAYAQUIL,-2.05371,-79.94343,URBANO,CENTROS DE REHABILITACION SOCIAL,PRIVADO,VIOLENCIA COMUNITARIA,RINAS,23,HOMBRE,MULATO/A,SOLTERO,ECUADOR,NINGUNA,1,0,22,NOCHE,ARMA_CONTUNDENTE
ZONA 6,CANAR,LA TRONCAL,CANAR,LA TRONCAL,-2.34939,-79.31205,RURAL,MAR,PUBLICO,DELINCUENCIA COMUN,TRAFICO INTERNO DE DROGAS (MICROTRAFICO),44,HOMBRE,MESTIZO/A,SOLTERO,ECUADOR,NINGUNA,3,0,20,NOCHE,ARMA_BLANCA
ZONA 5,SANTA ELENA,SANTA ELENA,SANTA ELENA,SANTA ELENA,-2.20852,-80.88195,URBANO,CASA/VILLA,PRIVADO,VIOLENCIA COMUNITARIA,ACTOS DE ODIO,50,MUJER,BLANCO/A,SOLTERO,ARGENTINA,NINGUNA,1,0,16,TARDE,ARMA_CONTUNDENTE
ZONA 6,CANAR,LA TRONCAL,CANAR,LA TRONCAL,-2.42485,-79.33742,URBANO,VIA PUBLICA,PUBLICO,DELINCUENCIA COMUN,AMENAZA,33,HOMBRE,MESTIZO/A,SOLTERO,ECUADOR,NINGUNA,3,0,23,NOCHE,ARMA_BLANCA
ZONA 5,SANTA ELENA,SANTA ELENA,SANTA ELENA,SANTA ELENA,-2.24426,-80.71568,URBANO,TERRENO BALDIO,PUBLICO,DELINCUENCIA COMUN,ROBO DE CARROS,58,HOMBRE,MESTIZO/A,CASADO,ECUADOR,NINGUNA,6,1,16,TARDE,ARMA_CONTUNDENTE
ZONA 7,EL ORO,PASAJE,EL ORO,EL GUABO,-3.21052,-79.81661,URBANO,VIA PUBLICA,PUBLICO,DELINCUENCIA COMUN,TRAFICO INTERNO DE DROGAS (MICROTRAFICO),20,HOMBRE,MESTIZO/A,SOLTERO,ECUADOR,NINGUNA,3,0,7,MANANA,ARMA_BLANCA
ZONA 5,LOS RIOS,VENTANAS,LOS RIOS,VENTANAS,-1.42901,-79.45507,RURAL,FINCA,PRIVADO,DELINCUENCIA COMUN,AMENAZA,33,HOMBRE,MESTIZO/A,SOLTERO,OTROS,NINGUNA,2,0,2,MADRUGADA,ARMA_CONTUNDENTE
ZONA 4,MANABI,PEDERNALES,MANABI,PEDERNALES,0.05852,-79.9706,RURAL,FINCA,PRIVADO,DELINCUENCIA COMUN,AMENAZA,16,HOMBRE,MESTIZO/A,SOLTERO,ECUADOR,NINGUNA,3,0,14,TARDE,ARMA_CONTUNDENTE
ZONA 3,COTOPAXI,DANSANTE,COTOPAXI,PUJILI,-0.93266,-78.879,RURAL,CASA/VILLA,PRIVADO,VIOLENCIA COMUNITARIA,LITIGIO DE TIERRAS,75,HOMBRE,INDIGENA,CASADO,ECUADOR,NINGUNA,6,1,3,MADRUGADA,ARMA_CONTUNDENTE
ZONA 3,TUNGURAHUA,AMBATO SUR,TUNGURAHUA,AMBATO,-1.27887,-78.62783,URBANO,VIA PUBLICA,PUBLICO,VIOLENCIA COMUNITARIA,RINAS,76,MUJER,MESTIZO/A,DIVORCIADO,ECUADOR,NINGUNA,3,0,4,MADRUGADA,ARMA_CONTUNDENTE
ZONA 1,ESMERALDAS,SAN LORENZO,ESMERALDAS,SAN LORENZO,1.13195,-78.68548,URBANO,FINCA,PRIVADO,DELINCUENCIA COMUN,AMENAZA,19,HOMBRE,AFRO,SOLTERO,ECUADOR,NINGUNA,0,0,18,NOCHE,OTRAS
ZONA 4,STO DGO DE LOS TSACHILAS,SANTO DOMINGO OESTE,STO DGO DE LOS TSACHILAS,SANTO DOMINGO,-0.24302,-79.34475,URBANO,VIA PUBLICA,PUBLICO,VIOLENCIA COMUNITARIA,LINCHAMIENTO,28,HOMBRE,MESTIZO/A,SOLTERO,ECUADOR,NINGUNA,6,1,18,NOCHE,ARMA_CONTUNDENTE
ZONA 4,STO DGO DE LOS TSACHILAS,SANTO DOMINGO OESTE,STO DGO DE LOS TSACHILAS,SANTO DOMINGO,-0.24054,-79.17393,URBANO,VIA PUBLICA,PUBLICO,VIOLENCIA COMUNITARIA,LINCHAMIENTO,28,HOMBRE,MESTIZO/A,SOLTERO,ECUADOR,NINGUNA,1,0,15,TARDE,OTRAS
ZONA 8,D.M. GUAYAQUIL,PROGRESO,GUAYAS,GUAYAQUIL,-2.19555,-80.10039,RURAL,RIO,PUBLICO,DELINCUENCIA COMUN,AMENAZA,26,HOMBRE,MESTIZO/A,SOLTERO,ECUADOR,NINGUNA,0,0,10,MANANA,OTRAS
ZONA 8,D.M. GUAYAQUIL,PASCUALES,GUAYAS,GUAYAQUIL,-2.05309,-79.9436,URBANO,CENTROS DE REHABILITACION SOCIAL,PRIVADO,DELINCUENCIA COMUN,AMENAZA,33,HOMBRE,MESTIZO/A,SOLTERO,ECUADOR,NINGUNA,4,0,8,MANANA,OTRAS
ZONA 1,ESMERALDAS,ESMERALDAS,ESMERALDAS,ESMERALDAS,0.91509,-79.69725,URBANO,CENTROS DE REHABILITACION SOCIAL,PRIVADO,DELINCUENCIA COMUN,AMENAZA,26,HOMBRE,MESTIZO/A,SOLTERO,ECUADOR,NINGUNA,3,0,2,MADRUGADA,ARMA_BLANCA
ZONA 8,D.M. GUAYAQUIL,CEIBOS,GUAYAS,GUAYAQUIL,-2.18817,-80.03009,URBANO,VIA PUBLICA,PUBLICO,DELINCUENCIA COMUN,AMENAZA,30,HOMBRE,MESTIZO/A,SOLTERO,ECUADOR,NINGUNA,3,0,5,MADRUGADA,OTRAS
ZONA 8,D.M. GUAYAQUIL,PORTETE,GUAYAS,GUAYAQUIL,-2.22356,-79.9191,URBANO,HOSPITALES,PRIVADO,DELINCUENCIA COMUN,TRAFICO INTERNO DE DROGAS (MICROTRAFICO),33,HOMBRE,MESTIZO/A,SOLTERO,ECUADOR,NINGUNA,0,0,3,MADRUGADA,ARMA_FUEGO
ZONA 4,STO DGO DE LOS TSACHILAS,SANTO DOMINGO OESTE,STO DGO DE LOS TSACHILAS,SANTO DOMINGO,-0.234202999999999,-79.19605199999998,RURAL,FINCA,PRIVADO,DELINCUENCIA COMUN,AMENAZA,51,HOMBRE,MESTIZO/A,SOLTERO,ECUADOR,NINGUNA,6,1,9,MANANA,ARMA_CONTUNDENTE
ZONA 6,AZUAY,CUENCA SUR,AZUAY,CUENCA,-2.89881,-79.0298,URBANO,VIA PUBLICA,PUBLICO,VIOLENCIA COMUNITARIA,RINAS,24,HOMBRE,MESTIZO/A,SOLTERO,ECUADOR,NINGUNA,3,0,18,NOCHE,ARMA_BLANCA
ZONA 8,D.M. GUAYAQUIL,PASCUALES,GUAYAS,GUAYAQUIL,-2.07177657206973,-79.9280444384931,URBANO,INTERIOR DE VEHICULO PARTICULAR,PRIVADO,DELINCUENCIA COMUN,TRAFICO INTERNO DE DROGAS (MICROTRAFICO),24,HOMBRE,MESTIZO/A,EN UNION DE HECHO,ECUADOR,NINGUNA,4,0,1,MADRUGADA,ARMA_FUEGO
ZONA 5,GUAYAS,MILAGRO,GUAYAS,MILAGRO,-2.1192845,-79.5890624,URBANO,CASA/VILLA,PRIVADO,VIOLENCIA COMUNITARIA,DEUDAS,31,HOMBRE,MESTIZO/A,SOLTERO,ECUADOR,NINGUNA,0,0,7,MANANA,ARMA_FUEGO
ZONA 1,SUCUMBIOS,LAGO AGRIO,SUCUMBIOS,LAGO AGRIO,0.113419481053439,-76.8721928447485,RURAL,FINCA,PRIVADO,VIOLENCIA COMUNITARIA,DEUDAS,30,HOMBRE,MESTIZO/A,SOLTERO,COLOMBIA,NINGUNA,0,0,22,NOCHE,ARMA_FUEGO
ZONA 9,D.M. QUITO,MANUELA SAENZ,PICHINCHA,QUITO,-0.22249,-78.49134,RURAL,RIO,PUBLICO,DELINCUENCIA COMUN,AMENAZA,28,HOMBRE,MESTIZO/A,SOLTERO,ECUADOR,NINGUNA,5,1,8,MANANA,ARMA_CONTUNDENTE
ZONA 8,D.M. GUAYAQUIL,PASCUALES,GUAYAS,GUAYAQUIL,-2.02001,-79.95224,URBANO,RIO,PUBLICO,VIOLENCIA INTRAFAMILIAR,SENTIMENTAL,32,MUJER,MESTIZO/A,SOLTERO,ECUADOR,NINGUNA,0,0,19,NOCHE,OTRAS
ZONA 1,IMBABURA,CIUDAD BLANCA,IMBABURA,PIMAMPIRO,0.31279,-77.94147,RURAL,VIA PUBLICA,PUBLICO,DELINCUENCIA COMUN,AMENAZA,68,HOMBRE,MESTIZO/A,CASADO,ECUADOR,NINGUNA,5,1,17,TARDE,ARMA_BLANCA
ZONA 1,ESMERALDAS,ESMERALDAS,ESMERALDAS,ESMERALDAS,0.91509,-79.69725,URBANO,CENTROS DE REHABILITACION SOCIAL,PRIVADO,DELINCUENCIA COMUN,AMENAZA,25,HOMBRE,MESTIZO/A,SOLTERO,ECUADOR,NINGUNA,3,0,2,MADRUGADA,ARMA_BLANCA
ZONA 8,D.M. GUAYAQUIL,NUEVA PROSPERINA,GUAYAS,GUAYAQUIL,-2.10964,-79.9497,URBANO,VIA PUBLICA,PUBLICO,VIOLENCIA COMUNITARIA,LINCHAMIENTO,24,HOMBRE,MESTIZO/A,SOLTERO,ECUADOR,NINGUNA,6,1,15,TARDE,OTRAS
ZONA 9,D.M. QUITO,TUMBACO,PICHINCHA,QUITO,-0.22642,-78.3389,URBANO,PARQUES Y PLAZAS,PUBLICO,VIOLENCIA COMUNITARIA,LINCHAMIENTO,17,HOMBRE,MESTIZO/A,SOLTERO,ECUADOR,NINGUNA,6,1,4,MADRUGADA,OTRAS
ZONA 5,GUAYAS,BALZAR,GUAYAS,BALZAR,-1.37436815849439,-79.90241074570798,RURAL,VIA PUBLICA,PUBLICO,VIOLENCIA COMUNITARIA,RINAS,58,HOMBRE,MESTIZO/A,SOLTERO,ECUADOR,NINGUNA,6,1,18,NOCHE,ARMA_CONTUNDENTE
ZONA 5,LOS RIOS,PUEBLO VIEJO,LOS RIOS,PUEBLOVIEJO,-1.65049,-79.59124,RURAL,FINCA,PRIVADO,DELINCUENCIA COMUN,TRAFICO INTERNO DE DROGAS (MICROTRAFICO),34,HOMBRE,MESTIZO/A,SOLTERO,VENEZUELA,NINGUNA,3,0,6,MANANA,ARMA_BLANCA
ZONA 8,D.M. GUAYAQUIL,ESTEROS,GUAYAS,GUAYAQUIL,-2.253238,-79.904453,URBANO,VIA PUBLICA,PUBLICO,VIOLENCIA COMUNITARIA,ACTOS DE ODIO,20,HOMBRE,MESTIZO/A,SOLTERO,ECUADOR,NINGUNA,6,1,23,NOCHE,ARMA_FUEGO
ZONA 8,D.M. GUAYAQUIL,PASCUALES,GUAYAS,GUAYAQUIL,-2.05371,-79.94343,URBANO,CENTROS DE REHABILITACION SOCIAL,PRIVADO,VIOLENCIA COMUNITARIA,RINAS,26,HOMBRE,MESTIZO/A,SOLTERO,ECUADOR,NINGUNA,1,0,22,NOCHE,ARMA_CONTUNDENTE
ZONA 5,BOLIVAR,SAN MIGUEL,BOLIVAR,SAN MIGUEL,-1.7837,-79.14598,RURAL,BOSQUE Y RESERVAS ECOLOGICAS,PUBLICO,VIOLENCIA COMUNITARIA,ACTOS DE ODIO,28,HOMBRE,MESTIZO/A,SOLTERO,ECUADOR,NINGUNA,5,1,12,TARDE,ARMA_FUEGO
ZONA 1,SUCUMBIOS,SUCUMBIOS,SUCUMBIOS,CASCALES,-0.04243,-77.08937,RURAL,VIA PUBLICA,PUBLICO,VIOLENCIA COMUNITARIA,RINAS,33,HOMBRE,MESTIZO/A,SOLTERO,ECUADOR,NINGUNA,6,1,8,MANANA,ARMA_BLANCA
ZONA 6,CANAR,LA TRONCAL,CANAR,LA TRONCAL,-2.43137,-79.31396,RURAL,FINCA,PRIVADO,DELINCUENCIA COMUN,AMENAZA,26,HOMBRE,MESTIZO/A,SOLTERO,ECUADOR,NINGUNA,6,1,15,TARDE,ARMA_BLANCA
ZONA 9,D.M. QUITO,QUITUMBE,PICHINCHA,QUITO,-0.32934,-78.5488,URBANO,CASA/VILLA,PRIVADO,VIOLENCIA COMUNITARIA,EMOCIONAL,18,MUJER,MESTIZO/A,SOLTERO,ECUADOR,NINGUNA,1,0,21,NOCHE,ARMA_BLANCA
ZONA 5,SANTA ELENA,SANTA ELENA,SANTA ELENA,SANTA ELENA,-2.24711,-80.80956,RURAL,VIA PUBLICA,PUBLICO,DELINCUENCIA COMUN,AMENAZA,53,MUJER,MESTIZO/A,SOLTERO,ECUADOR,NINGUNA,4,0,6,MANANA,OTRAS
ZONA 4,MANABI,PORTOVIEJO,MANABI,PORTOVIEJO,-1.05806,-80.44154,URBANO,VIA PUBLICA,PUBLICO,DELINCUENCIA COMUN,AMENAZA,26,HOMBRE,MESTIZO/A,SOLTERO,ECUADOR,NINGUNA,3,0,19,NOCHE,ARMA_FUEGO
ZONA 5,LOS RIOS,BUENA FE,LOS RIOS,BUENA FE,-0.89961,-79.48544,URBANO,VIA PUBLICA,PUBLICO,DELINCUENCIA COMUN,AMENAZA,39,HOMBRE,MESTIZO/A,SOLTERO,ECUADOR,NINGUNA,4,0,3,MADRUGADA,ARMA_BLANCA
ZONA 6,MORONA SANTIAGO,CENTRO SUR,MORONA SANTIAGO,SUCUA,-2.49168,-78.14467,RURAL,VIA PUBLICA,PUBLICO,DELINCUENCIA COMUN,ROBO A DOMICILIOS,18,HOMBRE,INDIGENA,SOLTERO,ECUADOR,NINGUNA,3,0,14,TARDE,ARMA_BLANCA
ZONA 6,AZUAY,CUENCA SUR,AZUAY,CUENCA,-2.99216,-79.15847,URBANO,TERRENO BALDIO,PUBLICO,DELINCUENCIA COMUN,ROBO A DOMICILIOS,37,HOMBRE,MESTIZO/A,SOLTERO,ECUADOR,NINGUNA,6,1,0,MADRUGADA,OTRAS
ZONA 7,EL ORO,HUAQUILLAS,EL ORO,HUAQUILLAS,-3.48331,-80.22215,URBANO,VIA PUBLICA,PUBLICO,VIOLENCIA COMUNITARIA,EMOCIONAL,32,HOMBRE,MESTIZO/A,DIVORCIADO,ECUADOR,NINGUNA,1,0,1,MADRUGADA,OTRAS
ZONA 4,MANABI,SUCRE,MANABI,SAN VICENTE,-0.52431,-80.35627,RURAL,CASA/VILLA,PRIVADO,DELINCUENCIA COMUN,ROBO A DOMICILIOS,78,HOMBRE,MESTIZO/A,CASADO,ECUADOR,NINGUNA,6,1,5,MADRUGADA,ARMA_CONTUNDENTE
ZONA 4,MANABI,JIPIJAPA,MANABI,JIPIJAPA,-1.33982,-80.74517,URBANO,VIA PUBLICA,PUBLICO,DELINCUENCIA COMUN,AMENAZA,34,HOMBRE,MESTIZO/A,SOLTERO,ECUADOR,NINGUNA,5,1,3,MADRUGADA,OTRAS
ZONA 7,EL ORO,MACHALA,EL ORO,MACHALA,-3.25409,-79.94043,URBANO,CASA/VILLA,PRIVADO,DELINCUENCIA COMUN,TRAFICO INTERNO DE DROGAS (MICROTRAFICO),38,HOMBRE,MESTIZO/A,SOLTERO,ECUADOR,FISICA,3,0,20,NOCHE,ARMA_FUEGO
ZONA 3,COTOPAXI,SALCEDO,COTOPAXI,SALCEDO,-1.10488404142001,-78.58686622383169,RURAL,LAGUNA - LAGO,PUBLICO,VIOLENCIA COMUNITARIA,RINAS,61,HOMBRE,MESTIZO/A,CASADO,ECUADOR,NINGUNA,1,0,17,TARDE,ARMA_CONTUNDENTE
ZONA 6,CANAR,LA TRONCAL,CANAR,LA TRONCAL,-2.4265,-79.34688,URBANO,HOSPITALES,PRIVADO,DELINCUENCIA COMUN,ROBO A PERSONAS,40,HOMBRE,MESTIZO/A,SOLTERO,ECUADOR,NINGUNA,6,1,2,MADRUGADA,ARMA_BLANCA
ZONA 7,EL ORO,MACHALA,EL ORO,MACHALA,-3.27073803569675,-80.0008217358037,URBANO,VIA PUBLICA,PUBLICO,DELINCUENCIA COMUN,AMENAZA,16,HOMBRE,MESTIZO/A,SOLTERO,ECUADOR,NINGUNA,1,0,23,NOCHE,ARMA_FUEGO
ZONA 9,D.M. QUITO,EUGENIO ESPEJO,PICHINCHA,QUITO,-0.15213,-78.47242,URBANO,CENTROS DE REHABILITACION SOCIAL,PRIVADO,VIOLENCIA COMUNITARIA,RINAS,41,HOMBRE,MESTIZO/A,DIVORCIADO,ECUADOR,NINGUNA,4,0,9,MANANA,OTRAS
ZONA 7,EL ORO,ZARUMA,EL ORO,PORTOVELO,-3.72104,-79.57762,RURAL,CASA/VILLA,PRIVADO,DELINCUENCIA COMUN,ROBO A PERSONAS,56,HOMBRE,MESTIZO/A,SOLTERO,ECUADOR,NINGUNA,6,1,18,NOCHE,ARMA_CONTUNDENTE
ZONA 5,BOLIVAR,SUBTROPICO,BOLIVAR,CALUMA,-1.6302,-79.33337,RURAL,VIA PUBLICA,PUBLICO,TRANSNACIONAL,SECUESTRO,54,HOMBRE,MESTIZO/A,CASADO,ECUADOR,NINGUNA,3,0,20,NOCHE,OTRAS
ZONA 5,LOS RIOS,BABAHOYO,LOS RIOS,BABAHOYO,-1.80253,-79.53389,URBANO,VIA PUBLICA,PUBLICO,DELINCUENCIA COMUN,AMENAZA,26,HOMBRE,MESTIZO/A,SOLTERO,ECUADOR,NINGUNA,3,0,20,NOCHE,ARMA_FUEGO
ZONA 1,ESMERALDAS,ESMERALDAS,ESMERALDAS,ESMERALDAS,0.89526,-79.71961,URBANO,FINCA,PRIVADO,DELINCUENCIA COMUN,AMENAZA,29,HOMBRE,MESTIZO/A,SOLTERO,ECUADOR,NINGUNA,5,1,22,NOCHE,ARMA_BLANCA
ZONA 1,ESMERALDAS,ESMERALDAS,ESMERALDAS,ESMERALDAS,0.9883867389872169,-79.6556837484241,URBANO,CASA/VILLA,PRIVADO,DELINCUENCIA COMUN,AMENAZA,59,MUJER,MESTIZO/A,CASADO,ECUADOR,NINGUNA,3,0,19,NOCHE,ARMA_CONTUNDENTE
ZONA 1,ESMERALDAS,ESMERALDAS,ESMERALDAS,ESMERALDAS,0.91336,-79.69186,URBANO,HOSPITALES,PRIVADO,VIOLENCIA COMUNITARIA,RINAS,26,HOMBRE,MESTIZO/A,SOLTERO,ECUADOR,NINGUNA,4,0,21,NOCHE,ARMA_CONTUNDENTE
ZONA 8,D.M. GUAYAQUIL,ESTEROS,GUAYAS,GUAYAQUIL,-2.23575,-79.92131,URBANO,VIA PUBLICA,PUBLICO,DELINCUENCIA COMUN,TRAFICO INTERNO DE DROGAS (MICROTRAFICO),22,HOMBRE,MESTIZO/A,SOLTERO,ECUADOR,NINGUNA,5,1,23,NOCHE,ARMA_FUEGO
ZONA 2,ORELLANA,ORELLANA LORETO,ORELLANA,FRANCISCO DE ORELLANA,-0.6183,-76.8765,RURAL,FINCA,PRIVADO,DELINCUENCIA COMUN,AMENAZA,58,HOMBRE,MESTIZO/A,CASADO,ECUADOR,NINGUNA,6,1,15,TARDE,ARMA_CONTUNDENTE
ZONA 1,SUCUMBIOS,PUTUMAYO,SUCUMBIOS,CUYABENO,-0.05033,-76.29613,RURAL,FINCA,PRIVADO,VIOLENCIA COMUNITARIA,LITIGIO DE TIERRAS,62,HOMBRE,MESTIZO/A,SOLTERO,ECUADOR,NINGUNA,4,0,12,TARDE,ARMA_BLANCA
ZONA 7,LOJA,LOJA,LOJA,LOJA,-3.98066,-79.20129,URBANO,CASA/VILLA,PRIVADO,VIOLENCIA SEXUAL,VIOLACION FAMILIAR DIRECTO (PERSONA CONOCIDA),3,MUJER,MESTIZO/A,SOLTERO,ECUADOR,NINGUNA,4,0,3,MADRUGADA,OTRAS
ZONA 4,MANABI,PAJAN,MANABI,PAJAN,-1.55224,-80.42709,RURAL,CASA/VILLA,PRIVADO,VIOLENCIA COMUNITARIA,RINAS,43,HOMBRE,BLANCO/A,SOLTERO,ECUADOR,VISUAL,6,1,1,MADRUGADA,OTRAS
ZONA 5,GUAYAS,JUJAN SIMON BOLIVAR,GUAYAS,SIMON BOLIVAR,-2.08467,-79.36117,RURAL,HACIENDAS,PRIVADO,DELINCUENCIA COMUN,AMENAZA,22,MUJER,MESTIZO/A,SOLTERO,ECUADOR,NINGUNA,2,0,20,NOCHE,ARMA_CONTUNDENTE
ZONA 1,ESMERALDAS,ESMERALDAS,ESMERALDAS,ESMERALDAS,0.94808,-79.64428,URBANO,VIA PUBLICA,PUBLICO,VIOLENCIA COMUNITARIA,RINAS,33,HOMBRE,MESTIZO/A,SOLTERO,ECUADOR,NINGUNA,6,1,22,NOCHE,ARMA_BLANCA
ZONA 4,STO DGO DE LOS TSACHILAS,SANTO DOMINGO ESTE,STO DGO DE LOS TSACHILAS,SANTO DOMINGO,-0.26585,-79.14391,URBANO,QUEBRADAS,PUBLICO,VIOLENCIA COMUNITARIA,RINAS,25,HOMBRE,MESTIZO/A,SOLTERO,COLOMBIA,NINGUNA,0,0,4,MADRUGADA,ARMA_BLANCA
ZONA 8,D.M. GUAYAQUIL,9 DE OCTUBRE,GUAYAS,GUAYAQUIL,-2.19772,-79.90634,URBANO,VIA PUBLICA,PUBLICO,DELINCUENCIA COMUN,AMENAZA,29,HOMBRE,MESTIZO/A,SOLTERO,ECUADOR,NINGUNA,6,1,0,MADRUGADA,ARMA_FUEGO
ZONA 3,TUNGURAHUA,QUERO,TUNGURAHUA,CEVALLOS,-1.35266,-78.62243,RURAL,QUEBRADAS,PUBLICO,VIOLENCIA INTRAFAMILIAR,MALTRATO,36,MUJER,MESTIZO/A,CASADO,ECUADOR,NINGUNA,5,1,3,MADRUGADA,OTRAS
ZONA 7,EL ORO,SANTA ROSA,EL ORO,SANTA ROSA,-3.50284,-79.8889,URBANO,HACIENDAS,PRIVADO,DELINCUENCIA COMUN,TRAFICO INTERNO DE DROGAS (MICROTRAFICO),22,HOMBRE,MESTIZO/A,SOLTERO,ECUADOR,NINGUNA,6,1,17,TARDE,ARMA_FUEGO
ZONA 1,ESMERALDAS,ESMERALDAS,ESMERALDAS,ESMERALDAS,0.972148,-79.648532,URBANO,VIA PUBLICA,PUBLICO,VIOLENCIA INTRAFAMILIAR,SENTIMENTAL,29,HOMBRE,AFRO,SOLTERO,ECUADOR,NINGUNA,0,0,9,MANANA,ARMA_FUEGO
ZONA 7,ZAMORA CHINCHIPE,ZAMORA,ZAMORA CHINCHIPE,ZAMORA,-4.28975,-78.95758,RURAL,BOSQUE Y RESERVAS ECOLOGICAS,PUBLICO,VIOLENCIA COMUNITARIA,RINAS,21,HOMBRE,MESTIZO/A,SOLTERO,ECUADOR,NINGUNA,2,0,18,NOCHE,ARMA_CONTUNDENTE
ZONA 1,ESMERALDAS,ATACAMES,ESMERALDAS,MUISNE,0.62485,-79.90717,RURAL,RIO,PUBLICO,VIOLENCIA COMUNITARIA,RINAS,67,HOMBRE,MESTIZO/A,SOLTERO,ECUADOR,NINGUNA,0,0,0,MADRUGADA,ARMA_CONTUNDENTE
ZONA 7,EL ORO,HUAQUILLAS,EL ORO,HUAQUILLAS,-3.49192,-80.20142,RURAL,TERRENO BALDIO,PUBLICO,DELINCUENCIA COMUN,AMENAZA,41,HOMBRE,MESTIZO/A,SOLTERO,ECUADOR,NINGUNA,6,1,12,TARDE,OTRAS
ZONA 9,D.M. QUITO,CALDERON,PICHINCHA,QUITO,-0.06441,-78.45151,URBANO,CASA/VILLA,PRIVADO,DELINCUENCIA COMUN,ROBO A DOMICILIOS,47,HOMBRE,MESTIZO/A,SOLTERO,ECUADOR,NINGUNA,2,0,1,MADRUGADA,ARMA_BLANCA
ZONA 9,D.M. QUITO,ELOY ALFARO - DMQ,PICHINCHA,QUITO,-0.24697,-78.51585,URBANO,VIA PUBLICA,PUBLICO,DELINCUENCIA COMUN,ROBO A PERSONAS,44,HOMBRE,MESTIZO/A,DIVORCIADO,ECUADOR,NINGUNA,0,0,3,MADRUGADA,ARMA_BLANCA
ZONA 7,EL ORO,PASAJE,EL ORO,PASAJE,-3.32403,-79.81954,URBANO,CASA/VILLA,PRIVADO,DELINCUENCIA COMUN,AMENAZA,24,HOMBRE,MESTIZO/A,SOLTERO,ECUADOR,NINGUNA,5,1,21,NOCHE,OTRAS
ZONA 8,D.M. GUAYAQUIL,NUEVA PROSPERINA,GUAYAS,GUAYAQUIL,-2.12104,-79.98456,URBANO,VICEPRESIDENCIA,PRIVADO,VIOLENCIA COMUNITARIA,RINAS,42,HOMBRE,MESTIZO/A,CASADO,ECUADOR,NINGUNA,5,1,2,MADRUGADA,ARMA_CONTUNDENTE
ZONA 8,D.M. GUAYAQUIL,FLORIDA,GUAYAS,GUAYAQUIL,-2.14128,-79.92868,URBANO,CASA/VILLA,PRIVADO,VIOLENCIA COMUNITARIA,ACTOS DE ODIO,48,HOMBRE,MESTIZO/A,SOLTERO,ECUADOR,NINGUNA,3,0,18,NOCHE,OTRAS
ZONA 6,AZUAY,PONCE ENRIQUEZ,AZUAY,CAMILO PONCE ENRIQUEZ,-3.06208140234357,-79.75050067529078,RURAL,VIA PUBLICA,PUBLICO,DELINCUENCIA COMUN,AMENAZA,38,HOMBRE,MESTIZO/A,SOLTERO,ECUADOR,NINGUNA,1,0,10,MANANA,ARMA_CONTUNDENTE
ZONA 4,STO DGO DE LOS TSACHILAS,LA CONCORDIA,STO DGO DE LOS TSACHILAS,LA CONCORDIA,0.00545,-79.39554,URBANO,VIA PUBLICA,PUBLICO,VIOLENCIA COMUNITARIA,LINCHAMIENTO,28,HOMBRE,MESTIZO/A,SOLTERO,ECUADOR,NINGUNA,0,0,5,MADRUGADA,OTRAS
ZONA 2,NAPO,TENA,NAPO,ARCHIDONA,-0.9114,-77.80067,RURAL,CENTROS DE REHABILITACION SOCIAL,PRIVADO,TERRORISMO,TERRORISMO,44,HOMBRE,MESTIZO/A,SOLTERO,ECUADOR,NINGUNA,4,0,8,MANANA,OTRAS
ZONA 8,D.M. GUAYAQUIL,ESTEROS,GUAYAS,GUAYAQUIL,-2.23348,-79.90874,URBANO,VIA PUBLICA,PUBLICO,DELINCUENCIA COMUN,AMENAZA,27,HOMBRE,MESTIZO/A,SOLTERO,ECUADOR,NINGUNA,5,1,3,MADRUGADA,ARMA_BLANCA
ZONA 1,ESMERALDAS,ESMERALDAS,ESMERALDAS,ESMERALDAS,0.94401,-79.64552,URBANO,RIO,PUBLICO,DELINCUENCIA COMUN,AMENAZA,16,HOMBRE,AFRO,SOLTERO,ECUADOR,NINGUNA,5,1,22,NOCHE,ARMA_CONTUNDENTE
ZONA 6,MORONA SANTIAGO,MORONA,MORONA SANTIAGO,MORONA,-2.29501,-78.11907,URBANO,CASA/VILLA,PUBLICO,VIOLENCIA COMUNITARIA,EMOCIONAL,35,MUJER,MESTIZO/A,SOLTERO,ECUADOR,NINGUNA,5,1,23,NOCHE,ARMA_BLANCA
ZONA 9,D.M. QUITO,LA DELICIA,PICHINCHA,QUITO,-0.08798,-78.4725,URBANO,CASA/VILLA,PRIVADO,DELINCUENCIA COMUN,ROBO A DOMICILIOS,66,MUJER,MESTIZO/A,VIUDO,ECUADOR,NINGUNA,1,0,8,MANANA,ARMA_BLANCA
ZONA 8,D.M. GUAYAQUIL,ESTEROS,GUAYAS,GUAYAQUIL,-2.2387,-79.926,URBANO,VIA PUBLICA,PUBLICO,VIOLENCIA COMUNITARIA,RINAS,32,HOMBRE,MESTIZO/A,SOLTERO,ECUADOR,NINGUNA,6,1,9,MANANA,ARMA_BLANCA
ZONA 5,GUAYAS,NARANJITO MARCELINO MARIDUENA,GUAYAS,NARANJITO,-2.12189,-79.42751,URBANO,HACIENDAS,PRIVADO,DELINCUENCIA COMUN,AMENAZA,21,HOMBRE,MESTIZO/A,SOLTERO,ECUADOR,NINGUNA,1,0,12,TARDE,ARMA_BLANCA
ZONA 8,D.M. GUAYAQUIL,PASCUALES,GUAYAS,GUAYAQUIL,-2.05309,-79.9436,URBANO,CENTROS DE REHABILITACION SOCIAL,PRIVADO,DELINCUENCIA COMUN,AMENAZA,19,HOMBRE,MESTIZO/A,SOLTERO,ECUADOR,NINGUNA,6,1,9,MANANA,ARMA_CONTUNDENTE
ZONA 1,SUCUMBIOS,LAGO AGRIO,SUCUMBIOS,LAGO AGRIO,0.09764,-76.88401,URBANO,CASA/VILLA,PRIVADO,DELINCUENCIA COMUN,TRAFICO INTERNO DE DROGAS (MICROTRAFICO),18,HOMBRE,MESTIZO/A,SOLTERO,ECUADOR,NINGUNA,3,0,16,TARDE,ARMA_FUEGO
ZONA 1,SUCUMBIOS,SUCUMBIOS,SUCUMBIOS,GONZALO PIZARRO,0.03549,-77.33566,RURAL,FINCA,PRIVADO,DELINCUENCIA COMUN,AMENAZA,58,HOMBRE,MESTIZO/A,SOLTERO,ECUADOR,NINGUNA,4,0,18,NOCHE,ARMA_BLANCA
ZONA 4,MANABI,MANTA,MANABI,MONTECRISTI,-1.0251,-80.69412,RURAL,VIA PUBLICA,PUBLICO,DELINCUENCIA COMUN,ROBO A PERSONAS,27,HOMBRE,MESTIZO/A,SOLTERO,ECUADOR,NINGUNA,6,1,19,NOCHE,ARMA_CONTUNDENTE
ZONA 9,D.M. QUITO,ELOY ALFARO - DMQ,PICHINCHA,QUITO,-0.2758439999999989,-78.53517999999998,URBANO,VIA PUBLICA,PUBLICO,VIOLENCIA COMUNITARIA,RINAS,42,HOMBRE,MESTIZO/A,SOLTERO,ECUADOR,NINGUNA,6,1,6,MANANA,ARMA_CONTUNDENTE
ZONA 5,LOS RIOS,BABAHOYO,LOS RIOS,BABAHOYO,-1.79563,-79.53715,URBANO,VIA PUBLICA,PUBLICO,DELINCUENCIA COMUN,AMENAZA,21,HOMBRE,MESTIZO/A,SOLTERO,ECUADOR,FISICA,4,0,22,NOCHE,ARMA_FUEGO
ZONA 3,COTOPAXI,SIGCHOS,COTOPAXI,SIGCHOS,-0.63609,-79.00948,RURAL,CANCHAS DE USO MULTIPLE,PUBLICO,VIOLENCIA COMUNITARIA,LINCHAMIENTO,39,HOMBRE,MESTIZO/A,SOLTERO,ECUADOR,NINGUNA,0,0,17,TARDE,ARMA_CONTUNDENTE
ZONA 5,GUAYAS,EL TRIUNFO BUCAY,GUAYAS,EL TRIUNFO,-2.32684,-79.39129,URBANO,CASA/VILLA,PRIVADO,VIOLENCIA COMUNITARIA,RINAS,56,HOMBRE,MESTIZO/A,DIVORCIADO,ECUADOR,NINGUNA,2,0,22,NOCHE,ARMA_CONTUNDENTE
ZONA 2,PICHINCHA,RUMINAHUI - MEJIA,PICHINCHA,MEJIA,-0.40661,-78.54621,URBANO,CASA/VILLA,PRIVADO,VIOLENCIA INTRAFAMILIAR,MALTRATO,26,MUJER,MESTIZO/A,SOLTERO,ECUADOR,NINGUNA,6,1,12,TARDE,OTRAS
ZONA 5,GUAYAS,NARANJITO MARCELINO MARIDUENA,GUAYAS,NARANJITO,-2.16793,-79.45805,URBANO,VIA PUBLICA,PUBLICO,DELINCUENCIA COMUN,TRAFICO INTERNOS DE DROGAS (MICROTRAFICO),48,HOMBRE,MESTIZO/A,SOLTERO,ECUADOR,NINGUNA,5,1,11,MANANA,ARMA_FUEGO
ZONA 2,PICHINCHA,CAYAMBE,PICHINCHA,CAYAMBE,0.01789,-78.16172,URBANO,CASA/VILLA,PRIVADO,VIOLENCIA INTRAFAMILIAR,SENTIMENTAL,16,MUJER,MESTIZO/A,SOLTERO,ECUADOR,NINGUNA,4,0,3,MADRUGADA,ARMA_BLANCA
ZONA 2,NAPO,TENA,NAPO,ARCHIDONA,-0.9114,-77.80067,URBANO,CENTROS DE REHABILITACION SOCIAL,PRIVADO,TERRORISMO,TERRORISMO,31,HOMBRE,MESTIZO/A,SOLTERO,ECUADOR,NINGUNA,1,0,0,MADRUGADA,OTRAS
ZONA 8,D.M. GUAYAQUIL,PASCUALES,GUAYAS,GUAYAQUIL,-2.05224,-79.94469,URBANO,VIA PUBLICA,PUBLICO,DELINCUENCIA COMUN,AMENAZA,61,HOMBRE,MESTIZO/A,CASADO,ECUADOR,NINGUNA,6,1,20,NOCHE,OTRAS
ZONA 2,PICHINCHA,RUMINAHUI - MEJIA,PICHINCHA,RUMINAHUI,-0.32846,-78.44679,URBANO,VIA PUBLICA,PUBLICO,VIOLENCIA COMUNITARIA,RINAS,27,HOMBRE,MESTIZO/A,SOLTERO,ECUADOR,NINGUNA,0,0,1,MADRUGADA,ARMA_BLANCA
ZONA 1,ESMERALDAS,SAN LORENZO,ESMERALDAS,SAN LORENZO,1.28324,-78.83856,URBANO,TERMINALES TERRESTRES,PUBLICO,VIOLENCIA INTRAFAMILIAR,SENTIMENTAL,45,MUJER,AFRO,SOLTERO,ECUADOR,NINGUNA,0,0,6,MANANA,ARMA_BLANCA
ZONA 1,ESMERALDAS,ESMERALDAS,ESMERALDAS,ESMERALDAS,0.92459,-79.67005,URBANO,CASA/VILLA,PUBLICO,DELINCUENCIA COMUN,AMENAZA,35,HOMBRE,MESTIZO/A,SOLTERO,ECUADOR,NINGUNA,2,0,20,NOCHE,OTRAS
ZONA 4,STO DGO DE LOS TSACHILAS,SANTO DOMINGO ESTE,STO DGO DE LOS TSACHILAS,SANTO DOMINGO,-0.29221,-79.18403,URBANO,CASA/VILLA,PRIVADO,VIOLENCIA COMUNITARIA,RINAS,22,HOMBRE,MESTIZO/A,SOLTERO,ECUADOR,NINGUNA,0,0,7,MANANA,ARMA_BLANCA
ZONA 2,ORELLANA,ORELLANA LORETO,ORELLANA,FRANCISCO DE ORELLANA,-0.45552,-76.98694,URBANO,BOSQUE Y RESERVAS ECOLOGICAS,PUBLICO,VIOLENCIA SEXUAL,VIOLACION FAMILIAR DIRECTO (PERSONA CONOCIDA),26,HOMBRE,MESTIZO/A,SOLTERO,COLOMBIA,NINGUNA,6,1,3,MADRUGADA,OTRAS
ZONA 8,D.M. GUAYAQUIL,MODELO,GUAYAS,GUAYAQUIL,-2.09664,-79.89192,URBANO,VIA PUBLICA,PUBLICO,VIOLENCIA COMUNITARIA,ACTOS DE ODIO,35,HOMBRE,MESTIZO/A,SOLTERO,ECUADOR,NINGUNA,1,0,1,MADRUGADA,OTRAS
ZONA 1,SUCUMBIOS,SHUSHUFINDI,SUCUMBIOS,SHUSHUFINDI,-0.218391723745839,-76.5643842813733,RURAL,FINCA,PRIVADO,VIOLENCIA INTRAFAMILIAR,LITIGIO DE BIENES,43,MUJER,MESTIZO/A,CASADO,ECUADOR,NINGUNA,2,0,16,TARDE,ARMA_FUEGO
ZONA 4,MANABI,SUCRE,MANABI,SAN VICENTE,-0.59269,-80.40925,URBANO,PLAYA,PUBLICO,DELINCUENCIA COMUN,TRAFICO INTERNO DE DROGAS (MICROTRAFICO),33,HOMBRE,MESTIZO/A,SOLTERO,ECUADOR,NINGUNA,1,0,3,MADRUGADA,ARMA_BLANCA
ZONA 4,MANABI,MANTA,MANABI,MANTA,-0.95114,-80.71622,URBANO,VIA PUBLICA,PUBLICO,DELINCUENCIA COMUN,AMENAZA,70,HOMBRE,MESTIZO/A,CASADO,ECUADOR,NINGUNA,6,1,0,MADRUGADA,OTRAS
ZONA 8,D.M. GUAYAQUIL,SUR - DMG,GUAYAS,GUAYAQUIL,-2.26391,-79.88422,URBANO,CASA/VILLA,PRIVADO,VIOLENCIA INTRAFAMILIAR,MALTRATO,0,MUJER,MESTIZO/A,SOLTERO,ECUADOR,NINGUNA,0,0,10,MANANA,ARMA_BLANCA
ZONA 6,AZUAY,PONCE ENRIQUEZ,AZUAY,CAMILO PONCE ENRIQUEZ,-2.84017,-79.62499,RURAL,VIA PUBLICA,PUBLICO,VIOLENCIA COMUNITARIA,RINAS,78,HOMBRE,MESTIZO/A,SOLTERO,ECUADOR,NINGUNA,3,0,14,TARDE,ARMA_CONTUNDENTE
ZONA 8,D.M. GUAYAQUIL,NUEVA PROSPERINA,GUAYAS,GUAYAQUIL,-2.11519,-79.99519,URBANO,CASA/VILLA,PRIVADO,VIOLENCIA INTRAFAMILIAR,MALTRATO,2,HOMBRE,MESTIZO/A,SOLTERO,ECUADOR,NINGUNA,1,0,9,MANANA,ARMA_CONTUNDENTE
ZONA 8,D.M. GUAYAQUIL,NUEVA PROSPERINA,GUAYAS,GUAYAQUIL,-2.10375,-79.96947,URBANO,VIA PUBLICA,PUBLICO,DELINCUENCIA COMUN,TRAFICO INTERNO DE DROGAS (MICROTRAFICO),32,HOMBRE,MESTIZO/A,SOLTERO,ECUADOR,NINGUNA,0,0,20,NOCHE,ARMA_BLANCA
ZONA 4,MANABI,CHONE,MANABI,CHONE,-0.79542,-80.12358,RURAL,VIA PUBLICA,PUBLICO,DELINCUENCIA COMUN,TRAFICO INTERNO DE DROGAS (MICROTRAFICO),27,HOMBRE,MESTIZO/A,SOLTERO,ECUADOR,NINGUNA,6,1,1,MADRUGADA,OTRAS
ZONA 8,D.M. GUAYAQUIL,CEIBOS,GUAYAS,GUAYAQUIL,-2.19212,-79.96683,URBANO,CASA/VILLA,PRIVADO,VIOLENCIA INTRAFAMILIAR,SENTIMENTAL,30,MUJER,MESTIZO/A,CASADO,ECUADOR,NINGUNA,0,0,23,NOCHE,ARMA_CONTUNDENTE
ZONA 9,D.M. QUITO,LOS CHILLOS,PICHINCHA,QUITO,-0.375,-78.5062,URBANO,VIA PUBLICA,PUBLICO,DELINCUENCIA COMUN,AMENAZA,41,HOMBRE,MESTIZO/A,SOLTERO,ECUADOR,NINGUNA,3,0,3,MADRUGADA,ARMA_FUEGO
ZONA 8,D.M. GUAYAQUIL,NUEVA PROSPERINA,GUAYAS,GUAYAQUIL,-2.1245,-80.00662,URBANO,LAGUNA - LAGO,PUBLICO,DELINCUENCIA COMUN,AMENAZA,25,HOMBRE,MESTIZO/A,SOLTERO,ECUADOR,NINGUNA,2,0,15,TARDE,OTRAS
ZONA 4,MANABI,JIPIJAPA,MANABI,JIPIJAPA,-1.36085,-80.58786,URBANO,CENTROS DE REHABILITACION SOCIAL,PRIVADO,DELINCUENCIA COMUN,AMENAZA,36,HOMBRE,MESTIZO/A,SOLTERO,ECUADOR,NINGUNA,3,0,21,NOCHE,OTRAS
ZONA 8,D.M. GUAYAQUIL,PASCUALES,GUAYAS,GUAYAQUIL,-2.08281,-79.9314,URBANO,VIA PUBLICA,PUBLICO,DELINCUENCIA COMUN,AMENAZA,21,HOMBRE,MESTIZO/A,SOLTERO,ECUADOR,NINGUNA,0,0,13,TARDE,ARMA_FUEGO
ZONA 9,D.M. QUITO,CALDERON,PICHINCHA,QUITO,-0.13258,-78.44035,URBANO,VIA PUBLICA,PUBLICO,VIOLENCIA COMUNITARIA,RINAS,24,HOMBRE,MESTIZO/A,SOLTERO,ECUADOR,NINGUNA,5,1,22,NOCHE,OTRAS
ZONA 6,CANAR,AZOGUES,CANAR,AZOGUES,-2.70076,-78.87263,RURAL,CASA/VILLA,PRIVADO,DELINCUENCIA COMUN,ROBO A DOMICILIOS,89,MUJER,MESTIZO/A,VIUDO,ECUADOR,NINGUNA,3,0,19,NOCHE,ARMA_CONTUNDENTE
ZONA 8,D.M. GUAYAQUIL,PASCUALES,GUAYAS,GUAYAQUIL,-2.05309,-79.9436,URBANO,CENTROS DE REHABILITACION SOCIAL,PRIVADO,DELINCUENCIA COMUN,AMENAZA,30,HOMBRE,MULATO/A,CASADO,ECUADOR,NINGUNA,5,1,13,TARDE,ARMA_CONTUNDENTE
ZONA 8,D.M. GUAYAQUIL,NUEVA PROSPERINA,GUAYAS,GUAYAQUIL,-2.09848,-79.94814,URBANO,VIA PUBLICA,PUBLICO,DELINCUENCIA COMUN,AMENAZA,65,HOMBRE,MESTIZO/A,CASADO,ECUADOR,NINGUNA,5,1,1,MADRUGADA,ARMA_CONTUNDENTE
ZONA 8,D.M. GUAYAQUIL,MODELO,GUAYAS,GUAYAQUIL,-2.995086,-79.78698,RURAL,VIA PUBLICA,PUBLICO,DELINCUENCIA COMUN,ROBO A PERSONAS,63,HOMBRE,MESTIZO/A,SOLTERO,ECUADOR,NINGUNA,4,0,1,MADRUGADA,ARMA_FUEGO
ZONA 9,D.M. QUITO,ELOY ALFARO - DMQ,PICHINCHA,QUITO,-0.28031,-78.54862,URBANO,VIA PUBLICA,PUBLICO,VIOLENCIA COMUNITARIA,RINAS,20,HOMBRE,MESTIZO/A,SOLTERO,ECUADOR,NINGUNA,4,0,11,MANANA,ARMA_BLANCA
ZONA 7,EL ORO,HUAQUILLAS,EL ORO,ARENILLAS,-3.56454,-80.03415,RURAL,VIA PUBLICA,PUBLICO,DELINCUENCIA COMUN,AMENAZA,28,HOMBRE,MESTIZO/A,SOLTERO,ECUADOR,NINGUNA,6,1,22,NOCHE,ARMA_BLANCA
ZONA 8,D.M. GUAYAQUIL,PASCUALES,GUAYAS,GUAYAQUIL,-2.05139,-79.94489,URBANO,CENTROS DE REHABILITACION SOCIAL,PRIVADO,DELINCUENCIA COMUN,AMENAZA,38,HOMBRE,MESTIZO/A,CASADO,ECUADOR,NINGUNA,1,0,3,MADRUGADA,ARMA_BLANCA
ZONA 5,LOS RIOS,QUEVEDO,LOS RIOS,MOCACHE,-1.19899,-79.60882,RURAL,HACIENDAS,PRIVADO,DELINCUENCIA COMUN,AMENAZA,24,HOMBRE,MESTIZO/A,SOLTERO,ECUADOR,NINGUNA,3,0,18,NOCHE,ARMA_BLANCA
ZONA 1,ESMERALDAS,QUININDE,ESMERALDAS,QUININDE,0.4144499999999989,-79.58024399999998,RURAL,FINCA,PRIVADO,VIOLENCIA INTRAFAMILIAR,LITIGIO DE BIENES,46,MUJER,MESTIZO/A,SOLTERO,ECUADOR,NINGUNA,6,1,14,TARDE,ARMA_FUEGO
ZONA 8,D.M. GUAYAQUIL,PORTETE,GUAYAS,GUAYAQUIL,-2.22462,-79.92013,URBANO,VIA PUBLICA,PUBLICO,DELINCUENCIA COMUN,TRAFICO INTERNO DE DROGAS (MICROTRAFICO),24,HOMBRE,MESTIZO/A,SOLTERO,ECUADOR,NINGUNA,5,1,20,NOCHE,ARMA_FUEGO
ZONA 5,GUAYAS,NARANJAL BALAO,GUAYAS,NARANJAL,-2.54847,-79.55508,RURAL,FINCA,PRIVADO,DELINCUENCIA COMUN,TRAFICO INTERNO DE DROGAS (MICROTRAFICO),40,HOMBRE,MESTIZO/A,SOLTERO,ECUADOR,NINGUNA,2,0,5,MADRUGADA,ARMA_BLANCA
ZONA 4,MANABI,CHONE,MANABI,CHONE,-0.7825,-80.12878,RURAL,VIA PUBLICA,PUBLICO,DELINCUENCIA COMUN,TRAFICO INTERNO DE DROGAS (MICROTRAFICO),26,HOMBRE,MESTIZO/A,SOLTERO,ECUADOR,NINGUNA,6,1,22,NOCHE,ARMA_BLANCA
ZONA 5,BOLIVAR,SAN MIGUEL,BOLIVAR,SAN MIGUEL,-1.70764,-79.04427,URBANO,VIA PUBLICA,PUBLICO,VIOLENCIA COMUNITARIA,RINAS,25,HOMBRE,MESTIZO/A,SOLTERO,ECUADOR,NINGUNA,4,0,4,MADRUGADA,ARMA_BLANCA
ZONA 6,CANAR,LA TRONCAL,CANAR,LA TRONCAL,-2.35895,-79.388,RURAL,FINCA,PRIVADO,DELINCUENCIA COMUN,TRAFICO INTERNO DE DROGAS (MICROTRAFICO),24,HOMBRE,MESTIZO/A,SOLTERO,ECUADOR,NINGUNA,1,0,14,TARDE,ARMA_CONTUNDENTE
ZONA 3,PASTAZA,PASTAZA,PASTAZA,PASTAZA,-1.55202,-78.00493,RURAL,VIA PUBLICA,PUBLICO,DELINCUENCIA COMUN,TRAFICO INTERNO DE DROGAS (MICROTRAFICO),16,HOMBRE,MESTIZO/A,SOLTERO,ECUADOR,NINGUNA,5,1,4,MADRUGADA,ARMA_BLANCA
ZONA 3,PASTAZA,PASTAZA,PASTAZA,PASTAZA,-1.49981813590952,-78.0137254000147,URBANO,VIA PUBLICA,PUBLICO,VIOLENCIA COMUNITARIA,RINAS,28,HOMBRE,MESTIZO/A,SOLTERO,ECUADOR,NINGUNA,4,0,14,TARDE,ARMA_CONTUNDENTE
ZONA 9,D.M. QUITO,ELOY ALFARO - DMQ,PICHINCHA,QUITO,-0.28295,-78.53967,URBANO,CASA/VILLA,PRIVADO,VIOLENCIA COMUNITARIA,EMOCIONAL,27,HOMBRE,MESTIZO/A,SOLTERO,ECUADOR,NINGUNA,1,0,0,MADRUGADA,ARMA_CONTUNDENTE
ZONA 9,D.M. QUITO,LA DELICIA,PICHINCHA,QUITO,-0.10529,-78.49472,URBANO,CASA/VILLA,PRIVADO,VIOLENCIA INTRAFAMILIAR,SENTIMENTAL,28,HOMBRE,MESTIZO/A,SOLTERO,ECUADOR,NINGUNA,6,1,1,MADRUGADA,ARMA_BLANCA
ZONA 1,ESMERALDAS,ELOY ALFARO - ESM,ESMERALDAS,ELOY ALFARO,0.99723,-79.06025,RURAL,FINCA,PRIVADO,VIOLENCIA COMUNITARIA,RINAS,21,HOMBRE,MESTIZO/A,SOLTERO,ECUADOR,NINGUNA,0,0,1,MADRUGADA,ARMA_CONTUNDENTE
ZONA 1,ESMERALDAS,SAN LORENZO,ESMERALDAS,SAN LORENZO,1.28069106258517,-78.838968873024,URBANO,VIA PUBLICA,PUBLICO,DELINCUENCIA COMUN,ROBO A PERSONAS,38,HOMBRE,MESTIZO/A,SOLTERO,ECUADOR,NINGUNA,5,1,23,NOCHE,ARMA_FUEGO
ZONA 2,ORELLANA,ORELLANA LORETO,ORELLANA,FRANCISCO DE ORELLANA,-0.38996,-77.00566,RURAL,TERRENO BALDIO,PUBLICO,VIOLENCIA COMUNITARIA,RINAS,48,MUJER,MESTIZO/A,SOLTERO,ECUADOR,NINGUNA,0,0,5,MADRUGADA,OTRAS
ZONA 8,D.M. GUAYAQUIL,PORTETE,GUAYAS,GUAYAQUIL,-2.21742099999999,-79.93584199999998,URBANO,VIA PUBLICA,PUBLICO,DELINCUENCIA COMUN,AMENAZA,34,HOMBRE,MESTIZO/A,SOLTERO,ECUADOR,NINGUNA,4,0,16,TARDE,ARMA_FUEGO
ZONA 5,LOS RIOS,BABAHOYO,LOS RIOS,BABAHOYO,-1.81238,-79.50747,URBANO,VIA PUBLICA,PUBLICO,DELINCUENCIA COMUN,AMENAZA,18,HOMBRE,MESTIZO/A,SOLTERO,ECUADOR,NINGUNA,6,1,0,MADRUGADA,ARMA_FUEGO
ZONA 6,AZUAY,CUENCA NORTE,AZUAY,CUENCA,-2.86235,-78.98779,URBANO,CASA/VILLA,PRIVADO,DELINCUENCIA COMUN,AMENAZA,47,MUJER,MESTIZO/A,SOLTERO,ECUADOR,NINGUNA,1,0,2,MADRUGADA,ARMA_CONTUNDENTE
ZONA 1,ESMERALDAS,ESMERALDAS,ESMERALDAS,ESMERALDAS,0.91446,-79.69159,URBANO,CENTROS Y SUBCENTROS DE SALUD,PRIVADO,DELINCUENCIA COMUN,ROBO A PERSONAS,33,HOMBRE,MESTIZO/A,SOLTERO,ECUADOR,NINGUNA,2,0,4,MADRUGADA,ARMA_CONTUNDENTE
ZONA 5,GUAYAS,NARANJAL BALAO,GUAYAS,NARANJAL,-2.53783,-79.54881,URBANO,ALMACENES,PRIVADO,DELINCUENCIA COMUN,AMENAZA,22,HOMBRE,MESTIZO/A,SOLTERO,ECUADOR,NINGUNA,0,0,10,MANANA,ARMA_FUEGO
ZONA 4,MANABI,MANTA,MANABI,MONTECRISTI,-1.00105032208053,-80.69404041780221,URBANO,CANCHAS DE USO MULTIPLE,PUBLICO,DELINCUENCIA COMUN,AMENAZA,24,HOMBRE,MESTIZO/A,SOLTERO,ECUADOR,NINGUNA,0,0,3,MADRUGADA,ARMA_FUEGO
ZONA 1,SUCUMBIOS,LAGO AGRIO,SUCUMBIOS,LAGO AGRIO,0.08483408275317268,-76.8859608918592,URBANO,CASA/VILLA,PRIVADO,DELINCUENCIA COMUN,ROBO A PERSONAS,74,HOMBRE,MESTIZO/A,EN UNION DE HECHO,COLOMBIA,NINGUNA,1,0,10,MANANA,ARMA_CONTUNDENTE
ZONA 5,LOS RIOS,BABAHOYO,LOS RIOS,BABAHOYO,-1.80562,-79.51333,URBANO,VIA PUBLICA,PUBLICO,VIOLENCIA COMUNITARIA,RINAS,27,HOMBRE,MESTIZO/A,SOLTERO,ECUADOR,NINGUNA,6,1,7,MANANA,ARMA_BLANCA
ZONA 8,D.M. GUAYAQUIL,DURAN,GUAYAS,DURAN,-2.1817318,-79.8454292,URBANO,SALA DE BELLEZA,PRIVADO,DELINCUENCIA COMUN,TRAFICO INTERNO DE DROGAS (MICROTRAFICO),24,HOMBRE,MESTIZO/A,SOLTERO,ECUADOR,NINGUNA,4,0,23,NOCHE,ARMA_CONTUNDENTE
ZONA 7,EL ORO,MACHALA,EL ORO,MACHALA,-3.23219,-79.94934,URBANO,VIA PUBLICA,PUBLICO,DELINCUENCIA COMUN,AMENAZA,24,HOMBRE,AFRO,SOLTERO,ECUADOR,NINGUNA,2,0,5,MADRUGADA,ARMA_CONTUNDENTE
ZONA 5,GUAYAS,DAULE,GUAYAS,DAULE,-2.04599809646606,-79.8813552856445,URBANO,RIO,PUBLICO,DELINCUENCIA COMUN,AMENAZA,17,MUJER,MESTIZO/A,SOLTERO,ECUADOR,NINGUNA,1,0,9,MANANA,ARMA_CONTUNDENTE
ZONA 8,D.M. GUAYAQUIL,MODELO,GUAYAS,GUAYAQUIL,-2.16453,-79.88018,URBANO,VIA PUBLICA,PUBLICO,DELINCUENCIA COMUN,TRAFICO INTERNO DE DROGAS (MICROTRAFICO),33,HOMBRE,MESTIZO/A,SOLTERO,ECUADOR,NINGUNA,4,0,0,MADRUGADA,ARMA_FUEGO
ZONA 8,D.M. GUAYAQUIL,ESTEROS,GUAYAS,GUAYAQUIL,-2.2548921,-79.89854169999998,URBANO,VIA PUBLICA,PUBLICO,DELINCUENCIA COMUN,AMENAZA,22,HOMBRE,MESTIZO/A,SOLTERO,ECUADOR,NINGUNA,6,1,20,NOCHE,ARMA_FUEGO
ZONA 5,LOS RIOS,BUENA FE,LOS RIOS,VALENCIA,-0.93419,-79.35304,URBANO,VIA PUBLICA,PUBLICO,DELINCUENCIA COMUN,AMENAZA,49,HOMBRE,MESTIZO/A,SOLTERO,ECUADOR,NINGUNA,2,0,3,MADRUGADA,OTRAS
ZONA 1,IMBABURA,VALLE DEL AMANECER,IMBABURA,OTAVALO,0.22827,-78.25717,URBANO,CANCHAS DE USO MULTIPLE,PUBLICO,VIOLENCIA COMUNITARIA,RINAS,38,HOMBRE,MESTIZO/A,CASADO,ECUADOR,NINGUNA,6,1,20,NOCHE,ARMA_CONTUNDENTE
ZONA 7,EL ORO,PASAJE,EL ORO,PASAJE,-3.38320465308895,-79.7664298825224,RURAL,CASA/VILLA,PRIVADO,VIOLENCIA INTRAFAMILIAR,SENTIMENTAL,50,HOMBRE,MESTIZO/A,CASADO,ECUADOR,NINGUNA,1,0,23,NOCHE,ARMA_FUEGO
ZONA 5,LOS RIOS,PUEBLO VIEJO,LOS RIOS,URDANETA,-1.58824,-79.43322,RURAL,CANCHAS DE USO MULTIPLE,PUBLICO,VIOLENCIA COMUNITARIA,RINAS,55,HOMBRE,MESTIZO/A,SOLTERO,ECUADOR,NINGUNA,6,1,1,MADRUGADA,ARMA_CONTUNDENTE
ZONA 7,EL ORO,HUAQUILLAS,EL ORO,ARENILLAS,-3.55535,-80.08525,RURAL,FINCA,PRIVADO,DELINCUENCIA COMUN,ROBO A DOMICILIOS,48,HOMBRE,MESTIZO/A,CASADO,ECUADOR,NINGUNA,4,0,19,NOCHE,ARMA_CONTUNDENTE
ZONA 9,D.M. QUITO,CALDERON,PICHINCHA,QUITO,-0.05221,-78.34972,URBANO,VIA PUBLICA,PUBLICO,VIOLENCIA COMUNITARIA,RINAS,25,HOMBRE,MESTIZO/A,SOLTERO,ECUADOR,NINGUNA,4,0,13,TARDE,ARMA_BLANCA
ZONA 1,ESMERALDAS,QUININDE,ESMERALDAS,QUININDE,0.3359,-79.47762,URBANO,NIGHT CLUBS,PRIVADO,DELINCUENCIA COMUN,AMENAZA,33,HOMBRE,AFRO,SOLTERO,ECUADOR,NINGUNA,4,0,19,NOCHE,ARMA_FUEGO
ZONA 5,LOS RIOS,BUENA FE,LOS RIOS,BUENA FE,-0.8978,-79.49289,URBANO,BARES,PRIVADO,DELINCUENCIA COMUN,AMENAZA,48,HOMBRE,MESTIZO/A,SOLTERO,ECUADOR,NINGUNA,4,0,1,MADRUGADA,ARMA_FUEGO
ZONA 5,LOS RIOS,BABAHOYO,LOS RIOS,BABAHOYO,-1.801944,-79.526809,URBANO,CASA/VILLA,PRIVADO,DELINCUENCIA COMUN,TRAFICO INTERNO DE DROGAS (MICROTRAFICO),32,HOMBRE,MESTIZO/A,CASADO,ECUADOR,NINGUNA,2,0,0,MADRUGADA,ARMA_FUEGO
ZONA 5,LOS RIOS,QUEVEDO,LOS RIOS,MOCACHE,-1.29622,-79.5692,RURAL,RIO,PUBLICO,DELINCUENCIA COMUN,AMENAZA,56,HOMBRE,MESTIZO/A,CASADO,ECUADOR,NINGUNA,3,0,18,NOCHE,OTRAS
ZONA 1,ESMERALDAS,ELOY ALFARO - ESM,ESMERALDAS,ELOY ALFARO,1.1929,-78.95233,RURAL,BOSQUE Y RESERVAS ECOLOGICAS,PUBLICO,DELINCUENCIA COMUN,AMENAZA,21,HOMBRE,AFRO,SOLTERO,ECUADOR,NINGUNA,5,1,6,MANANA,ARMA_BLANCA
ZONA 4,MANABI,24 DE MAYO,MANABI,24 DE MAYO,-1.48016,-80.32381,RURAL,CASA/VILLA,PRIVADO,DELINCUENCIA COMUN,AMENAZA,58,HOMBRE,MESTIZO/A,SOLTERO,ECUADOR,NINGUNA,1,0,2,MADRUGADA,ARMA_BLANCA
ZONA 5,GUAYAS,MILAGRO,GUAYAS,MILAGRO,-2.13758,-79.5731,URBANO,TERRENO BALDIO,PRIVADO,DELINCUENCIA COMUN,AMENAZA,28,HOMBRE,MESTIZO/A,SOLTERO,ECUADOR,NINGUNA,0,0,12,TARDE,ARMA_CONTUNDENTE
ZONA 5,LOS RIOS,VINCES,LOS RIOS,VINCES,-1.55587862663056,-79.7500073611627,URBANO,CASA/VILLA,PRIVADO,VIOLENCIA INTRAFAMILIAR,LITIGIO DE BIENES,75,HOMBRE,MESTIZO/A,DIVORCIADO,ECUADOR,NINGUNA,4,0,11,MANANA,ARMA_FUEGO
ZONA 1,SUCUMBIOS,SHUSHUFINDI,SUCUMBIOS,SHUSHUFINDI,-0.20292,-76.68178,URBANO,VIA PUBLICA,PUBLICO,DELINCUENCIA COMUN,AMENAZA,38,HOMBRE,MESTIZO/A,SOLTERO,ECUADOR,NINGUNA,2,0,21,NOCHE,ARMA_FUEGO
ZONA 8,D.M. GUAYAQUIL,NUEVA PROSPERINA,GUAYAS,GUAYAQUIL,-2.11278,-79.97321,URBANO,CASA/VILLA,PRIVADO,DELINCUENCIA COMUN,SECUESTRO EXPRESS,36,HOMBRE,MESTIZO/A,SOLTERO,ECUADOR,NINGUNA,1,0,13,TARDE,OTRAS
ZONA 5,GUAYAS,NARANJAL BALAO,GUAYAS,NARANJAL,-2.40478,-79.50792,RURAL,VIA PUBLICA,PUBLICO,DELINCUENCIA COMUN,AMENAZA,28,HOMBRE,MESTIZO/A,SOLTERO,ECUADOR,NINGUNA,4,0,20,NOCHE,ARMA_CONTUNDENTE
ZONA 6,CANAR,LA TRONCAL,CANAR,LA TRONCAL,-2.50923,-79.49621,RURAL,CASA/VILLA,PRIVADO,DELINCUENCIA COMUN,AMENAZA,60,HOMBRE,MESTIZO/A,SOLTERO,ECUADOR,NINGUNA,2,0,22,NOCHE,ARMA_BLANCA
ZONA 8,D.M. GUAYAQUIL,NUEVA PROSPERINA,GUAYAS,GUAYAQUIL,-2.11655,-79.94882,URBANO,VIA PUBLICA,PUBLICO,DELINCUENCIA COMUN,AMENAZA,43,HOMBRE,MESTIZO/A,CASADO,ECUADOR,NINGUNA,1,0,12,TARDE,ARMA_FUEGO
ZONA 1,SUCUMBIOS,LAGO AGRIO,SUCUMBIOS,LAGO AGRIO,-0.01566,-76.88496,RURAL,CENTROS DE REHABILITACION SOCIAL,PRIVADO,VIOLENCIA COMUNITARIA,RINAS,24,HOMBRE,AFRO,SOLTERO,ECUADOR,NINGUNA,2,0,7,MANANA,OTRAS
ZONA 5,LOS RIOS,BABAHOYO,LOS RIOS,BABAHOYO,-1.88089,-79.48479,URBANO,VIA PUBLICA,PUBLICO,DELINCUENCIA COMUN,AMENAZA,33,HOMBRE,AFRO,SOLTERO,ECUADOR,NINGUNA,6,1,1,MADRUGADA,ARMA_BLANCA
ZONA 5,GUAYAS,NARANJITO MARCELINO MARIDUENA,GUAYAS,NARANJITO,-2.17141,-79.47255,URBANO,VIA PUBLICA,PUBLICO,VIOLENCIA COMUNITARIA,RINAS,37,HOMBRE,INDIGENA,SOLTERO,ECUADOR,NINGUNA,2,0,14,TARDE,ARMA_CONTUNDENTE
ZONA 8,D.M. GUAYAQUIL,PASCUALES,GUAYAS,GUAYAQUIL,-2.0254,-79.94922,URBANO,VIA PUBLICA,PUBLICO,DELINCUENCIA COMUN,AMENAZA,31,MUJER,MESTIZO/A,CASADO,ECUADOR,NINGUNA,4,0,10,MANANA,ARMA_FUEGO
ZONA 1,ESMERALDAS,ELOY ALFARO - ESM,ESMERALDAS,ELOY ALFARO,1.0859050880634,-79.15972888469699,RURAL,VIA PUBLICA,PUBLICO,VIOLENCIA COMUNITARIA,ACTOS DE ODIO,29,HOMBRE,MESTIZO/A,SOLTERO,ECUADOR,NINGUNA,4,0,4,MADRUGADA,ARMA_FUEGO
ZONA 9,D.M. QUITO,QUITUMBE,PICHINCHA,QUITO,-0.30286,-78.5562,URBANO,CASA/VILLA,PRIVADO,VIOLENCIA INTRAFAMILIAR,MALTRATO,26,HOMBRE,MESTIZO/A,SOLTERO,ECUADOR,NINGUNA,5,1,9,MANANA,ARMA_BLANCA
ZONA 6,MORONA SANTIAGO,SANGAY,MORONA SANTIAGO,HUAMBOYA,-2.00875,-77.94168,RURAL,VIA PUBLICA,PUBLICO,VIOLENCIA COMUNITARIA,LINCHAMIENTO,20,HOMBRE,MESTIZO/A,SOLTERO,ECUADOR,NINGUNA,3,0,2,MADRUGADA,ARMA_CONTUNDENTE
ZONA 5,LOS RIOS,BUENA FE,LOS RIOS,BUENA FE,-0.88487,-79.4851,URBANO,TERRENO BALDIO,PUBLICO,DELINCUENCIA COMUN,AMENAZA,27,HOMBRE,MESTIZO/A,SOLTERO,ECUADOR,NINGUNA,0,0,4,MADRUGADA,ARMA_BLANCA
ZONA 8,D.M. GUAYAQUIL,PASCUALES,GUAYAS,GUAYAQUIL,-2.07491,-79.93364,URBANO,VIA PUBLICA,PUBLICO,DELINCUENCIA COMUN,AMENAZA,57,HOMBRE,MESTIZO/A,SOLTERO,ECUADOR,NINGUNA,1,0,7,MANANA,ARMA_FUEGO
ZONA 5,LOS RIOS,VINCES,LOS RIOS,VINCES,-1.566824,-79.850037,RURAL,CANCHAS DE USO MULTIPLE,PUBLICO,VIOLENCIA COMUNITARIA,RINAS,21,HOMBRE,MONTUBIO/A,SOLTERO,ECUADOR,NINGUNA,6,1,22,NOCHE,ARMA_FUEGO
ZONA 5,LOS RIOS,VENTANAS,LOS RIOS,VENTANAS,-1.45223,-79.46387,URBANO,VIA PUBLICA,PUBLICO,DELINCUENCIA COMUN,AMENAZA,21,HOMBRE,MESTIZO/A,SOLTERO,ECUADOR,NINGUNA,6,1,12,TARDE,ARMA_FUEGO
ZONA 1,ESMERALDAS,ESMERALDAS,ESMERALDAS,ESMERALDAS,0.91463,-79.6977,URBANO,CENTROS DE REHABILITACION SOCIAL,PRIVADO,VIOLENCIA COMUNITARIA,ACTOS DE ODIO,23,HOMBRE,MESTIZO/A,SOLTERO,ECUADOR,NINGUNA,5,1,22,NOCHE,OTRAS
ZONA 6,AZUAY,CUENCA NORTE,AZUAY,CUENCA,-2.88938,-79.07735,URBANO,TERRENO BALDIO,PUBLICO,VIOLENCIA COMUNITARIA,LINCHAMIENTO,23,HOMBRE,MESTIZO/A,SOLTERO,ECUADOR,NINGUNA,6,1,21,NOCHE,ARMA_CONTUNDENTE
ZONA 9,D.M. QUITO,MANUELA SAENZ,PICHINCHA,QUITO,-0.22395,-78.52116,URBANO,VIA PUBLICA,PUBLICO,VIOLENCIA COMUNITARIA,RINAS,41,HOMBRE,MESTIZO/A,CASADO,ECUADOR,NINGUNA,2,0,3,MADRUGADA,ARMA_BLANCA
ZONA 4,MANABI,SUCRE,MANABI,SUCRE,-0.59953,-80.42443,URBANO,VIA PUBLICA,PUBLICO,VIOLENCIA COMUNITARIA,RINAS,72,HOMBRE,MESTIZO/A,CASADO,ECUADOR,NINGUNA,4,0,1,MADRUGADA,ARMA_CONTUNDENTE
ZONA 5,GUAYAS,EMPALME,GUAYAS,EL EMPALME,-1.00258,-79.57874,RURAL,FINCA,PRIVADO,DELINCUENCIA COMUN,ROBO A PERSONAS,77,HOMBRE,MESTIZO/A,CASADO,ECUADOR,NINGUNA,4,0,18,NOCHE,ARMA_CONTUNDENTE
ZONA 8,D.M. GUAYAQUIL,PASCUALES,GUAYAS,GUAYAQUIL,-2.0523,-79.94375,URBANO,CENTROS DE REHABILITACION SOCIAL,PRIVADO,DELINCUENCIA COMUN,AMENAZA,41,HOMBRE,MESTIZO/A,CASADO,ECUADOR,NINGUNA,0,0,17,TARDE,OTRAS
ZONA 5,GUAYAS,EL TRIUNFO BUCAY,GUAYAS,EL TRIUNFO,-2.25801,-79.2097,RURAL,FINCA,PRIVADO,VIOLENCIA COMUNITARIA,RINAS,37,HOMBRE,MESTIZO/A,SOLTERO,ECUADOR,NINGUNA,3,0,23,NOCHE,OTRAS
ZONA 8,D.M. GUAYAQUIL,SUR - DMG,GUAYAS,GUAYAQUIL,-2.263443,-79.88278599999998,URBANO,VIA PUBLICA,PUBLICO,DELINCUENCIA COMUN,ROBO A PERSONAS,31,HOMBRE,MESTIZO/A,SOLTERO,ECUADOR,NINGUNA,6,1,21,NOCHE,ARMA_FUEGO
ZONA 8,D.M. GUAYAQUIL,NUEVA PROSPERINA,GUAYAS,GUAYAQUIL,-2.11406,-80.00826,URBANO,VIA PUBLICA,PUBLICO,VIOLENCIA COMUNITARIA,LINCHAMIENTO,36,HOMBRE,MESTIZO/A,SOLTERO,ECUADOR,NINGUNA,0,0,15,TARDE,OTRAS
ZONA 5,LOS RIOS,QUEVEDO,LOS RIOS,QUEVEDO,-1.02288099999999,-79.47067,URBANO,VIA PUBLICA,PUBLICO,VIOLENCIA COMUNITARIA,RINAS,46,HOMBRE,MESTIZO/A,SOLTERO,ECUADOR,NINGUNA,6,1,23,NOCHE,ARMA_CONTUNDENTE
ZONA 5,GUAYAS,PLAYAS,GUAYAS,PLAYAS,-2.5319,-80.39389,RURAL,VIA PUBLICA,PUBLICO,DELINCUENCIA COMUN,AMENAZA,51,HOMBRE,MESTIZO/A,CASADO,ECUADOR,NINGUNA,6,1,14,TARDE,ARMA_FUEGO
ZONA 3,TUNGURAHUA,AMBATO SUR,TUNGURAHUA,AMBATO,-1.30332,-78.60103,URBANO,CASA/VILLA,PRIVADO,VIOLENCIA COMUNITARIA,EMOCIONAL,13,MUJER,MESTIZO/A,SOLTERO,ECUADOR,NINGUNA,0,0,14,TARDE,OTRAS
ZONA 5,GUAYAS,EMPALME,GUAYAS,EL EMPALME,-0.90722,-79.54836,RURAL,VIA PUBLICA,PUBLICO,VIOLENCIA COMUNITARIA,RINAS,21,HOMBRE,MESTIZO/A,SOLTERO,ECUADOR,NINGUNA,4,0,9,MANANA,OTRAS
ZONA 9,D.M. QUITO,TUMBACO,PICHINCHA,QUITO,-0.22887,-78.45658,URBANO,TERRENO BALDIO,PUBLICO,VIOLENCIA COMUNITARIA,RINAS,45,HOMBRE,MESTIZO/A,CASADO,ECUADOR,NINGUNA,1,0,6,MANANA,ARMA_CONTUNDENTE
ZONA 5,GUAYAS,NARANJAL BALAO,GUAYAS,BALAO,-2.91057,-79.81572,URBANO,"TIENDAS, MICROMERCADO, ABARROTES",PRIVADO,DELINCUENCIA COMUN,ROBO A PERSONAS,38,HOMBRE,MESTIZO/A,CASADO,ECUADOR,NINGUNA,5,1,20,NOCHE,ARMA_FUEGO
ZONA 8,D.M. GUAYAQUIL,9 DE OCTUBRE,GUAYAS,GUAYAQUIL,-2.21157,-79.91145,URBANO,"FUNDACIONES, ASOCIACIONES Y ORGANIZACIONES",PRIVADO,VIOLENCIA COMUNITARIA,RINAS,21,HOMBRE,MESTIZO/A,SOLTERO,ECUADOR,NINGUNA,0,0,1,MADRUGADA,OTRAS
ZONA 1,ESMERALDAS,SAN LORENZO,ESMERALDAS,SAN LORENZO,1.22263,-78.75241,RURAL,HACIENDAS,PRIVADO,TRANSNACIONAL,TRAFICO INTERNACIONAL DE DROGA,49,HOMBRE,MESTIZO/A,CASADO,ECUADOR,NINGUNA,3,0,21,NOCHE,ARMA_FUEGO
ZONA 6,MORONA SANTIAGO,SANGAY,MORONA SANTIAGO,PALORA,-1.74643,-77.91457,URBANO,FINCA,PRIVADO,DELINCUENCIA COMUN,AMENAZA,16,MUJER,MESTIZO/A,SOLTERO,ECUADOR,NINGUNA,5,1,1,MADRUGADA,OTRAS
ZONA 8,D.M. GUAYAQUIL,SUR - DMG,GUAYAS,GUAYAQUIL,-2.285143,-79.875618,URBANO,VIA PUBLICA,PUBLICO,DELINCUENCIA COMUN,AMENAZA,20,HOMBRE,MESTIZO/A,SOLTERO,ECUADOR,NINGUNA,1,0,22,NOCHE,ARMA_FUEGO
ZONA 7,EL ORO,ZARUMA,EL ORO,ATAHUALPA,-3.61709,-79.67603,URBANO,CASA/VILLA,PRIVADO,DELINCUENCIA COMUN,ROBO A DOMICILIOS,43,HOMBRE,MESTIZO/A,DIVORCIADO,ECUADOR,NINGUNA,3,0,8,MANANA,ARMA_CONTUNDENTE
ZONA 8,D.M. GUAYAQUIL,PORTETE,GUAYAS,GUAYAQUIL,-2.20278999999999,-79.91537599999998,URBANO,DISCOTECAS,PRIVADO,VIOLENCIA COMUNITARIA,RINAS,21,HOMBRE,MESTIZO/A,SOLTERO,ECUADOR,NINGUNA,5,1,6,MANANA,ARMA_FUEGO
ZONA 8,D.M. GUAYAQUIL,ESTEROS,GUAYAS,GUAYAQUIL,-2.22913917256052,-79.9012024328113,URBANO,VIA PUBLICA,PUBLICO,DELINCUENCIA COMUN,TRAFICO INTERNO DE DROGAS (MICROTRAFICO),40,HOMBRE,MESTIZO/A,SOLTERO,ECUADOR,NINGUNA,5,1,21,NOCHE,ARMA_FUEGO
ZONA 4,MANABI,ROCAFUERTE,MANABI,TOSAGUA,-0.8181,-80.26278,RURAL,VIA PUBLICA,PUBLICO,VIOLENCIA COMUNITARIA,LINCHAMIENTO,26,HOMBRE,MESTIZO/A,CASADO,ECUADOR,NINGUNA,6,1,6,MANANA,OTRAS
ZONA 6,AZUAY,GIRON,AZUAY,PUCARA,-3.27788,-79.62298,RURAL,TERRENO BALDIO,PUBLICO,DELINCUENCIA COMUN,AMENAZA,30,HOMBRE,MESTIZO/A,SOLTERO,ECUADOR,NINGUNA,5,1,2,MADRUGADA,OTRAS
ZONA 4,MANABI,EL CARMEN,MANABI,EL CARMEN,-0.27299,-79.43088,URBANO,VIA PUBLICA,PUBLICO,DELINCUENCIA COMUN,AMENAZA,27,HOMBRE,MESTIZO/A,SOLTERO,ECUADOR,NINGUNA,6,1,3,MADRUGADA,ARMA_BLANCA
ZONA 1,ESMERALDAS,RIO VERDE,ESMERALDAS,RIOVERDE,0.9303,-79.36969999999998,RURAL,VIA PUBLICA,PUBLICO,VIOLENCIA COMUNITARIA,RINAS,56,HOMBRE,MESTIZO/A,SOLTERO,ECUADOR,NINGUNA,5,1,9,MANANA,ARMA_CONTUNDENTE
ZONA 7,LOJA,LOJA,LOJA,LOJA,-4.00414,-79.19355,URBANO,CENTROS DE REHABILITACION SOCIAL,PRIVADO,DELINCUENCIA COMUN,AMENAZA,25,HOMBRE,MESTIZO/A,SOLTERO,ECUADOR,NINGUNA,3,0,11,MANANA,OTRAS
ZONA 5,GUAYAS,NARANJAL BALAO,GUAYAS,BALAO,-2.91384,-79.81385,RURAL,VIA PUBLICA,PUBLICO,DELINCUENCIA COMUN,ROBO DE MOTOS,38,HOMBRE,MESTIZO/A,SOLTERO,ECUADOR,NINGUNA,4,0,7,MANANA,ARMA_CONTUNDENTE
ZONA 1,ESMERALDAS,ESMERALDAS,ESMERALDAS,ESMERALDAS,0.90191,-79.69179,URBANO,VIA PUBLICA,PUBLICO,DELINCUENCIA COMUN,EVASION DE LA JUSTICIA,19,HOMBRE,MESTIZO/A,SOLTERO,ECUADOR,NINGUNA,1,0,19,NOCHE,ARMA_BLANCA
ZONA 5,SANTA ELENA,SANTA ELENA,SANTA ELENA,SANTA ELENA,-2.24281,-80.83384,RURAL,VIA PUBLICA,PUBLICO,DELINCUENCIA COMUN,AMENAZA,23,HOMBRE,MESTIZO/A,SOLTERO,ECUADOR,NINGUNA,5,1,18,NOCHE,ARMA_BLANCA
ZONA 7,EL ORO,MACHALA,EL ORO,MACHALA,-3.2459,-79.95079,URBANO,VIA PUBLICA,PUBLICO,DELINCUENCIA COMUN,AMENAZA,17,HOMBRE,MESTIZO/A,SOLTERO,ECUADOR,NINGUNA,6,1,6,MANANA,ARMA_BLANCA
ZONA 5,LOS RIOS,QUEVEDO,LOS RIOS,QUEVEDO,-1.00965,-79.50874,URBANO,FINCA,PRIVADO,DELINCUENCIA COMUN,AMENAZA,24,HOMBRE,MESTIZO/A,SOLTERO,ECUADOR,NINGUNA,6,1,20,NOCHE,OTRAS
ZONA 5,GUAYAS,NARANJAL BALAO,GUAYAS,BALAO,-2.91574,-79.76626,RURAL,BARES,PRIVADO,DELINCUENCIA COMUN,AMENAZA,37,HOMBRE,MESTIZO/A,SOLTERO,ECUADOR,NINGUNA,5,1,3,MADRUGADA,ARMA_BLANCA
ZONA 3,TUNGURAHUA,AMBATO SUR,TUNGURAHUA,AMBATO,-1.27551,-78.62331,URBANO,CASA/VILLA,PRIVADO,VIOLENCIA INTRAFAMILIAR,SENTIMENTAL,21,MUJER,MESTIZO/A,SOLTERO,ECUADOR,NINGUNA,5,1,2,MADRUGADA,ARMA_BLANCA
ZONA 4,STO DGO DE LOS TSACHILAS,SANTO DOMINGO OESTE,STO DGO DE LOS TSACHILAS,SANTO DOMINGO,-0.24421,-79.18938,URBANO,QUEBRADAS,PUBLICO,DELINCUENCIA COMUN,AMENAZA,22,HOMBRE,MESTIZO/A,SOLTERO,ECUADOR,NINGUNA,4,0,4,MADRUGADA,OTRAS
ZONA 2,ORELLANA,LA JOYA DE LOS SACHAS,ORELLANA,LA JOYA DE LOS SACHAS,-0.30635,-76.83252,RURAL,VIA PUBLICA,PUBLICO,DELINCUENCIA COMUN,AMENAZA,30,HOMBRE,MESTIZO/A,SOLTERO,ECUADOR,NINGUNA,0,0,5,MADRUGADA,ARMA_FUEGO
ZONA 8,D.M. GUAYAQUIL,CEIBOS,GUAYAS,GUAYAQUIL,-2.14043,-79.94712,URBANO,VIA PUBLICA,PUBLICO,DELINCUENCIA COMUN,AMENAZA,51,HOMBRE,MESTIZO/A,CASADO,ECUADOR,NINGUNA,3,0,0,MADRUGADA,OTRAS
ZONA 5,GUAYAS,YAGUACHI,GUAYAS,SAN JACINTO DE YAGUACHI,-2.09678,-79.70325,URBANO,CASA/VILLA,PRIVADO,DELINCUENCIA COMUN,ROBO A DOMICILIOS,63,HOMBRE,MESTIZO/A,SOLTERO,ECUADOR,NINGUNA,1,0,18,NOCHE,ARMA_CONTUNDENTE
ZONA 4,MANABI,CHONE,MANABI,CHONE,-0.68977,-80.10422,URBANO,QUEBRADAS,PUBLICO,DELINCUENCIA COMUN,TRAFICO INTERNO DE DROGAS (MICROTRAFICO),45,HOMBRE,MESTIZO/A,CASADO,ECUADOR,NINGUNA,0,0,1,MADRUGADA,ARMA_BLANCA
ZONA 4,MANABI,PEDERNALES,MANABI,PEDERNALES,0.09999,-80.04569,RURAL,VIA PUBLICA,PUBLICO,DELINCUENCIA COMUN,AMENAZA,16,HOMBRE,MESTIZO/A,SOLTERO,ECUADOR,NINGUNA,4,0,14,TARDE,OTRAS
ZONA 5,LOS RIOS,QUEVEDO,LOS RIOS,QUEVEDO,-1.04251,-79.46658,URBANO,VIA PUBLICA,PUBLICO,DELINCUENCIA COMUN,AMENAZA,32,HOMBRE,MESTIZO/A,SOLTERO,ECUADOR,NINGUNA,6,1,23,NOCHE,ARMA_FUEGO
ZONA 5,SANTA ELENA,SANTA ELENA,SANTA ELENA,SANTA ELENA,-2.2243,-80.85492,URBANO,VIA PUBLICA,PUBLICO,VIOLENCIA COMUNITARIA,LINCHAMIENTO,18,HOMBRE,MESTIZO/A,SOLTERO,ECUADOR,NINGUNA,6,1,2,MADRUGADA,ARMA_CONTUNDENTE
ZONA 8,D.M. GUAYAQUIL,DURAN,GUAYAS,DURAN,-2.16636,-79.80235,URBANO,CASA/VILLA,PRIVADO,DELINCUENCIA COMUN,AMENAZA,45,HOMBRE,AFRO,CASADO,ECUADOR,NINGUNA,3,0,4,MADRUGADA,ARMA_CONTUNDENTE
ZONA 8,D.M. GUAYAQUIL,SUR - DMG,GUAYAS,GUAYAQUIL,-2.27144,-79.89157,URBANO,VIA PUBLICA,PUBLICO,DELINCUENCIA COMUN,AMENAZA,52,HOMBRE,MESTIZO/A,SOLTERO,ECUADOR,NINGUNA,6,1,3,MADRUGADA,ARMA_BLANCA
ZONA 5,LOS RIOS,BUENA FE,LOS RIOS,BUENA FE,-0.90277,-79.47746,RURAL,FINCA,PRIVADO,DELINCUENCIA COMUN,AMENAZA,45,HOMBRE,MESTIZO/A,SOLTERO,ECUADOR,NINGUNA,2,0,22,NOCHE,OTRAS
ZONA 5,GUAYAS,PEDRO CARBO,GUAYAS,PEDRO CARBO,-1.82284,-80.24543,RURAL,VIA PUBLICA,PUBLICO,VIOLENCIA COMUNITARIA,RINAS,21,HOMBRE,MESTIZO/A,SOLTERO,ECUADOR,NINGUNA,5,1,18,NOCHE,ARMA_CONTUNDENTE
ZONA 2,NAPO,TENA,NAPO,TENA,-0.99179,-77.81933,URBANO,BARES,PRIVADO,VIOLENCIA COMUNITARIA,RINAS,26,HOMBRE,MESTIZO/A,SOLTERO,ECUADOR,NINGUNA,0,0,0,MADRUGADA,ARMA_BLANCA
ZONA 5,GUAYAS,NARANJAL BALAO,GUAYAS,NARANJAL,-2.607663,-79.641292,RURAL,HACIENDAS,PRIVADO,VIOLENCIA COMUNITARIA,DEUDAS,33,HOMBRE,MESTIZO/A,SOLTERO,ECUADOR,NINGUNA,5,1,5,MADRUGADA,ARMA_FUEGO
ZONA 5,BOLIVAR,GUARANDA,BOLIVAR,GUARANDA,-1.62547,-79.02611,RURAL,CASA/VILLA,PRIVADO,DELINCUENCIA COMUN,ROBO A DOMICILIOS,87,HOMBRE,MESTIZO/A,CASADO,ECUADOR,NINGUNA,0,0,2,MADRUGADA,OTRAS
ZONA 6,AZUAY,CUENCA SUR,AZUAY,CUENCA,-2.918921,-79.031386,URBANO,CASA/VILLA,PRIVADO,VIOLENCIA INTRAFAMILIAR,MALTRATO,23,MUJER,MESTIZO/A,SOLTERO,ECUADOR,NINGUNA,3,0,4,MADRUGADA,ARMA_FUEGO
ZONA 3,CHIMBORAZO,RIOBAMBA,CHIMBORAZO,CHAMBO,-1.73728,-78.59389,URBANO,VIA PUBLICA,PUBLICO,VIOLENCIA COMUNITARIA,RINAS,40,HOMBRE,MESTIZO/A,SOLTERO,ECUADOR,NINGUNA,0,0,0,MADRUGADA,ARMA_BLANCA
ZONA 4,MANABI,JIPIJAPA,MANABI,JIPIJAPA,-1.36004,-80.5847,URBANO,CENTROS DE REHABILITACION SOCIAL,PRIVADO,VIOLENCIA COMUNITARIA,RINAS,20,HOMBRE,MESTIZO/A,SOLTERO,ECUADOR,NINGUNA,2,0,16,TARDE,OTRAS
ZONA 3,CHIMBORAZO,RIOBAMBA,CHIMBORAZO,CHAMBO,-1.71753,-78.61695,RURAL,RIO,PUBLICO,VIOLENCIA INTRAFAMILIAR,MALTRATO,31,MUJER,INDIGENA,CASADO,ECUADOR,NINGUNA,0,0,14,TARDE,OTRAS
ZONA 5,LOS RIOS,VENTANAS,LOS RIOS,QUINSALOMA,-1.26422,-79.40716,RURAL,FINCA,PRIVADO,VIOLENCIA INTRAFAMILIAR,SENTIMENTAL,24,HOMBRE,MESTIZO/A,CASADO,ECUADOR,NINGUNA,5,1,21,NOCHE,OTRAS
ZONA 8,D.M. GUAYAQUIL,DURAN,GUAYAS,DURAN,-2.28692,-79.71465,URBANO,CASA/VILLA,PRIVADO,DELINCUENCIA COMUN,ROBO A DOMICILIOS,53,MUJER,MESTIZO/A,SOLTERO,ECUADOR,NINGUNA,5,1,17,TARDE,ARMA_FUEGO
ZONA 8,D.M. GUAYAQUIL,FLORIDA,GUAYAS,GUAYAQUIL,-2.16701,-79.91634,URBANO,VIA PUBLICA,PUBLICO,VIOLENCIA COMUNITARIA,EMOCIONAL,27,MUJER,MESTIZO/A,SOLTERO,ECUADOR,NINGUNA,5,1,3,MADRUGADA,OTRAS
ZONA 1,ESMERALDAS,ESMERALDAS,ESMERALDAS,ESMERALDAS,0.75384,-79.58917,URBANO,VIA PUBLICA,PUBLICO,VIOLENCIA COMUNITARIA,RINAS,36,HOMBRE,MESTIZO/A,SOLTERO,ECUADOR,NINGUNA,6,1,6,MANANA,ARMA_BLANCA
ZONA 1,ESMERALDAS,ESMERALDAS,ESMERALDAS,ESMERALDAS,0.92254,-79.69123,URBANO,VIA PUBLICA,PUBLICO,DELINCUENCIA COMUN,AMENAZA,30,HOMBRE,MESTIZO/A,SOLTERO,ECUADOR,NINGUNA,5,1,9,MANANA,ARMA_FUEGO
ZONA 9,D.M. QUITO,LA DELICIA,PICHINCHA,QUITO,-0.016131,-78.453804,RURAL,CASA/VILLA,PRIVADO,DELINCUENCIA COMUN,ROBO A PERSONAS,61,HOMBRE,MESTIZO/A,VIUDO,ECUADOR,NINGUNA,1,0,10,MANANA,ARMA_CONTUNDENTE
ZONA 2,NAPO,TENA,NAPO,TENA,-0.99899,-77.81199,URBANO,VIA PUBLICA,PUBLICO,DELINCUENCIA COMUN,TRAFICO INTERNO DE DROGAS (MICROTRAFICO),33,HOMBRE,MESTIZO/A,SOLTERO,ECUADOR,NINGUNA,2,0,22,NOCHE,ARMA_FUEGO
ZONA 5,LOS RIOS,VINCES,LOS RIOS,VINCES,-1.53455,-79.74412,URBANO,VIA PUBLICA,PUBLICO,DELINCUENCIA COMUN,AMENAZA,36,HOMBRE,MESTIZO/A,SOLTERO,ECUADOR,NINGUNA,5,1,2,MADRUGADA,ARMA_BLANCA
ZONA 7,EL ORO,MACHALA,EL ORO,MACHALA,-3.24807,-79.99365,RURAL,TERRENO BALDIO,PUBLICO,DELINCUENCIA COMUN,TRAFICO INTERNO DE DROGAS (MICROTRAFICO),52,HOMBRE,MESTIZO/A,SOLTERO,ECUADOR,FISICA,6,1,6,MANANA,OTRAS
ZONA 7,EL ORO,PASAJE,EL ORO,PASAJE,-3.28091,-79.82099,RURAL,CASA/VILLA,PRIVADO,DELINCUENCIA COMUN,ROBO A DOMICILIOS,52,HOMBRE,MESTIZO/A,SOLTERO,ECUADOR,NINGUNA,5,1,20,NOCHE,ARMA_FUEGO
ZONA 6,AZUAY,CUENCA SUR,AZUAY,CUENCA,-2.89443,-79.29234,RURAL,LAGUNA - LAGO,PUBLICO,VIOLENCIA COMUNITARIA,RINAS,17,HOMBRE,MESTIZO/A,SOLTERO,ECUADOR,NINGUNA,1,0,3,MADRUGADA,ARMA_CONTUNDENTE
ZONA 5,LOS RIOS,BABAHOYO,LOS RIOS,BABAHOYO,-1.8119,-79.49677,URBANO,CASA/VILLA,PRIVADO,DELINCUENCIA COMUN,AMENAZA,35,MUJER,MESTIZO/A,SOLTERO,ECUADOR,NINGUNA,6,1,18,NOCHE,ARMA_FUEGO
ZONA 7,LOJA,LOJA,LOJA,LOJA,-3.90013,-79.2611,RURAL,CASA/VILLA,PUBLICO,VIOLENCIA INTRAFAMILIAR,SENTIMENTAL,48,MUJER,MESTIZO/A,CASADO,ECUADOR,NINGUNA,0,0,20,NOCHE,ARMA_BLANCA
ZONA 7,EL ORO,PASAJE,EL ORO,EL GUABO,-3.24627,-79.83601,URBANO,VIA PUBLICA,PUBLICO,DELINCUENCIA COMUN,AMENAZA,36,HOMBRE,MESTIZO/A,SOLTERO,ECUADOR,NINGUNA,5,1,0,MADRUGADA,ARMA_FUEGO
ZONA 7,LOJA,LOJA,LOJA,LOJA,-4.00446,-79.19343,URBANO,CENTROS DE REHABILITACION SOCIAL,PRIVADO,DELINCUENCIA COMUN,AMENAZA,23,HOMBRE,MESTIZO/A,SOLTERO,ECUADOR,NINGUNA,1,0,2,MADRUGADA,OTRAS
ZONA 9,D.M. QUITO,EUGENIO ESPEJO,PICHINCHA,QUITO,-0.13071,-78.51304,URBANO,VIA PUBLICA,PUBLICO,DELINCUENCIA COMUN,ROBO A PERSONAS,22,HOMBRE,MESTIZO/A,SOLTERO,ECUADOR,NINGUNA,6,1,3,MADRUGADA,ARMA_BLANCA
ZONA 4,MANABI,MANTA,MANABI,MANTA,-0.9884,-80.71317,URBANO,VIA PUBLICA,PUBLICO,DELINCUENCIA COMUN,TRAFICO INTERNO DE DROGAS (MICROTRAFICO),37,HOMBRE,MESTIZO/A,SOLTERO,ECUADOR,NINGUNA,2,0,22,NOCHE,ARMA_FUEGO
ZONA 6,MORONA SANTIAGO,TAISHA,MORONA SANTIAGO,TAISHA,-2.3637,-77.51608,RURAL,VIA PUBLICA,PUBLICO,VIOLENCIA COMUNITARIA,RINAS,28,HOMBRE,INDIGENA,SOLTERO,ECUADOR,NINGUNA,1,0,23,NOCHE,ARMA_CONTUNDENTE
ZONA 5,GUAYAS,MILAGRO,GUAYAS,MILAGRO,-2.23589,-79.52096,RURAL,FINCA,PRIVADO,DELINCUENCIA COMUN,AMENAZA,22,HOMBRE,AFRO,SOLTERO,ECUADOR,NINGUNA,0,0,11,MANANA,ARMA_CONTUNDENTE
ZONA 8,D.M. GUAYAQUIL,PROGRESO,GUAYAS,GUAYAQUIL,-2.71091,-80.24804,URBANO,FERIAS LIBRES,PUBLICO,VIOLENCIA COMUNITARIA,RINAS,18,HOMBRE,MESTIZO/A,SOLTERO,ECUADOR,NINGUNA,2,0,21,NOCHE,OTRAS
ZONA 4,MANABI,24 DE MAYO,MANABI,OLMEDO,-1.39851,-80.18894,URBANO,VIA PUBLICA,PUBLICO,DELINCUENCIA COMUN,AMENAZA,50,HOMBRE,MESTIZO/A,CASADO,ECUADOR,NINGUNA,2,0,18,NOCHE,ARMA_FUEGO
ZONA 5,LOS RIOS,BABAHOYO,LOS RIOS,BABAHOYO,-1.81459506627442,-79.5143823634135,URBANO,VIA PUBLICA,PUBLICO,DELINCUENCIA COMUN,TRAFICO INTERNO DE DROGAS (MICROTRAFICO),22,HOMBRE,MESTIZO/A,SOLTERO,ECUADOR,NINGUNA,6,1,22,NOCHE,ARMA_FUEGO
ZONA 7,EL ORO,HUAQUILLAS,EL ORO,ARENILLAS,-3.50616,-80.04813,URBANO,CLINICAS,PRIVADO,DELINCUENCIA COMUN,AMENAZA,41,HOMBRE,MESTIZO/A,SOLTERO,ECUADOR,NINGUNA,5,1,20,NOCHE,ARMA_CONTUNDENTE
ZONA 6,AZUAY,CUENCA SUR,AZUAY,CUENCA,-2.93477,-79.00534,URBANO,CENTROS DE REHABILITACION SOCIAL,PRIVADO,VIOLENCIA COMUNITARIA,DEUDAS,27,HOMBRE,MESTIZO/A,SOLTERO,ECUADOR,NINGUNA,1,0,18,NOCHE,ARMA_CONTUNDENTE
ZONA 4,MANABI,PICHINCHA,MANABI,PICHINCHA,-1.03888653908457,-79.83921128485238,RURAL,COOPERATIVA DE TRANSPORTES,PRIVADO,DELINCUENCIA COMUN,ROBO EN EJES VIALES O CARRETERAS,34,MUJER,MESTIZO/A,CASADO,ECUADOR,NINGUNA,3,0,18,NOCHE,ARMA_FUEGO
ZONA 1,SUCUMBIOS,SHUSHUFINDI,SUCUMBIOS,SHUSHUFINDI,-0.1861406999999989,-76.66009309999998,RURAL,VIA PUBLICA,PUBLICO,VIOLENCIA INTRAFAMILIAR,MALTRATO,39,MUJER,MESTIZO/A,SOLTERO,COLOMBIA,NINGUNA,0,0,1,MADRUGADA,ARMA_CONTUNDENTE
ZONA 8,D.M. GUAYAQUIL,PASCUALES,GUAYAS,GUAYAQUIL,-2.05319,-79.94364,URBANO,CENTROS DE REHABILITACION SOCIAL,PRIVADO,DELINCUENCIA COMUN,AMENAZA,50,HOMBRE,MESTIZO/A,SOLTERO,ECUADOR,NINGUNA,1,0,8,MANANA,OTRAS
ZONA 7,LOJA,LOJA,LOJA,LOJA,-4.00438,-79.19341,URBANO,CENTROS DE REHABILITACION SOCIAL,PRIVADO,DELINCUENCIA COMUN,AMENAZA,32,HOMBRE,MESTIZO/A,SOLTERO,ECUADOR,NINGUNA,3,0,14,TARDE,OTRAS
ZONA 5,GUAYAS,PEDRO CARBO,GUAYAS,PEDRO CARBO,-1.72207,-80.23364,RURAL,RIO,PUBLICO,DELINCUENCIA COMUN,SECUESTRO EXPRESS,24,HOMBRE,MESTIZO/A,SOLTERO,ECUADOR,NINGUNA,5,1,3,MADRUGADA,ARMA_CONTUNDENTE
ZONA 5,GUAYAS,EL TRIUNFO BUCAY,GUAYAS,EL TRIUNFO,-2.33772708875001,-79.40097615122798,URBANO,TERRENO BALDIO,PUBLICO,DELINCUENCIA COMUN,TRAFICO INTERNO DE DROGAS (MICROTRAFICO),41,HOMBRE,MESTIZO/A,SOLTERO,ECUADOR,NINGUNA,4,0,3,MADRUGADA,ARMA_FUEGO
ZONA 9,D.M. QUITO,CALDERON,PICHINCHA,QUITO,-0.111138266666561,-78.447430729866,URBANO,VIA PUBLICA,PUBLICO,DELINCUENCIA COMUN,ROBO A PERSONAS,45,HOMBRE,MESTIZO/A,CASADO,ECUADOR,NINGUNA,3,0,4,MADRUGADA,ARMA_CONTUNDENTE
ZONA 8,D.M. GUAYAQUIL,NUEVA PROSPERINA,GUAYAS,GUAYAQUIL,-2.122856,-79.966814,URBANO,VIA PUBLICA,PUBLICO,DELINCUENCIA COMUN,TRAFICO INTERNO DE DROGAS (MICROTRAFICO),31,HOMBRE,MESTIZO/A,SOLTERO,ECUADOR,NINGUNA,3,0,11,MANANA,ARMA_FUEGO
ZONA 1,ESMERALDAS,ESMERALDAS,ESMERALDAS,ESMERALDAS,0.965,-79.6505,URBANO,VIA PUBLICA,PUBLICO,DELINCUENCIA COMUN,AMENAZA,27,HOMBRE,AFRO,SOLTERO,ECUADOR,NINGUNA,4,0,16,TARDE,ARMA_FUEGO
ZONA 8,D.M. GUAYAQUIL,MODELO,GUAYAS,GUAYAQUIL,-2.15449,-79.89195,URBANO,CENTROS COMERCIALES,PRIVADO,VIOLENCIA COMUNITARIA,RINAS,38,HOMBRE,MESTIZO/A,SOLTERO,ECUADOR,NINGUNA,2,0,21,NOCHE,ARMA_FUEGO
ZONA 5,LOS RIOS,BABAHOYO,LOS RIOS,BABAHOYO,-1.892594,-79.380274,RURAL,FINCA,PRIVADO,VIOLENCIA COMUNITARIA,RINAS,25,HOMBRE,MESTIZO/A,EN UNION DE HECHO,ECUADOR,NINGUNA,4,0,15,TARDE,ARMA_CONTUNDENTE
ZONA 8,D.M. GUAYAQUIL,NUEVA PROSPERINA,GUAYAS,GUAYAQUIL,-2.13025,-79.96725,URBANO,QUEBRADAS,PUBLICO,DELINCUENCIA COMUN,AMENAZA,22,HOMBRE,MESTIZO/A,SOLTERO,ECUADOR,NINGUNA,0,0,12,TARDE,ARMA_BLANCA
ZONA 1,ESMERALDAS,ESMERALDAS,ESMERALDAS,ESMERALDAS,0.91509,-79.69725,URBANO,CENTROS DE REHABILITACION SOCIAL,PRIVADO,DELINCUENCIA COMUN,AMENAZA,18,HOMBRE,MESTIZO/A,SOLTERO,ECUADOR,NINGUNA,3,0,2,MADRUGADA,ARMA_BLANCA
ZONA 8,D.M. GUAYAQUIL,ESTEROS,GUAYAS,GUAYAQUIL,-2.23657,-79.8982,URBANO,VIA PUBLICA,PUBLICO,DELINCUENCIA COMUN,TRAFICO INTERNO DE DROGAS (MICROTRAFICO),37,HOMBRE,MESTIZO/A,SOLTERO,ECUADOR,NINGUNA,4,0,23,NOCHE,ARMA_FUEGO
ZONA 7,EL ORO,MACHALA,EL ORO,MACHALA,-3.2563,-79.93741,URBANO,VIA PUBLICA,PUBLICO,DELINCUENCIA COMUN,AMENAZA,48,HOMBRE,MESTIZO/A,SOLTERO,ECUADOR,NINGUNA,0,0,14,TARDE,ARMA_FUEGO
ZONA 1,ESMERALDAS,ELOY ALFARO - ESM,ESMERALDAS,ELOY ALFARO,0.82556,-79.11161,RURAL,CASA/VILLA,PRIVADO,DELINCUENCIA COMUN,ROBO A DOMICILIOS,58,HOMBRE,MESTIZO/A,SOLTERO,ECUADOR,NINGUNA,6,1,18,NOCHE,OTRAS
ZONA 9,D.M. QUITO,QUITUMBE,PICHINCHA,QUITO,-0.2962275658402809,-78.56592965152228,URBANO,VIA PUBLICA,PUBLICO,VIOLENCIA COMUNITARIA,RINAS,25,HOMBRE,MESTIZO/A,SOLTERO,ECUADOR,NINGUNA,4,0,9,MANANA,ARMA_CONTUNDENTE
ZONA 5,SANTA ELENA,LIBERTAD SALINAS,SANTA ELENA,LA LIBERTAD,-2.22831652479951,-80.91134212911129,URBANO,VIA PUBLICA,PUBLICO,VIOLENCIA COMUNITARIA,RINAS,46,HOMBRE,BLANCO/A,SOLTERO,BRASIL,NINGUNA,0,0,10,MANANA,ARMA_CONTUNDENTE
ZONA 8,D.M. GUAYAQUIL,PASCUALES,GUAYAS,GUAYAQUIL,-2.08149,-79.92992,URBANO,VIA PUBLICA,PUBLICO,DELINCUENCIA COMUN,AMENAZA,21,HOMBRE,MESTIZO/A,SOLTERO,ECUADOR,NINGUNA,0,0,13,TARDE,ARMA_BLANCA
ZONA 1,IMBABURA,CIUDAD BLANCA,IMBABURA,IBARRA,0.44733,-78.00527,RURAL,RIO,PUBLICO,VIOLENCIA COMUNITARIA,EMOCIONAL,27,HOMBRE,AFRO,SOLTERO,ECUADOR,NINGUNA,1,0,20,NOCHE,ARMA_BLANCA
ZONA 5,GUAYAS,PLAYAS,GUAYAS,PLAYAS,-2.62576,-80.36621,RURAL,VIA PUBLICA,PUBLICO,DELINCUENCIA COMUN,TRAFICO INTERNO DE DROGAS (MICROTRAFICO),29,HOMBRE,MESTIZO/A,SOLTERO,ECUADOR,NINGUNA,5,1,5,MADRUGADA,ARMA_BLANCA
ZONA 5,LOS RIOS,BABAHOYO,LOS RIOS,BABAHOYO,-1.81295,-79.50838,URBANO,VIA PUBLICA,PUBLICO,DELINCUENCIA COMUN,AMENAZA,30,HOMBRE,MESTIZO/A,SOLTERO,ECUADOR,NINGUNA,2,0,23,NOCHE,ARMA_FUEGO
ZONA 8,D.M. GUAYAQUIL,DURAN,GUAYAS,DURAN,-2.17322,-79.82855,URBANO,VIA PUBLICA,PUBLICO,DELINCUENCIA COMUN,AMENAZA,17,HOMBRE,MESTIZO/A,SOLTERO,ECUADOR,NINGUNA,5,1,16,TARDE,ARMA_FUEGO
ZONA 1,ESMERALDAS,ESMERALDAS,ESMERALDAS,ESMERALDAS,0.70494,-79.69713,RURAL,RIO,PUBLICO,VIOLENCIA COMUNITARIA,LINCHAMIENTO,21,HOMBRE,AFRO,SOLTERO,ECUADOR,NINGUNA,4,0,3,MADRUGADA,ARMA_CONTUNDENTE
ZONA 5,GUAYAS,EL TRIUNFO BUCAY,GUAYAS,EL TRIUNFO,-2.33273,-79.40933,URBANO,HOSTALES,PRIVADO,VIOLENCIA INTRAFAMILIAR,SENTIMENTAL,39,MUJER,MESTIZO/A,SOLTERO,OTROS,NINGUNA,0,0,23,NOCHE,ARMA_CONTUNDENTE
ZONA 5,LOS RIOS,VENTANAS,LOS RIOS,VENTANAS,-1.43771,-79.46997,URBANO,"FUNDACIONES, ASOCIACIONES Y ORGANIZACIONES",PRIVADO,VIOLENCIA COMUNITARIA,RINAS,38,HOMBRE,MESTIZO/A,SOLTERO,ECUADOR,NINGUNA,6,1,9,MANANA,OTRAS
ZONA 6,CANAR,LA TRONCAL,CANAR,LA TRONCAL,-2.50923,-79.49621,RURAL,CASA/VILLA,PRIVADO,DELINCUENCIA COMUN,AMENAZA,19,HOMBRE,MESTIZO/A,SOLTERO,ECUADOR,NINGUNA,2,0,22,NOCHE,ARMA_BLANCA
ZONA 5,BOLIVAR,SUBTROPICO,BOLIVAR,ECHEANDIA,-1.43235,-79.27818,URBANO,CASA/VILLA,PRIVADO,VIOLENCIA COMUNITARIA,RINAS,62,MUJER,MESTIZO/A,CASADO,ECUADOR,NINGUNA,0,0,9,MANANA,ARMA_CONTUNDENTE
ZONA 8,D.M. GUAYAQUIL,9 DE OCTUBRE,GUAYAS,GUAYAQUIL,-2.2249,-79.91374,URBANO,VIA PUBLICA,PUBLICO,DELINCUENCIA COMUN,TRAFICO INTERNO DE DROGAS (MICROTRAFICO),45,HOMBRE,AFRO,SOLTERO,ECUADOR,NINGUNA,6,1,3,MADRUGADA,OTRAS
ZONA 6,AZUAY,PONCE ENRIQUEZ,AZUAY,CAMILO PONCE ENRIQUEZ,-3.05312,-79.70997,RURAL,FINCA,PRIVADO,DELINCUENCIA COMUN,AMENAZA,28,HOMBRE,MESTIZO/A,SOLTERO,ECUADOR,NINGUNA,1,0,9,MANANA,ARMA_BLANCA
ZONA 4,MANABI,CHONE,MANABI,CHONE,-0.3987776003666649,-80.08027267875148,RURAL,FINCA,PRIVADO,DELINCUENCIA COMUN,ROBO A PERSONAS,21,HOMBRE,MONTUBIO/A,SOLTERO,ECUADOR,NINGUNA,6,1,12,TARDE,ARMA_CONTUNDENTE
ZONA 4,STO DGO DE LOS TSACHILAS,SANTO DOMINGO OESTE,STO DGO DE LOS TSACHILAS,SANTO DOMINGO,-0.23291,-79.18755,URBANO,CASA/VILLA,PRIVADO,VIOLENCIA INTRAFAMILIAR,SENTIMENTAL,11,MUJER,MESTIZO/A,SOLTERO,ECUADOR,NINGUNA,6,1,4,MADRUGADA,OTRAS
ZONA 7,LOJA,LOJA,LOJA,LOJA,-3.90354,-79.25343,RURAL,VIA PUBLICA,PUBLICO,DELINCUENCIA COMUN,AMENAZA,26,HOMBRE,OTROS,SOLTERO,ECUADOR,NINGUNA,0,0,2,MADRUGADA,ARMA_FUEGO
ZONA 8,D.M. GUAYAQUIL,SUR - DMG,GUAYAS,GUAYAQUIL,-2.52538507472434,-80.00302505912259,RURAL,MAR,PUBLICO,DELINCUENCIA COMUN,AMENAZA,41,HOMBRE,MESTIZO/A,SOLTERO,ECUADOR,NINGUNA,4,0,18,NOCHE,ARMA_CONTUNDENTE
ZONA 5,LOS RIOS,VINCES,LOS RIOS,VINCES,-1.56893,-79.74538,URBANO,VIA PUBLICA,PUBLICO,DELINCUENCIA COMUN,AMENAZA,25,HOMBRE,MESTIZO/A,SOLTERO,ECUADOR,NINGUNA,0,0,20,NOCHE,ARMA_BLANCA
ZONA 7,EL ORO,PASAJE,EL ORO,EL GUABO,-3.1395,-79.85606,RURAL,RANCHO,PRIVADO,DELINCUENCIA COMUN,TRAFICO INTERNO DE DROGAS (MICROTRAFICO),39,HOMBRE,MESTIZO/A,SOLTERO,ECUADOR,NINGUNA,6,1,10,MANANA,ARMA_BLANCA
ZONA 9,D.M. QUITO,LOS CHILLOS,PICHINCHA,QUITO,-0.34129,-78.48556,URBANO,CASA/VILLA,PRIVADO,DELINCUENCIA COMUN,ROBO A DOMICILIOS,44,HOMBRE,MESTIZO/A,SOLTERO,ECUADOR,NINGUNA,1,0,23,NOCHE,ARMA_CONTUNDENTE
ZONA 1,SUCUMBIOS,LAGO AGRIO,SUCUMBIOS,LAGO AGRIO,0.0166,-76.88498,RURAL,CENTROS DE REHABILITACION SOCIAL,PRIVADO,VIOLENCIA COMUNITARIA,RINAS,38,HOMBRE,MESTIZO/A,SOLTERO,ECUADOR,NINGUNA,0,0,15,TARDE,ARMA_BLANCA
ZONA 6,AZUAY,CUENCA SUR,AZUAY,CUENCA,-3.08448,-78.976,RURAL,VIA PUBLICA,PUBLICO,DELINCUENCIA COMUN,TRAFICO INTERNO DE DROGAS (MICROTRAFICO),22,HOMBRE,MESTIZO/A,SOLTERO,ECUADOR,NINGUNA,5,1,16,TARDE,OTRAS
ZONA 8,D.M. GUAYAQUIL,PROGRESO,GUAYAS,GUAYAQUIL,-2.20602,-80.10624,RURAL,LAGUNA - LAGO,PUBLICO,DELINCUENCIA COMUN,AMENAZA,25,HOMBRE,MESTIZO/A,SOLTERO,ECUADOR,NINGUNA,2,0,14,TARDE,ARMA_BLANCA
ZONA 8,D.M. GUAYAQUIL,PORTETE,GUAYAS,GUAYAQUIL,-2.22192,-79.94803,URBANO,CASA/VILLA,PRIVADO,VIOLENCIA COMUNITARIA,RINAS,26,HOMBRE,MESTIZO/A,SOLTERO,ECUADOR,NINGUNA,5,1,4,MADRUGADA,ARMA_BLANCA
ZONA 6,CANAR,LA TRONCAL,CANAR,LA TRONCAL,-2.46656,-79.43033,RURAL,VIA PUBLICA,PUBLICO,DELINCUENCIA COMUN,AMENAZA,17,HOMBRE,AFRO,SOLTERO,ECUADOR,NINGUNA,5,1,2,MADRUGADA,OTRAS
ZONA 4,MANABI,MANTA,MANABI,MANTA,-0.9884,-80.71317,URBANO,VIA PUBLICA,PUBLICO,DELINCUENCIA COMUN,TRAFICO INTERNO DE DROGAS (MICROTRAFICO),38,HOMBRE,MESTIZO/A,SOLTERO,ECUADOR,NINGUNA,2,0,22,NOCHE,ARMA_FUEGO
ZONA 5,GUAYAS,EL TRIUNFO BUCAY,GUAYAS,EL TRIUNFO,-2.33138,-79.40933,URBANO,VIA PUBLICA,PUBLICO,DELINCUENCIA COMUN,TRAFICO INTERNO DE DROGAS (MICROTRAFICO),22,MUJER,MESTIZO/A,SOLTERO,ECUADOR,NINGUNA,2,0,6,MANANA,ARMA_FUEGO
ZONA 5,LOS RIOS,BUENA FE,LOS RIOS,BUENA FE,-0.88793,-79.48869,URBANO,CASA/VILLA,PRIVADO,DELINCUENCIA COMUN,AMENAZA,43,HOMBRE,MESTIZO/A,SOLTERO,ECUADOR,NINGUNA,1,0,0,MADRUGADA,ARMA_CONTUNDENTE
ZONA 5,GUAYAS,MILAGRO,GUAYAS,MILAGRO,-2.12145312188226,-79.58496333530499,URBANO,CASA/VILLA,PRIVADO,DELINCUENCIA COMUN,ROBO A DOMICILIOS,68,HOMBRE,MESTIZO/A,CASADO,ECUADOR,NINGUNA,4,0,2,MADRUGADA,ARMA_CONTUNDENTE
ZONA 3,TUNGURAHUA,PILLARO,TUNGURAHUA,SANTIAGO DE PILLARO,-1.18429,-78.52754,RURAL,CASA/VILLA,PRIVADO,VIOLENCIA COMUNITARIA,RINAS,56,HOMBRE,MESTIZO/A,CASADO,ECUADOR,NINGUNA,6,1,11,MANANA,ARMA_BLANCA
ZONA 7,EL ORO,MACHALA,EL ORO,MACHALA,-3.26330099999999,-79.99399599999998,URBANO,CASA/VILLA,PRIVADO,DELINCUENCIA COMUN,AMENAZA,10,HOMBRE,MESTIZO/A,SOLTERO,ECUADOR,NINGUNA,3,0,12,TARDE,ARMA_FUEGO
ZONA 8,D.M. GUAYAQUIL,DURAN,GUAYAS,DURAN,-2.18405,-79.83025,URBANO,VIA PUBLICA,PUBLICO,DELINCUENCIA COMUN,AMENAZA,24,HOMBRE,MESTIZO/A,SOLTERO,ECUADOR,NINGUNA,6,1,2,MADRUGADA,ARMA_BLANCA
ZONA 5,GUAYAS,PLAYAS,GUAYAS,PLAYAS,-2.63718,-80.39139,URBANO,VIA PUBLICA,PUBLICO,DELINCUENCIA COMUN,AMENAZA,19,HOMBRE,MESTIZO/A,SOLTERO,ECUADOR,NINGUNA,0,0,17,TARDE,ARMA_FUEGO
ZONA 5,LOS RIOS,VINCES,LOS RIOS,VINCES,-1.640273,-79.796473,RURAL,INTERIOR DE VEHICULO PARTICULAR,PRIVADO,DELINCUENCIA COMUN,AMENAZA,53,HOMBRE,MESTIZO/A,CASADO,ECUADOR,NINGUNA,6,1,15,TARDE,ARMA_FUEGO
ZONA 8,D.M. GUAYAQUIL,PROGRESO,GUAYAS,GUAYAQUIL,-2.61194,-80.25555,URBANO,HACIENDAS,PRIVADO,DELINCUENCIA COMUN,ROBO A PERSONAS,32,HOMBRE,MESTIZO/A,SOLTERO,ECUADOR,NINGUNA,0,0,13,TARDE,ARMA_BLANCA
ZONA 3,TUNGURAHUA,AMBATO SUR,TUNGURAHUA,AMBATO,-1.29286,-78.61635,URBANO,VIA PUBLICA,PUBLICO,VIOLENCIA COMUNITARIA,RINAS,22,HOMBRE,MESTIZO/A,SOLTERO,VENEZUELA,NINGUNA,6,1,6,MANANA,ARMA_CONTUNDENTE
ZONA 8,D.M. GUAYAQUIL,SUR - DMG,GUAYAS,GUAYAQUIL,-2.24575,-79.89444,URBANO,VIA PUBLICA,PUBLICO,DELINCUENCIA COMUN,TRAFICO INTERNO DE DROGAS (MICROTRAFICO),27,HOMBRE,MESTIZO/A,SOLTERO,ECUADOR,NINGUNA,3,0,19,NOCHE,ARMA_FUEGO
ZONA 5,LOS RIOS,QUEVEDO,LOS RIOS,QUEVEDO,-1.02129,-79.45717,URBANO,VIA PUBLICA,PUBLICO,DELINCUENCIA COMUN,AMENAZA,56,HOMBRE,MESTIZO/A,DIVORCIADO,ECUADOR,NINGUNA,0,0,21,NOCHE,ARMA_FUEGO
ZONA 1,SUCUMBIOS,SHUSHUFINDI,SUCUMBIOS,SHUSHUFINDI,-0.1922,-76.63489,URBANO,CASA/VILLA,PRIVADO,VIOLENCIA INTRAFAMILIAR,MALTRATO,29,HOMBRE,MESTIZO/A,SOLTERO,ECUADOR,NINGUNA,6,1,2,MADRUGADA,ARMA_BLANCA
ZONA 7,LOJA,CATAMAYO,LOJA,CHAGUARPAMBA,-3.90282,-79.67724,RURAL,FINCA,PRIVADO,VIOLENCIA INTRAFAMILIAR,LITIGIO DE BIENES,48,HOMBRE,MESTIZO/A,SOLTERO,ECUADOR,NINGUNA,2,0,5,MADRUGADA,ARMA_FUEGO
ZONA 9,D.M. QUITO,ELOY ALFARO - DMQ,PICHINCHA,QUITO,-0.24475,-78.51363,URBANO,CENTROS Y SUBCENTROS DE SALUD,PRIVADO,VIOLENCIA COMUNITARIA,RINAS,16,HOMBRE,MESTIZO/A,SOLTERO,ECUADOR,NINGUNA,2,0,1,MADRUGADA,ARMA_BLANCA
ZONA 4,STO DGO DE LOS TSACHILAS,SANTO DOMINGO OESTE,STO DGO DE LOS TSACHILAS,SANTO DOMINGO,-0.12006,-79.28803,RURAL,CASA/VILLA,PRIVADO,VIOLENCIA COMUNITARIA,EMOCIONAL,59,HOMBRE,MESTIZO/A,CASADO,ECUADOR,NINGUNA,6,1,4,MADRUGADA,ARMA_CONTUNDENTE
ZONA 5,GUAYAS,NARANJAL BALAO,GUAYAS,BALAO,-2.92487,-79.79204,RURAL,UNIVERSIDADES,PRIVADO,DELINCUENCIA COMUN,AMENAZA,25,HOMBRE,MESTIZO/A,SOLTERO,ECUADOR,NINGUNA,0,0,20,NOCHE,ARMA_BLANCA
ZONA 7,EL ORO,MACHALA,EL ORO,MACHALA,-3.25515,-79.9709,URBANO,CASA/VILLA,PRIVADO,DELINCUENCIA COMUN,ROBO A DOMICILIOS,39,HOMBRE,MESTIZO/A,CASADO,ECUADOR,FISICA,4,0,18,NOCHE,OTRAS
ZONA 9,D.M. QUITO,MANUELA SAENZ,PICHINCHA,QUITO,-0.22498,-78.50731,URBANO,CASA/VILLA,PRIVADO,VIOLENCIA INTRAFAMILIAR,SENTIMENTAL,35,HOMBRE,MESTIZO/A,SOLTERO,ECUADOR,NINGUNA,0,0,22,NOCHE,ARMA_BLANCA
ZONA 5,LOS RIOS,VENTANAS,LOS RIOS,QUINSALOMA,-1.13169,-79.33874,RURAL,FINCA,PRIVADO,DELINCUENCIA COMUN,AMENAZA,27,HOMBRE,MESTIZO/A,SOLTERO,ECUADOR,NINGUNA,2,0,7,MANANA,ARMA_BLANCA
ZONA 8,D.M. GUAYAQUIL,PASCUALES,GUAYAS,GUAYAQUIL,-2.0908095,-79.9226809,URBANO,VIA PUBLICA,PUBLICO,DELINCUENCIA COMUN,AMENAZA,25,HOMBRE,MESTIZO/A,SOLTERO,ECUADOR,NINGUNA,4,0,0,MADRUGADA,ARMA_FUEGO
ZONA 8,D.M. GUAYAQUIL,ESTEROS,GUAYAS,GUAYAQUIL,-2.23621,-79.93371,URBANO,VIA PUBLICA,PUBLICO,DELINCUENCIA COMUN,AMENAZA,27,MUJER,MESTIZO/A,SOLTERO,ECUADOR,NINGUNA,2,0,3,MADRUGADA,OTRAS
ZONA 4,MANABI,MANTA,MANABI,MANTA,-0.96664,-80.69224,URBANO,CASA/VILLA,PRIVADO,VIOLENCIA INTRAFAMILIAR,SENTIMENTAL,46,MUJER,MESTIZO/A,CASADO,ECUADOR,NINGUNA,6,1,16,TARDE,ARMA_CONTUNDENTE
ZONA 5,GUAYAS,NARANJAL BALAO,GUAYAS,NARANJAL,-2.68295,-79.61292,URBANO,TERRENO BALDIO,PUBLICO,DELINCUENCIA COMUN,TRAFICO INTERNO DE DROGAS (MICROTRAFICO),27,HOMBRE,MESTIZO/A,SOLTERO,ECUADOR,NINGUNA,5,1,0,MADRUGADA,OTRAS
ZONA 4,MANABI,SUCRE,MANABI,SAN VICENTE,-0.4990979999999989,-80.36826499999998,RURAL,VIA PUBLICA,PUBLICO,DELINCUENCIA COMUN,AMENAZA,45,HOMBRE,MESTIZO/A,CASADO,ECUADOR,NINGUNA,6,1,10,MANANA,ARMA_FUEGO
ZONA 8,D.M. GUAYAQUIL,NUEVA PROSPERINA,GUAYAS,GUAYAQUIL,-2.10341,-79.95874,URBANO,INTERIOR DE VEHICULO PARTICULAR,PRIVADO,DELINCUENCIA COMUN,ROBO DE CARROS,53,HOMBRE,MESTIZO/A,CASADO,ECUADOR,NINGUNA,4,0,17,TARDE,OTRAS
ZONA 8,D.M. GUAYAQUIL,SUR - DMG,GUAYAS,GUAYAQUIL,-2.25338299183099,-79.87539553650998,URBANO,VIA PUBLICA,PUBLICO,DELINCUENCIA COMUN,AMENAZA,69,HOMBRE,MESTIZO/A,SOLTERO,ECUADOR,NINGUNA,3,0,22,NOCHE,ARMA_FUEGO
ZONA 4,MANABI,PORTOVIEJO,MANABI,PORTOVIEJO,-1.06946,-80.42202,RURAL,VIA PUBLICA,PUBLICO,DELINCUENCIA COMUN,TRAFICO INTERNOS DE DROGAS (MICROTRAFICO),27,HOMBRE,MESTIZO/A,SOLTERO,ECUADOR,FISICA,0,0,3,MADRUGADA,ARMA_CONTUNDENTE
ZONA 6,AZUAY,CUENCA NORTE,AZUAY,CUENCA,-2.89636784052231,-79.0520349657163,RURAL,TERRENO BALDIO,PUBLICO,DELINCUENCIA COMUN,ROBO A PERSONAS,38,HOMBRE,MESTIZO/A,CASADO,ECUADOR,NINGUNA,5,1,14,TARDE,ARMA_CONTUNDENTE
ZONA 5,GUAYAS,NARANJAL BALAO,GUAYAS,NARANJAL,-2.71047,-79.6461,RURAL,VIA PUBLICA,PUBLICO,DELINCUENCIA COMUN,AMENAZA,44,HOMBRE,MESTIZO/A,SOLTERO,ECUADOR,NINGUNA,5,1,15,TARDE,OTRAS
ZONA 5,BOLIVAR,SUBTROPICO,BOLIVAR,ECHEANDIA,-1.45066400020038,-79.2883043456823,RURAL,NIGHT CLUBS,PRIVADO,DELINCUENCIA COMUN,AMENAZA,31,HOMBRE,MESTIZO/A,SOLTERO,ECUADOR,NINGUNA,4,0,19,NOCHE,ARMA_FUEGO
ZONA 5,LOS RIOS,BABAHOYO,LOS RIOS,BABAHOYO,-1.9602,-79.40042,URBANO,VIA PUBLICA,PUBLICO,DELINCUENCIA COMUN,AMENAZA,26,HOMBRE,MESTIZO/A,SOLTERO,ECUADOR,NINGUNA,2,0,20,NOCHE,ARMA_BLANCA
ZONA 5,GUAYAS,SALITRE,GUAYAS,SALITRE,-1.83074,-79.81044,URBANO,VIA PUBLICA,PUBLICO,DELINCUENCIA COMUN,AMENAZA,42,HOMBRE,MESTIZO/A,SOLTERO,ECUADOR,NINGUNA,6,1,10,MANANA,ARMA_BLANCA
ZONA 3,CHIMBORAZO,RIOBAMBA,CHIMBORAZO,RIOBAMBA,-1.67609,-78.64284,URBANO,VIA PUBLICA,PUBLICO,VIOLENCIA COMUNITARIA,RINAS,20,HOMBRE,MESTIZO/A,SOLTERO,ECUADOR,NINGUNA,4,0,15,TARDE,ARMA_BLANCA
ZONA 8,D.M. GUAYAQUIL,PROGRESO,GUAYAS,GUAYAQUIL,-2.71124,-80.24455,URBANO,VIA PUBLICA,PUBLICO,DELINCUENCIA COMUN,TRAFICO INTERNO DE DROGAS (MICROTRAFICO),29,MUJER,MESTIZO/A,SOLTERO,ECUADOR,NINGUNA,5,1,2,MADRUGADA,ARMA_FUEGO
ZONA 1,CARCHI,MONTUFAR,CARCHI,MONTUFAR,0.5975669999999988,-77.83115599999998,URBANO,VIA PUBLICA,PUBLICO,VIOLENCIA COMUNITARIA,RINAS,21,HOMBRE,MESTIZO/A,SOLTERO,ECUADOR,NINGUNA,6,1,7,MANANA,ARMA_CONTUNDENTE
ZONA 7,EL ORO,HUAQUILLAS,EL ORO,ARENILLAS,-3.54814,-80.07411,RURAL,VIA PUBLICA,PUBLICO,VIOLENCIA COMUNITARIA,EMOCIONAL,33,HOMBRE,MESTIZO/A,SOLTERO,ECUADOR,NINGUNA,6,1,13,TARDE,ARMA_BLANCA
ZONA 8,D.M. GUAYAQUIL,NUEVA PROSPERINA,GUAYAS,GUAYAQUIL,-2.08907183878072,-79.9680859968066,URBANO,CASA/VILLA,PRIVADO,DELINCUENCIA COMUN,AMENAZA,29,HOMBRE,MESTIZO/A,SOLTERO,ECUADOR,NINGUNA,5,1,23,NOCHE,ARMA_FUEGO
ZONA 8,D.M. GUAYAQUIL,PASCUALES,GUAYAS,GUAYAQUIL,-2.06969,-79.89679,URBANO,VIA PUBLICA,PUBLICO,DELINCUENCIA COMUN,TRAFICO INTERNO DE DROGAS (MICROTRAFICO),37,MUJER,MESTIZO/A,SOLTERO,ECUADOR,NINGUNA,3,0,13,TARDE,ARMA_FUEGO
ZONA 8,D.M. GUAYAQUIL,PASCUALES,GUAYAS,GUAYAQUIL,-2.09591,-79.90651,URBANO,CASA/VILLA,PRIVADO,DELINCUENCIA COMUN,ROBO A DOMICILIOS,61,HOMBRE,MESTIZO/A,SOLTERO,ECUADOR,NINGUNA,2,0,12,TARDE,OTRAS
ZONA 7,EL ORO,PASAJE,EL ORO,EL GUABO,-3.1704,-79.82779,RURAL,HACIENDAS,PRIVADO,VIOLENCIA COMUNITARIA,RINAS,40,HOMBRE,MESTIZO/A,SOLTERO,ECUADOR,NINGUNA,6,1,5,MADRUGADA,ARMA_BLANCA
ZONA 4,STO DGO DE LOS TSACHILAS,SANTO DOMINGO ESTE,STO DGO DE LOS TSACHILAS,SANTO DOMINGO,-0.47675,-79.34768,RURAL,HACIENDAS,PRIVADO,DELINCUENCIA COMUN,AMENAZA,19,HOMBRE,AFRO,SOLTERO,ECUADOR,NINGUNA,6,1,2,MADRUGADA,ARMA_BLANCA
ZONA 9,D.M. QUITO,ELOY ALFARO - DMQ,PICHINCHA,QUITO,-0.2444,-78.5411,URBANO,HOSPITALES,PRIVADO,DELINCUENCIA COMUN,ROBO A PERSONAS,23,HOMBRE,MESTIZO/A,SOLTERO,ECUADOR,NINGUNA,6,1,2,MADRUGADA,ARMA_CONTUNDENTE
ZONA 1,ESMERALDAS,ESMERALDAS,ESMERALDAS,ESMERALDAS,0.915,-79.69719,URBANO,CENTROS DE REHABILITACION SOCIAL,PRIVADO,DELINCUENCIA COMUN,AMENAZA,31,HOMBRE,AFRO,SOLTERO,ECUADOR,NINGUNA,6,1,16,TARDE,OTRAS
ZONA 7,EL ORO,MACHALA,EL ORO,MACHALA,-3.25878916885986,-79.9539832770824,URBANO,VIA PUBLICA,PUBLICO,VIOLENCIA COMUNITARIA,RINAS,26,HOMBRE,MESTIZO/A,SOLTERO,ECUADOR,NINGUNA,6,1,13,TARDE,ARMA_FUEGO
ZONA 9,D.M. QUITO,LA DELICIA,PICHINCHA,QUITO,-0.10993,-78.54609,RURAL,QUEBRADAS,PUBLICO,DELINCUENCIA COMUN,ROBO DE CARROS,43,HOMBRE,MESTIZO/A,CASADO,ECUADOR,NINGUNA,2,0,23,NOCHE,OTRAS
ZONA 7,EL ORO,ZARUMA,EL ORO,PORTOVELO,-3.71306839103582,-79.6159288845956,URBANO,CASA/VILLA,PRIVADO,DELINCUENCIA COMUN,ROBO A PERSONAS,76,HOMBRE,MESTIZO/A,CASADO,ECUADOR,FISICA,2,0,15,TARDE,ARMA_CONTUNDENTE
ZONA 5,GUAYAS,NARANJAL BALAO,GUAYAS,BALAO,-2.8972,-79.70584,RURAL,VIA PUBLICA,PUBLICO,DELINCUENCIA COMUN,AMENAZA,45,HOMBRE,MESTIZO/A,SOLTERO,ECUADOR,NINGUNA,5,1,9,MANANA,ARMA_BLANCA
ZONA 4,MANABI,CHONE,MANABI,CHONE,-0.4258,-80.0214,RURAL,FINCA,PRIVADO,VIOLENCIA INTRAFAMILIAR,SENTIMENTAL,35,HOMBRE,MESTIZO/A,SOLTERO,ECUADOR,NINGUNA,2,0,7,MANANA,ARMA_BLANCA
ZONA 8,D.M. GUAYAQUIL,PASCUALES,GUAYAS,GUAYAQUIL,-1.99027506829265,-79.99607706122329,RURAL,FINCA,PRIVADO,DELINCUENCIA COMUN,ROBO A PERSONAS,45,HOMBRE,MESTIZO/A,EN UNION DE HECHO,OTROS,NINGUNA,6,1,15,TARDE,ARMA_CONTUNDENTE
ZONA 3,CHIMBORAZO,RIOBAMBA,CHIMBORAZO,RIOBAMBA,-1.65868353116128,-78.667622320354,URBANO,VIA PUBLICA,PUBLICO,DELINCUENCIA COMUN,ROBO DE CARROS,24,HOMBRE,INDIGENA,SOLTERO,ECUADOR,NINGUNA,5,1,16,TARDE,ARMA_CONTUNDENTE
ZONA 4,MANABI,PORTOVIEJO,MANABI,PORTOVIEJO,-1.02133,-80.38808,URBANO,CENTROS DE REHABILITACION SOCIAL,PRIVADO,DELINCUENCIA COMUN,AMENAZA,38,HOMBRE,MESTIZO/A,SOLTERO,ECUADOR,NINGUNA,6,1,5,MADRUGADA,OTRAS
ZONA 2,PICHINCHA,NOROCCIDENTE,PICHINCHA,PUERTO QUITO,0.17448,-79.29522,RURAL,VIA PUBLICA,PUBLICO,VIOLENCIA COMUNITARIA,RINAS,22,HOMBRE,MESTIZO/A,SOLTERO,ECUADOR,NINGUNA,0,0,1,MADRUGADA,ARMA_BLANCA
ZONA 6,AZUAY,CUENCA NORTE,AZUAY,CUENCA,-2.87152,-78.93207,URBANO,VIA PUBLICA,PUBLICO,VIOLENCIA COMUNITARIA,DEUDAS,23,HOMBRE,MESTIZO/A,SOLTERO,VENEZUELA,NINGUNA,6,1,1,MADRUGADA,OTRAS
ZONA 7,EL ORO,SANTA ROSA,EL ORO,SANTA ROSA,-3.45538,-79.96671,URBANO,CASA/VILLA,PRIVADO,VIOLENCIA INTRAFAMILIAR,MALTRATO,26,HOMBRE,MESTIZO/A,SOLTERO,ECUADOR,NINGUNA,5,1,1,MADRUGADA,ARMA_BLANCA
ZONA 8,D.M. GUAYAQUIL,PORTETE,GUAYAS,GUAYAQUIL,-2.21512,-79.92624,URBANO,VIA PUBLICA,PUBLICO,DELINCUENCIA COMUN,AMENAZA,22,HOMBRE,MESTIZO/A,SOLTERO,ECUADOR,NINGUNA,5,1,15,TARDE,ARMA_FUEGO
ZONA 1,SUCUMBIOS,SHUSHUFINDI,SUCUMBIOS,SHUSHUFINDI,-0.0922,-76.64748,RURAL,FINCA,PRIVADO,PSICOPATOLOGIAS,TRASTORNOS MENTALES,72,HOMBRE,MESTIZO/A,CASADO,ECUADOR,NINGUNA,3,0,20,NOCHE,ARMA_BLANCA
ZONA 8,D.M. GUAYAQUIL,NUEVA PROSPERINA,GUAYAS,GUAYAQUIL,-2.10485,-79.98178,URBANO,VIA PUBLICA,PUBLICO,DELINCUENCIA COMUN,AMENAZA,34,HOMBRE,MESTIZO/A,SOLTERO,ECUADOR,NINGUNA,4,0,8,MANANA,ARMA_BLANCA
ZONA 4,MANABI,MANTA,MANABI,MANTA,-0.98139,-80.71441,URBANO,VIA PUBLICA,PUBLICO,DELINCUENCIA COMUN,AMENAZA,16,MUJER,MESTIZO/A,SOLTERO,ECUADOR,NINGUNA,4,0,2,MADRUGADA,ARMA_FUEGO
ZONA 9,D.M. QUITO,LA DELICIA,PICHINCHA,QUITO,-0.11806,-78.52035,URBANO,VIA PUBLICA,PUBLICO,VIOLENCIA COMUNITARIA,RINAS,35,HOMBRE,MESTIZO/A,DIVORCIADO,ECUADOR,NINGUNA,2,0,23,NOCHE,ARMA_BLANCA
ZONA 8,D.M. GUAYAQUIL,PASCUALES,GUAYAS,GUAYAQUIL,-2.08911,-79.92749,URBANO,VIA PUBLICA,PUBLICO,DELINCUENCIA COMUN,ROBO A PERSONAS,24,HOMBRE,MESTIZO/A,SOLTERO,ECUADOR,NINGUNA,2,0,21,NOCHE,ARMA_BLANCA
ZONA 3,CHIMBORAZO,RIOBAMBA,CHIMBORAZO,RIOBAMBA,-1.67726,-78.65844,URBANO,VIA PUBLICA,PUBLICO,DELINCUENCIA COMUN,ROBO A PERSONAS,63,HOMBRE,OTROS,SOLTERO,ECUADOR,NINGUNA,5,1,23,NOCHE,ARMA_BLANCA
ZONA 1,ESMERALDAS,ESMERALDAS,ESMERALDAS,ESMERALDAS,0.89114,-79.71265,URBANO,VIA PUBLICA,PUBLICO,DELINCUENCIA COMUN,AMENAZA,48,HOMBRE,AFRO,SOLTERO,ECUADOR,NINGUNA,5,1,0,MADRUGADA,OTRAS
ZONA 5,LOS RIOS,PUEBLO VIEJO,LOS RIOS,PUEBLOVIEJO,-1.63238,-79.55906,RURAL,TERRENO BALDIO,PUBLICO,DELINCUENCIA COMUN,AMENAZA,24,HOMBRE,MESTIZO/A,SOLTERO,ECUADOR,NINGUNA,2,0,1,MADRUGADA,ARMA_BLANCA
ZONA 7,LOJA,LOJA,LOJA,LOJA,-4.03732254011903,-79.2088689655066,URBANO,CASA/VILLA,PRIVADO,VIOLENCIA SEXUAL,VIOLACION FAMILIAR DIRECTO (PERSONA CONOCIDA),78,HOMBRE,MESTIZO/A,CASADO,ECUADOR,NINGUNA,2,0,9,MANANA,ARMA_CONTUNDENTE
ZONA 6,AZUAY,PONCE ENRIQUEZ,AZUAY,CAMILO PONCE ENRIQUEZ,-3.06137,-79.75185,URBANO,AGENCIAS DE REGULACION Y CONTROL,PRIVADO,DELINCUENCIA COMUN,AMENAZA,54,HOMBRE,MESTIZO/A,SOLTERO,ECUADOR,NINGUNA,2,0,1,MADRUGADA,ARMA_CONTUNDENTE
ZONA 2,PICHINCHA,NOROCCIDENTE,PICHINCHA,PEDRO VICENTE MALDONADO,0.08901,-79.06039,URBANO,VIA PUBLICA,PUBLICO,DELINCUENCIA COMUN,ROBO A PERSONAS,18,HOMBRE,MESTIZO/A,SOLTERO,ECUADOR,NINGUNA,6,1,22,NOCHE,ARMA_BLANCA
ZONA 7,EL ORO,PASAJE,EL ORO,PASAJE,-3.32823434752944,-79.8354759067297,RURAL,HACIENDAS,PRIVADO,DELINCUENCIA COMUN,AMENAZA,50,HOMBRE,BLANCO/A,EN UNION DE HECHO,ECUADOR,NINGUNA,5,1,8,MANANA,ARMA_FUEGO
ZONA 5,GUAYAS,NARANJAL BALAO,GUAYAS,BALAO,-2.92764,-79.78212,RURAL,VIA PUBLICA,PUBLICO,DELINCUENCIA COMUN,AMENAZA,45,HOMBRE,AFRO,SOLTERO,ECUADOR,NINGUNA,0,0,23,NOCHE,OTRAS
ZONA 8,D.M. GUAYAQUIL,PORTETE,GUAYAS,GUAYAQUIL,-2.2264962,-79.9409552,URBANO,VIA PUBLICA,PUBLICO,DELINCUENCIA COMUN,AMENAZA,14,HOMBRE,MESTIZO/A,SOLTERO,ECUADOR,NINGUNA,1,0,12,TARDE,ARMA_FUEGO
ZONA 8,D.M. GUAYAQUIL,NUEVA PROSPERINA,GUAYAS,GUAYAQUIL,-2.09608,-79.97649,URBANO,CASA/VILLA,PRIVADO,VIOLENCIA COMUNITARIA,RINAS,25,HOMBRE,MESTIZO/A,SOLTERO,ECUADOR,NINGUNA,0,0,14,TARDE,ARMA_CONTUNDENTE
ZONA 9,D.M. QUITO,ELOY ALFARO - DMQ,PICHINCHA,QUITO,-0.289586250475168,-78.5278995878555,URBANO,LOCAL DE EVENTOS,PRIVADO,VIOLENCIA COMUNITARIA,ACTOS DE ODIO,34,HOMBRE,MESTIZO/A,SOLTERO,ECUADOR,NINGUNA,1,0,23,NOCHE,ARMA_FUEGO
ZONA 7,EL ORO,MACHALA,EL ORO,MACHALA,-3.29113,-79.89286,URBANO,CASA/VILLA,PRIVADO,DELINCUENCIA COMUN,AMENAZA,34,HOMBRE,AFRO,SOLTERO,ECUADOR,NINGUNA,5,1,2,MADRUGADA,ARMA_BLANCA
ZONA 9,D.M. QUITO,QUITUMBE,PICHINCHA,QUITO,-0.29852,-78.53153,URBANO,CASA/VILLA,PRIVADO,VIOLENCIA INTRAFAMILIAR,SENTIMENTAL,70,HOMBRE,MESTIZO/A,VIUDO,ECUADOR,NINGUNA,3,0,0,MADRUGADA,OTRAS
ZONA 9,D.M. QUITO,QUITUMBE,PICHINCHA,QUITO,-0.33092,-78.52544,URBANO,VIA PUBLICA,PUBLICO,DELINCUENCIA COMUN,ROBO A PERSONAS,31,HOMBRE,MESTIZO/A,SOLTERO,ECUADOR,NINGUNA,0,0,1,MADRUGADA,ARMA_BLANCA
ZONA 7,EL ORO,MACHALA,EL ORO,MACHALA,-3.23289,-79.92977,RURAL,HACIENDAS,PRIVADO,DELINCUENCIA COMUN,TRAFICO INTERNO DE DROGAS (MICROTRAFICO),46,HOMBRE,MESTIZO/A,SOLTERO,ECUADOR,NINGUNA,6,1,6,MANANA,ARMA_BLANCA
ZONA 5,GUAYAS,MILAGRO,GUAYAS,MILAGRO,-2.14052777230948,-79.5745482056914,URBANO,CASA/VILLA,PRIVADO,DELINCUENCIA COMUN,AMENAZA,19,HOMBRE,MESTIZO/A,SOLTERO,ECUADOR,NINGUNA,5,1,21,NOCHE,ARMA_FUEGO
ZONA 8,D.M. GUAYAQUIL,PASCUALES,GUAYAS,GUAYAQUIL,-2.0523,-79.94375,URBANO,CENTROS DE REHABILITACION SOCIAL,PRIVADO,VIOLENCIA COMUNITARIA,RINAS,27,HOMBRE,MESTIZO/A,SOLTERO,ECUADOR,NINGUNA,6,1,12,TARDE,ARMA_CONTUNDENTE
ZONA 4,MANABI,24 DE MAYO,MANABI,24 DE MAYO,-1.3435,-80.38288,RURAL,CASA/VILLA,PRIVADO,VIOLENCIA INTRAFAMILIAR,SENTIMENTAL,40,MUJER,MESTIZO/A,CASADO,ECUADOR,NINGUNA,6,1,2,MADRUGADA,ARMA_CONTUNDENTE
ZONA 5,GUAYAS,YAGUACHI,GUAYAS,SAN JACINTO DE YAGUACHI,-2.24375,-79.63989,RURAL,VIA PUBLICA,PUBLICO,DELINCUENCIA COMUN,AMENAZA,20,HOMBRE,MESTIZO/A,SOLTERO,ECUADOR,NINGUNA,6,1,13,TARDE,ARMA_BLANCA
ZONA 1,IMBABURA,CIUDAD BLANCA,IMBABURA,IBARRA,0.46543,-78.01325,RURAL,HOSTALES,PRIVADO,VIOLENCIA COMUNITARIA,RINAS,54,HOMBRE,MESTIZO/A,CASADO,ECUADOR,FISICA,0,0,12,TARDE,OTRAS
ZONA 8,D.M. GUAYAQUIL,PASCUALES,GUAYAS,GUAYAQUIL,-2.04658,-79.9442,URBANO,CENTROS DE REHABILITACION SOCIAL,PRIVADO,DELINCUENCIA COMUN,AMENAZA,24,HOMBRE,MESTIZO/A,SOLTERO,ECUADOR,NINGUNA,5,1,8,MANANA,OTRAS
ZONA 1,IMBABURA,VALLE DEL AMANECER,IMBABURA,ANTONIO ANTE,0.321,-78.221,URBANO,TERRENO BALDIO,PUBLICO,VIOLENCIA COMUNITARIA,RINAS,34,HOMBRE,AFRO,SOLTERO,ECUADOR,NINGUNA,3,0,3,MADRUGADA,ARMA_BLANCA
ZONA 7,EL ORO,MACHALA,EL ORO,MACHALA,-3.26412,-79.96377,URBANO,CENTROS DE REHABILITACION SOCIAL,PRIVADO,DELINCUENCIA COMUN,AMENAZA,31,HOMBRE,MESTIZO/A,SOLTERO,ECUADOR,NINGUNA,6,1,16,TARDE,OTRAS
ZONA 8,D.M. GUAYAQUIL,SUR - DMG,GUAYAS,GUAYAQUIL,-2.24427,-79.88654,URBANO,LICORERIAS,PRIVADO,VIOLENCIA COMUNITARIA,EMOCIONAL,41,HOMBRE,MESTIZO/A,CASADO,ECUADOR,NINGUNA,4,0,21,NOCHE,ARMA_FUEGO
ZONA 9,D.M. QUITO,LA DELICIA,PICHINCHA,QUITO,-0.07684,-78.45778,URBANO,VIA PUBLICA,PUBLICO,DELINCUENCIA COMUN,TRAFICO INTERNO DE DROGAS (MICROTRAFICO),32,HOMBRE,MESTIZO/A,SOLTERO,ECUADOR,NINGUNA,4,0,11,MANANA,ARMA_BLANCA
ZONA 5,GUAYAS,NARANJAL BALAO,GUAYAS,NARANJAL,-2.604184,-79.533822,RURAL,HACIENDAS,PRIVADO,DELINCUENCIA COMUN,ROBO A DOMICILIOS,40,HOMBRE,MESTIZO/A,SOLTERO,ECUADOR,NINGUNA,2,0,10,MANANA,ARMA_FUEGO
ZONA 4,MANABI,PEDERNALES,MANABI,PEDERNALES,0.08244,-79.9904,RURAL,VIA PUBLICA,PUBLICO,DELINCUENCIA COMUN,AMENAZA,16,HOMBRE,MESTIZO/A,SOLTERO,ECUADOR,NINGUNA,3,0,8,MANANA,ARMA_BLANCA
ZONA 9,D.M. QUITO,ELOY ALFARO - DMQ,PICHINCHA,QUITO,-0.25653,-78.51373,URBANO,CASA/VILLA,PRIVADO,VIOLENCIA INTRAFAMILIAR,SENTIMENTAL,4,MUJER,MESTIZO/A,SOLTERO,ECUADOR,NINGUNA,2,0,11,MANANA,OTRAS
ZONA 8,D.M. GUAYAQUIL,DURAN,GUAYAS,DURAN,-2.17681,-79.8542,URBANO,VIA PUBLICA,PUBLICO,DELINCUENCIA COMUN,TRAFICO INTERNO DE DROGAS (MICROTRAFICO),48,HOMBRE,MESTIZO/A,SOLTERO,ECUADOR,NINGUNA,1,0,23,NOCHE,ARMA_FUEGO
ZONA 6,AZUAY,PONCE ENRIQUEZ,AZUAY,CAMILO PONCE ENRIQUEZ,-3.0614,-79.74918,RURAL,INTERIOR DE VEHICULO PARTICULAR,PRIVADO,DELINCUENCIA COMUN,AMENAZA,32,HOMBRE,MESTIZO/A,SOLTERO,ECUADOR,NINGUNA,5,1,19,NOCHE,ARMA_BLANCA
ZONA 6,MORONA SANTIAGO,MORONA,MORONA SANTIAGO,MORONA,-2.28994,-78.06494,RURAL,FINCA,PRIVADO,VIOLENCIA COMUNITARIA,EMOCIONAL,10,HOMBRE,OTROS,SOLTERO,ECUADOR,NINGUNA,6,1,9,MANANA,OTRAS
ZONA 5,LOS RIOS,BABAHOYO,LOS RIOS,BABAHOYO,-1.83457,-79.60213,URBANO,OTROS CENTROS DE DIVERSION,PRIVADO,VIOLENCIA COMUNITARIA,RINAS,16,HOMBRE,MESTIZO/A,SOLTERO,ECUADOR,NINGUNA,4,0,22,NOCHE,ARMA_BLANCA
ZONA 1,ESMERALDAS,ESMERALDAS,ESMERALDAS,ESMERALDAS,0.9196039999999988,-79.69759999999998,URBANO,CASA/VILLA,PRIVADO,VIOLENCIA INTRAFAMILIAR,SENTIMENTAL,36,MUJER,MESTIZO/A,CASADO,ECUADOR,NINGUNA,3,0,13,TARDE,ARMA_FUEGO
ZONA 4,STO DGO DE LOS TSACHILAS,SANTO DOMINGO ESTE,STO DGO DE LOS TSACHILAS,SANTO DOMINGO,-0.23445,-79.13435,RURAL,FINCA,PRIVADO,DELINCUENCIA COMUN,AMENAZA,36,HOMBRE,MESTIZO/A,SOLTERO,ECUADOR,NINGUNA,6,1,4,MADRUGADA,OTRAS
ZONA 1,ESMERALDAS,ESMERALDAS,ESMERALDAS,ESMERALDAS,1.03856,-79.46762,RURAL,QUEBRADAS,PUBLICO,DELINCUENCIA COMUN,AMENAZA,20,HOMBRE,AFRO,SOLTERO,ECUADOR,NINGUNA,2,0,14,TARDE,OTRAS
ZONA 2,ORELLANA,ORELLANA LORETO,ORELLANA,FRANCISCO DE ORELLANA,-0.72381,-76.93326,RURAL,CASA/VILLA,PRIVADO,VIOLENCIA COMUNITARIA,RINAS,23,HOMBRE,INDIGENA,SOLTERO,ECUADOR,NINGUNA,3,0,21,NOCHE,ARMA_BLANCA
ZONA 1,SUCUMBIOS,LAGO AGRIO,SUCUMBIOS,LAGO AGRIO,0.08025,-76.98873,RURAL,CASA/VILLA,PRIVADO,DELINCUENCIA COMUN,TRAFICO INTERNO DE DROGAS (MICROTRAFICO),30,HOMBRE,MESTIZO/A,SOLTERO,ECUADOR,NINGUNA,6,1,3,MADRUGADA,ARMA_BLANCA
ZONA 4,STO DGO DE LOS TSACHILAS,SANTO DOMINGO ESTE,STO DGO DE LOS TSACHILAS,SANTO DOMINGO,-0.28383,-79.17598,URBANO,CASA/VILLA,PRIVADO,DELINCUENCIA COMUN,AMENAZA,17,HOMBRE,MESTIZO/A,SOLTERO,ECUADOR,NINGUNA,3,0,2,MADRUGADA,ARMA_BLANCA
ZONA 3,TUNGURAHUA,AMBATO SUR,TUNGURAHUA,AMBATO,-1.25596,-78.61821,URBANO,CASA/VILLA,PRIVADO,VIOLENCIA INTRAFAMILIAR,MALTRATO,46,HOMBRE,MESTIZO/A,SOLTERO,ECUADOR,NINGUNA,5,1,2,MADRUGADA,ARMA_BLANCA
ZONA 8,D.M. GUAYAQUIL,FLORIDA,GUAYAS,GUAYAQUIL,-2.15355,-79.93094,URBANO,VIA PUBLICA,PUBLICO,VIOLENCIA COMUNITARIA,RINAS,28,HOMBRE,MESTIZO/A,SOLTERO,ECUADOR,NINGUNA,2,0,19,NOCHE,ARMA_BLANCA
ZONA 1,SUCUMBIOS,SHUSHUFINDI,SUCUMBIOS,SHUSHUFINDI,-0.22984,-76.53304,RURAL,BOSQUE Y RESERVAS ECOLOGICAS,PUBLICO,VIOLENCIA INTRAFAMILIAR,SENTIMENTAL,26,MUJER,MESTIZO/A,CASADO,ECUADOR,NINGUNA,1,0,10,MANANA,ARMA_BLANCA
ZONA 3,COTOPAXI,LATACUNGA,COTOPAXI,LATACUNGA,-0.80772,-78.64655,RURAL,VIA PUBLICA,PUBLICO,VIOLENCIA COMUNITARIA,RINAS,36,HOMBRE,INDIGENA,DIVORCIADO,ECUADOR,NINGUNA,1,0,8,MANANA,ARMA_CONTUNDENTE
ZONA 3,CHIMBORAZO,RIOBAMBA,CHIMBORAZO,RIOBAMBA,-1.67337707045478,-78.6570025028782,URBANO,VIA PUBLICA,PUBLICO,VIOLENCIA COMUNITARIA,RINAS,62,HOMBRE,MESTIZO/A,CASADO,ECUADOR,NINGUNA,5,1,23,NOCHE,ARMA_CONTUNDENTE
ZONA 8,D.M. GUAYAQUIL,PASCUALES,GUAYAS,GUAYAQUIL,-2.07204,-79.92318,URBANO,VIA PUBLICA,PUBLICO,DELINCUENCIA COMUN,TRAFICO INTERNO DE DROGAS (MICROTRAFICO),29,HOMBRE,MESTIZO/A,SOLTERO,ECUADOR,NINGUNA,0,0,21,NOCHE,ARMA_FUEGO
ZONA 8,D.M. GUAYAQUIL,FLORIDA,GUAYAS,GUAYAQUIL,-2.1295,-79.91863,URBANO,CASA/VILLA,PRIVADO,DELINCUENCIA COMUN,TRAFICO INTERNO DE DROGAS (MICROTRAFICO),22,HOMBRE,MESTIZO/A,SOLTERO,ECUADOR,NINGUNA,2,0,10,MANANA,OTRAS
ZONA 6,CANAR,LA TRONCAL,CANAR,LA TRONCAL,-2.34938,-79.31205,RURAL,MAR,PUBLICO,DELINCUENCIA COMUN,AMENAZA,32,HOMBRE,MESTIZO/A,SOLTERO,ECUADOR,NINGUNA,3,0,1,MADRUGADA,ARMA_FUEGO
ZONA 9,D.M. QUITO,EUGENIO ESPEJO,PICHINCHA,QUITO,-0.15213,-78.47242,URBANO,CENTROS DE REHABILITACION SOCIAL,PRIVADO,VIOLENCIA COMUNITARIA,RINAS,23,HOMBRE,AFRO,SOLTERO,ECUADOR,NINGUNA,4,0,9,MANANA,OTRAS
ZONA 4,MANABI,PAJAN,MANABI,PAJAN,-1.54506,-80.42349,RURAL,RIO,PUBLICO,DELINCUENCIA COMUN,AMENAZA,26,HOMBRE,MESTIZO/A,SOLTERO,ECUADOR,NINGUNA,2,0,18,NOCHE,ARMA_BLANCA
ZONA 5,GUAYAS,SALITRE,GUAYAS,SALITRE,-1.83259,-79.81069,RURAL,RIO,PUBLICO,DELINCUENCIA COMUN,AMENAZA,25,HOMBRE,MESTIZO/A,SOLTERO,ECUADOR,NINGUNA,0,0,15,TARDE,OTRAS
ZONA 4,MANABI,PEDERNALES,MANABI,PEDERNALES,0.29871,-79.8772,RURAL,FINCA,PRIVADO,DELINCUENCIA COMUN,AMENAZA,60,HOMBRE,MESTIZO/A,SOLTERO,ECUADOR,NINGUNA,6,1,16,TARDE,ARMA_CONTUNDENTE
ZONA 8,D.M. GUAYAQUIL,SAMBORONDON,GUAYAS,SAMBORONDON,-1.95589,-79.76057,RURAL,FINCA,PRIVADO,DELINCUENCIA COMUN,AMENAZA,24,HOMBRE,MESTIZO/A,SOLTERO,ECUADOR,NINGUNA,6,1,0,MADRUGADA,ARMA_BLANCA
ZONA 5,LOS RIOS,PUEBLOVIEJO,LOS RIOS,URDANETA,-1.56963,-79.46732,RURAL,VIA PUBLICA,PUBLICO,DELINCUENCIA COMUN,AMENAZA,39,HOMBRE,OTROS,SOLTERO,ECUADOR,NINGUNA,6,1,3,MADRUGADA,ARMA_FUEGO
ZONA 3,TUNGURAHUA,PATATE,TUNGURAHUA,PATATE,-1.33503,-78.46318,RURAL,CASA/VILLA,PRIVADO,DELINCUENCIA COMUN,AMENAZA,36,HOMBRE,MESTIZO/A,SOLTERO,COLOMBIA,NINGUNA,3,0,12,TARDE,ARMA_BLANCA
ZONA 9,D.M. QUITO,ELOY ALFARO - DMQ,PICHINCHA,QUITO,-0.25334,-78.51106,URBANO,VIA PUBLICA,PUBLICO,VIOLENCIA COMUNITARIA,RINAS,26,HOMBRE,MESTIZO/A,SOLTERO,ECUADOR,NINGUNA,0,0,17,TARDE,ARMA_BLANCA
ZONA 7,EL ORO,PASAJE,EL ORO,PASAJE,-3.2699,-79.73682,RURAL,CANCHAS DE USO MULTIPLE,PUBLICO,DELINCUENCIA COMUN,AMENAZA,18,HOMBRE,MESTIZO/A,SOLTERO,ECUADOR,NINGUNA,3,0,2,MADRUGADA,ARMA_FUEGO
ZONA 8,D.M. GUAYAQUIL,ESTEROS,GUAYAS,GUAYAQUIL,-2.24255,-79.90777,URBANO,CASA/VILLA,PRIVADO,DELINCUENCIA COMUN,AMENAZA,39,HOMBRE,MESTIZO/A,SOLTERO,ECUADOR,NINGUNA,5,1,16,TARDE,ARMA_BLANCA
ZONA 5,GUAYAS,EMPALME,GUAYAS,EL EMPALME,-1.05332861554767,-79.6292420756056,URBANO,VIA PUBLICA,PUBLICO,DELINCUENCIA COMUN,AMENAZA,58,HOMBRE,MESTIZO/A,DIVORCIADO,ECUADOR,NINGUNA,5,1,10,MANANA,ARMA_FUEGO
ZONA 4,MANABI,PEDERNALES,MANABI,JAMA,-0.20786,-80.2806,RURAL,LAGUNA - LAGO,PUBLICO,DELINCUENCIA COMUN,AMENAZA,37,HOMBRE,MESTIZO/A,SOLTERO,ECUADOR,NINGUNA,0,0,15,TARDE,ARMA_CONTUNDENTE
ZONA 7,EL ORO,MACHALA,EL ORO,MACHALA,-3.28012,-79.96541,URBANO,VIA PUBLICA,PUBLICO,DELINCUENCIA COMUN,TRAFICO INTERNOS DE DROGAS (MICROTRAFICO),33,HOMBRE,MESTIZO/A,SOLTERO,ECUADOR,NINGUNA,3,0,1,MADRUGADA,ARMA_FUEGO
ZONA 5,LOS RIOS,BABAHOYO,LOS RIOS,BABAHOYO,-1.77731,-79.5012,RURAL,RIO,PUBLICO,DELINCUENCIA COMUN,AMENAZA,20,HOMBRE,MESTIZO/A,SOLTERO,ECUADOR,NINGUNA,2,0,8,MANANA,ARMA_CONTUNDENTE
ZONA 6,CANAR,LA TRONCAL,CANAR,LA TRONCAL,-2.4318185461935,-79.3350541591644,URBANO,BARES,PRIVADO,DELINCUENCIA COMUN,TRAFICO INTERNO DE DROGAS (MICROTRAFICO),37,HOMBRE,MESTIZO/A,SOLTERO,ECUADOR,NINGUNA,0,0,22,NOCHE,ARMA_FUEGO
ZONA 8,D.M. GUAYAQUIL,FLORIDA,GUAYAS,GUAYAQUIL,-2.133251,-79.942643,URBANO,VIA PUBLICA,PUBLICO,DELINCUENCIA COMUN,AMENAZA,67,HOMBRE,MESTIZO/A,SOLTERO,ECUADOR,NINGUNA,0,0,22,NOCHE,ARMA_FUEGO
ZONA 8,D.M. GUAYAQUIL,PORTETE,GUAYAS,GUAYAQUIL,-2.21224,-79.92972,URBANO,VIA PUBLICA,PRIVADO,DELINCUENCIA COMUN,AMENAZA,40,HOMBRE,MESTIZO/A,SOLTERO,ECUADOR,NINGUNA,6,1,16,TARDE,ARMA_CONTUNDENTE
ZONA 8,D.M. GUAYAQUIL,FLORIDA,GUAYAS,GUAYAQUIL,-2.15011581562277,-79.9223790767907,URBANO,VIA PUBLICA,PUBLICO,DELINCUENCIA COMUN,AMENAZA,34,HOMBRE,MESTIZO/A,SOLTERO,ECUADOR,NINGUNA,1,0,9,MANANA,ARMA_FUEGO
ZONA 8,D.M. GUAYAQUIL,PASCUALES,GUAYAS,GUAYAQUIL,-2.09024,-79.94513,URBANO,MERCADOS,PUBLICO,VIOLENCIA COMUNITARIA,EMOCIONAL,21,MUJER,MESTIZO/A,SOLTERO,ECUADOR,NINGUNA,1,0,4,MADRUGADA,ARMA_CONTUNDENTE
ZONA 1,SUCUMBIOS,SHUSHUFINDI,SUCUMBIOS,SHUSHUFINDI,-0.21744,-76.67463,URBANO,BOSQUE Y RESERVAS ECOLOGICAS,PUBLICO,DELINCUENCIA COMUN,TRAFICO INTERNO DE DROGAS (MICROTRAFICO),21,HOMBRE,MESTIZO/A,SOLTERO,ECUADOR,NINGUNA,4,0,22,NOCHE,ARMA_BLANCA
ZONA 1,ESMERALDAS,ATACAMES,ESMERALDAS,MUISNE,0.4945939999999989,-79.975626,RURAL,NIGHT CLUBS,PRIVADO,VIOLENCIA COMUNITARIA,DEUDAS,25,HOMBRE,MESTIZO/A,SOLTERO,ECUADOR,NINGUNA,6,1,4,MADRUGADA,ARMA_FUEGO
ZONA 1,SUCUMBIOS,SHUSHUFINDI,SUCUMBIOS,SHUSHUFINDI,-0.32515,-76.61815,RURAL,BOSQUE Y RESERVAS ECOLOGICAS,PUBLICO,DELINCUENCIA COMUN,AMENAZA,17,MUJER,INDIGENA,SOLTERO,ECUADOR,NINGUNA,5,1,0,MADRUGADA,ARMA_BLANCA
ZONA 5,GUAYAS,BALZAR,GUAYAS,BALZAR,-1.37033223420465,-79.9068871737836,RURAL,RESTAURANTE,PRIVADO,DELINCUENCIA COMUN,AMENAZA,44,HOMBRE,MESTIZO/A,SOLTERO,ECUADOR,NINGUNA,6,1,23,NOCHE,ARMA_FUEGO
ZONA 8,D.M. GUAYAQUIL,PASCUALES,GUAYAS,GUAYAQUIL,-1.99031,-79.98469,RURAL,VIA PUBLICA,PUBLICO,DELINCUENCIA COMUN,AMENAZA,25,HOMBRE,MESTIZO/A,SOLTERO,ECUADOR,NINGUNA,2,0,4,MADRUGADA,ARMA_CONTUNDENTE
ZONA 5,LOS RIOS,PUEBLO VIEJO,LOS RIOS,URDANETA,-1.50266,-79.40188,RURAL,CASA/VILLA,PRIVADO,DELINCUENCIA COMUN,AMENAZA,20,HOMBRE,OTROS,SOLTERO,ECUADOR,NINGUNA,0,0,21,NOCHE,ARMA_FUEGO
ZONA 9,D.M. QUITO,LA DELICIA,PICHINCHA,QUITO,-0.08529,-78.51188,URBANO,VIA PUBLICA,PUBLICO,VIOLENCIA COMUNITARIA,RINAS,20,HOMBRE,MESTIZO/A,SOLTERO,ECUADOR,NINGUNA,0,0,2,MADRUGADA,ARMA_BLANCA
ZONA 8,D.M. GUAYAQUIL,DURAN,GUAYAS,DURAN,-2.16392,-79.84615,URBANO,VIA PUBLICA,PUBLICO,DELINCUENCIA COMUN,ROBO A PERSONAS,40,HOMBRE,MESTIZO/A,CASADO,ECUADOR,NINGUNA,0,0,4,MADRUGADA,ARMA_CONTUNDENTE
ZONA 9,D.M. QUITO,TUMBACO,PICHINCHA,QUITO,-0.25009,-78.33798,URBANO,VIA PUBLICA,PUBLICO,DELINCUENCIA COMUN,ROBO A PERSONAS,62,HOMBRE,MESTIZO/A,DIVORCIADO,ECUADOR,NINGUNA,5,1,3,MADRUGADA,OTRAS
ZONA 5,SANTA ELENA,LIBERTAD SALINAS,SANTA ELENA,LA LIBERTAD,-2.24276,-80.90241,RURAL,TERRENO BALDIO,PUBLICO,DELINCUENCIA COMUN,AMENAZA,68,HOMBRE,MESTIZO/A,CASADO,ECUADOR,FISICA,2,0,13,TARDE,ARMA_CONTUNDENTE
ZONA 8,D.M. GUAYAQUIL,PASCUALES,GUAYAS,GUAYAQUIL,-2.10592,-79.92971,URBANO,VIA PUBLICA,PUBLICO,DELINCUENCIA COMUN,TRAFICO INTERNO DE DROGAS (MICROTRAFICO),41,HOMBRE,MULATO/A,DIVORCIADO,ECUADOR,NINGUNA,3,0,14,TARDE,ARMA_FUEGO
ZONA 9,D.M. QUITO,LOS CHILLOS,PICHINCHA,QUITO,-0.29837,-78.40322,URBANO,CASA/VILLA,PRIVADO,PSICOPATOLOGIAS,TRASTORNOS MENTALES,25,HOMBRE,MESTIZO/A,SOLTERO,ECUADOR,PSICOLOGICA,5,1,3,MADRUGADA,ARMA_CONTUNDENTE
ZONA 5,GUAYAS,PEDRO CARBO,GUAYAS,ISIDRO AYORA,-1.9386132,-80.16567899999998,RURAL,BOSQUE Y RESERVAS ECOLOGICAS,PUBLICO,DELINCUENCIA COMUN,AMENAZA,49,HOMBRE,MESTIZO/A,SOLTERO,ECUADOR,NINGUNA,5,1,18,NOCHE,ARMA_CONTUNDENTE
ZONA 9,D.M. QUITO,LA DELICIA,PICHINCHA,QUITO,-0.08261,-78.47345,URBANO,VIA PUBLICA,PUBLICO,VIOLENCIA COMUNITARIA,RINAS,24,HOMBRE,AFRO,SOLTERO,ECUADOR,NINGUNA,3,0,6,MANANA,ARMA_CONTUNDENTE
ZONA 4,MANABI,PORTOVIEJO,MANABI,PORTOVIEJO,-1.05818,-80.44483,URBANO,HOSPITALES,PRIVADO,VIOLENCIA COMUNITARIA,RINAS,43,HOMBRE,MONTUBIO/A,SOLTERO,ECUADOR,NINGUNA,2,0,8,MANANA,ARMA_BLANCA
ZONA 1,ESMERALDAS,ESMERALDAS,ESMERALDAS,ESMERALDAS,0.977641714939102,-79.65311955660579,URBANO,VIA PUBLICA,PUBLICO,DELINCUENCIA COMUN,AMENAZA,27,HOMBRE,MESTIZO/A,SOLTERO,ECUADOR,NINGUNA,6,1,1,MADRUGADA,ARMA_FUEGO
ZONA 5,GUAYAS,MILAGRO,GUAYAS,MILAGRO,-2.15532,-79.5799,URBANO,VIA PUBLICA,PUBLICO,DELINCUENCIA COMUN,AMENAZA,26,HOMBRE,MESTIZO/A,SOLTERO,ECUADOR,NINGUNA,0,0,16,TARDE,ARMA_FUEGO
ZONA 4,STO DGO DE LOS TSACHILAS,SANTO DOMINGO ESTE,STO DGO DE LOS TSACHILAS,SANTO DOMINGO,-0.30482,-79.18492,URBANO,CENTROS DE REHABILITACION SOCIAL,PRIVADO,DELINCUENCIA COMUN,AMENAZA,30,HOMBRE,AFRO,SOLTERO,ECUADOR,NINGUNA,4,0,14,TARDE,OTRAS
ZONA 1,IMBABURA,VALLE DEL AMANECER,IMBABURA,OTAVALO,0.2373,-78.25357,URBANO,CASA/VILLA,PRIVADO,DELINCUENCIA COMUN,ROBO A DOMICILIOS,29,HOMBRE,MESTIZO/A,SOLTERO,ECUADOR,NINGUNA,6,1,5,MADRUGADA,OTRAS
ZONA 9,D.M. QUITO,QUITUMBE,PICHINCHA,QUITO,-0.3209,-78.54827,URBANO,VIA PUBLICA,PUBLICO,VIOLENCIA COMUNITARIA,RINAS,16,HOMBRE,MESTIZO/A,SOLTERO,ECUADOR,NINGUNA,2,0,20,NOCHE,ARMA_BLANCA
ZONA 5,GUAYAS,SALITRE,GUAYAS,SALITRE,-1.72372,-79.80972,RURAL,RIO,PUBLICO,DELINCUENCIA COMUN,AMENAZA,40,MUJER,MONTUBIO/A,SOLTERO,ECUADOR,NINGUNA,1,0,3,MADRUGADA,ARMA_BLANCA
ZONA 8,D.M. GUAYAQUIL,PASCUALES,GUAYAS,GUAYAQUIL,-2.05248,-79.94315,URBANO,CENTROS DE REHABILITACION SOCIAL,PRIVADO,DELINCUENCIA COMUN,AMENAZA,29,HOMBRE,MESTIZO/A,SOLTERO,ECUADOR,NINGUNA,4,0,13,TARDE,OTRAS
ZONA 7,EL ORO,HUAQUILLAS,EL ORO,HUAQUILLAS,-3.4853,-80.24349999999998,URBANO,VIA PUBLICA,PUBLICO,DELINCUENCIA COMUN,AMENAZA,20,HOMBRE,MESTIZO/A,SOLTERO,VENEZUELA,NINGUNA,2,0,20,NOCHE,ARMA_FUEGO
ZONA 2,ORELLANA,LA JOYA DE LOS SACHAS,ORELLANA,LA JOYA DE LOS SACHAS,-0.24855,-76.85352,RURAL,CASA/VILLA,PRIVADO,VIOLENCIA COMUNITARIA,RINAS,27,HOMBRE,MESTIZO/A,CASADO,ECUADOR,NINGUNA,6,1,16,TARDE,ARMA_BLANCA
ZONA 4,STO DGO DE LOS TSACHILAS,LA CONCORDIA,STO DGO DE LOS TSACHILAS,LA CONCORDIA,-0.07837,-79.44188,RURAL,FINCA,PRIVADO,DELINCUENCIA COMUN,ROBO A DOMICILIOS,43,HOMBRE,MESTIZO/A,SOLTERO,ECUADOR,PSICOLOGICA,6,1,12,TARDE,OTRAS
ZONA 4,MANABI,MANTA,MANABI,MONTECRISTI,-1.06828,-80.66165,RURAL,NIGHT CLUBS,PRIVADO,DELINCUENCIA COMUN,AMENAZA,31,HOMBRE,MESTIZO/A,SOLTERO,ECUADOR,FISICA,0,0,22,NOCHE,ARMA_FUEGO
ZONA 8,D.M. GUAYAQUIL,PASCUALES,GUAYAS,GUAYAQUIL,-2.05139,-79.94489,URBANO,CENTROS DE REHABILITACION SOCIAL,PRIVADO,DELINCUENCIA COMUN,AMENAZA,29,HOMBRE,MULATO/A,SOLTERO,ECUADOR,NINGUNA,1,0,3,MADRUGADA,ARMA_BLANCA
ZONA 6,MORONA SANTIAGO,CENTRO SUR,MORONA SANTIAGO,SUCUA,-2.56541,-78.14588,RURAL,CASA/VILLA,PRIVADO,VIOLENCIA INTRAFAMILIAR,SENTIMENTAL,47,HOMBRE,INDIGENA,EN UNION DE HECHO,ECUADOR,NINGUNA,0,0,6,MANANA,OTRAS
ZONA 8,D.M. GUAYAQUIL,DURAN,GUAYAS,DURAN,-2.17155,-79.81748,URBANO,VIA PUBLICA,PUBLICO,DELINCUENCIA COMUN,AMENAZA,28,HOMBRE,MESTIZO/A,SOLTERO,ECUADOR,NINGUNA,0,0,4,MADRUGADA,ARMA_FUEGO
ZONA 4,MANABI,PORTOVIEJO,MANABI,PORTOVIEJO,-1.13517012314256,-80.4009634907009,RURAL,CASA/VILLA,PRIVADO,DELINCUENCIA COMUN,AMENAZA,47,HOMBRE,MESTIZO/A,SOLTERO,ECUADOR,NINGUNA,0,0,1,MADRUGADA,ARMA_FUEGO
ZONA 8,D.M. GUAYAQUIL,SAMBORONDON,GUAYAS,SAMBORONDON,-1.96332,-79.87901,RURAL,RIO,PUBLICO,DELINCUENCIA COMUN,ROBO A PERSONAS,35,HOMBRE,MESTIZO/A,SOLTERO,ECUADOR,NINGUNA,6,1,21,NOCHE,OTRAS
ZONA 5,GUAYAS,NARANJAL BALAO,GUAYAS,BALAO,-2.90979,-79.81215,URBANO,VIA PUBLICA,PUBLICO,DELINCUENCIA COMUN,AMENAZA,22,HOMBRE,MESTIZO/A,SOLTERO,ECUADOR,NINGUNA,6,1,21,NOCHE,ARMA_FUEGO
ZONA 9,D.M. QUITO,LA DELICIA,PICHINCHA,QUITO,-0.10517,-78.50238,URBANO,VIA PUBLICA,PUBLICO,DELINCUENCIA COMUN,ROBO A PERSONAS,25,HOMBRE,MESTIZO/A,SOLTERO,ECUADOR,NINGUNA,6,1,0,MADRUGADA,ARMA_BLANCA
ZONA 5,LOS RIOS,BABAHOYO,LOS RIOS,BABAHOYO,-1.74674,-79.53656,RURAL,VIA PUBLICA,PUBLICO,DELINCUENCIA COMUN,AMENAZA,34,HOMBRE,MONTUBIO/A,SOLTERO,ECUADOR,NINGUNA,4,0,8,MANANA,ARMA_CONTUNDENTE
ZONA 5,SANTA ELENA,LIBERTAD SALINAS,SANTA ELENA,LA LIBERTAD,-2.22682,-80.90748,URBANO,VIA PUBLICA,PUBLICO,DELINCUENCIA COMUN,AMENAZA,39,HOMBRE,MESTIZO/A,SOLTERO,ECUADOR,NINGUNA,2,0,4,MADRUGADA,ARMA_BLANCA
ZONA 5,LOS RIOS,QUEVEDO,LOS RIOS,QUEVEDO,-1.02309,-79.44942,URBANO,VIA PUBLICA,PUBLICO,DELINCUENCIA COMUN,AMENAZA,28,HOMBRE,MESTIZO/A,SOLTERO,ECUADOR,NINGUNA,2,0,18,NOCHE,ARMA_FUEGO
ZONA 8,D.M. GUAYAQUIL,PORTETE,GUAYAS,GUAYAQUIL,-2.216129,-79.940866,URBANO,VIA PUBLICA,PUBLICO,DELINCUENCIA COMUN,AMENAZA,17,HOMBRE,MESTIZO/A,SOLTERO,ECUADOR,NINGUNA,6,1,22,NOCHE,ARMA_FUEGO
ZONA 5,SANTA ELENA,LIBERTAD SALINAS,SANTA ELENA,SALINAS,-2.20807,-80.95019,URBANO,VIA PUBLICA,PUBLICO,VIOLENCIA COMUNITARIA,RINAS,33,HOMBRE,MESTIZO/A,SOLTERO,ECUADOR,NINGUNA,3,0,15,TARDE,ARMA_BLANCA
ZONA 6,MORONA SANTIAGO,MENDEZ,MORONA SANTIAGO,TIWINTZA,-2.89099,-77.66862,RURAL,CASA/VILLA,PRIVADO,VIOLENCIA INTRAFAMILIAR,SENTIMENTAL,52,HOMBRE,MESTIZO/A,DIVORCIADO,ECUADOR,NINGUNA,6,1,17,TARDE,ARMA_CONTUNDENTE
ZONA 7,EL ORO,MACHALA,EL ORO,MACHALA,-3.31419,-79.92592,RURAL,FINCA,PRIVADO,DELINCUENCIA COMUN,AMENAZA,23,MUJER,MESTIZO/A,CASADO,ECUADOR,NINGUNA,0,0,3,MADRUGADA,ARMA_BLANCA
ZONA 4,MANABI,PORTOVIEJO,MANABI,PORTOVIEJO,-1.04253,-80.49604,RURAL,VIA PUBLICA,PUBLICO,DELINCUENCIA COMUN,TRAFICO INTERNO DE DROGAS (MICROTRAFICO),17,HOMBRE,MESTIZO/A,SOLTERO,ECUADOR,NINGUNA,6,1,19,NOCHE,ARMA_FUEGO
ZONA 8,D.M. GUAYAQUIL,CEIBOS,GUAYAS,GUAYAQUIL,-2.16584555820314,-79.9447061866522,URBANO,CONJUNTO HABITACIONAL,PRIVADO,VIOLENCIA COMUNITARIA,RINAS,40,HOMBRE,MESTIZO/A,CASADO,ECUADOR,NINGUNA,5,1,8,MANANA,ARMA_CONTUNDENTE
ZONA 1,ESMERALDAS,ATACAMES,ESMERALDAS,ATACAMES,0.87479,-79.81572,URBANO,CASA/VILLA,PRIVADO,VIOLENCIA COMUNITARIA,RINAS,21,HOMBRE,MESTIZO/A,SOLTERO,ECUADOR,NINGUNA,2,0,11,MANANA,ARMA_BLANCA
ZONA 5,GUAYAS,PLAYAS,GUAYAS,PLAYAS,-2.62847,-80.3654,RURAL,VIA PUBLICA,PUBLICO,DELINCUENCIA COMUN,TRAFICO INTERNO DE DROGAS (MICROTRAFICO),23,HOMBRE,MESTIZO/A,SOLTERO,ECUADOR,NINGUNA,0,0,12,TARDE,ARMA_BLANCA
ZONA 5,LOS RIOS,QUEVEDO,LOS RIOS,QUEVEDO,-1.00656,-79.45632,URBANO,VIA PUBLICA,PUBLICO,DELINCUENCIA COMUN,AMENAZA,49,HOMBRE,MESTIZO/A,SOLTERO,ECUADOR,NINGUNA,5,1,21,NOCHE,ARMA_FUEGO
ZONA 7,EL ORO,MACHALA,EL ORO,MACHALA,-3.25653,-79.95815,URBANO,CASA/VILLA,PRIVADO,VIOLENCIA INTRAFAMILIAR,SENTIMENTAL,50,HOMBRE,MESTIZO/A,SOLTERO,ECUADOR,NINGUNA,4,0,23,NOCHE,OTRAS
ZONA 8,D.M. GUAYAQUIL,SUR - DMG,GUAYAS,GUAYAQUIL,-2.24652,-79.89494,URBANO,CASA/VILLA,PRIVADO,VIOLENCIA INTRAFAMILIAR,MALTRATO,1,HOMBRE,MESTIZO/A,SOLTERO,ECUADOR,NINGUNA,2,0,19,NOCHE,OTRAS
ZONA 3,TUNGURAHUA,BANOS,TUNGURAHUA,BANOS DE AGUA SANTA,-1.39493,-78.40545,URBANO,CASA/VILLA,PRIVADO,VIOLENCIA INTRAFAMILIAR,SENTIMENTAL,52,MUJER,MESTIZO/A,CASADO,VENEZUELA,NINGUNA,4,0,19,NOCHE,ARMA_BLANCA
ZONA 9,D.M. QUITO,LA DELICIA,PICHINCHA,QUITO,-0.10927,-78.46562,URBANO,VIA PUBLICA,PUBLICO,DELINCUENCIA COMUN,ROBO A PERSONAS,24,HOMBRE,AFRO,SOLTERO,ECUADOR,NINGUNA,5,1,6,MANANA,ARMA_CONTUNDENTE
ZONA 5,GUAYAS,PEDRO CARBO,GUAYAS,PEDRO CARBO,-1.7166,-80.17654,RURAL,VIA PUBLICA,PUBLICO,DELINCUENCIA COMUN,AMENAZA,15,HOMBRE,MESTIZO/A,SOLTERO,ECUADOR,NINGUNA,0,0,0,MADRUGADA,ARMA_FUEGO
ZONA 9,D.M. QUITO,LOS CHILLOS,PICHINCHA,QUITO,-0.26759,-78.48725,URBANO,CASA/VILLA,PRIVADO,VIOLENCIA COMUNITARIA,RINAS,23,HOMBRE,MESTIZO/A,SOLTERO,ECUADOR,NINGUNA,5,1,3,MADRUGADA,ARMA_BLANCA
ZONA 5,GUAYAS,NARANJAL BALAO,GUAYAS,NARANJAL,-2.56155,-79.60386,RURAL,FINCA,PRIVADO,DELINCUENCIA COMUN,AMENAZA,27,HOMBRE,MESTIZO/A,CASADO,ECUADOR,NINGUNA,5,1,16,TARDE,ARMA_FUEGO
ZONA 6,AZUAY,CUENCA NORTE,AZUAY,CUENCA,-2.88771,-78.96211,URBANO,CASA/VILLA,PRIVADO,VIOLENCIA INTRAFAMILIAR,SENTIMENTAL,31,MUJER,MESTIZO/A,SOLTERO,ECUADOR,NINGUNA,0,0,8,MANANA,ARMA_CONTUNDENTE
ZONA 8,D.M. GUAYAQUIL,9 DE OCTUBRE,GUAYAS,GUAYAQUIL,-2.21867,-79.91134,URBANO,CASA/VILLA,PRIVADO,VIOLENCIA COMUNITARIA,EMOCIONAL,47,HOMBRE,MESTIZO/A,SOLTERO,ECUADOR,NINGUNA,6,1,1,MADRUGADA,OTRAS
ZONA 5,BOLIVAR,GUARANDA,BOLIVAR,GUARANDA,-1.55919,-79.02996,RURAL,RIO,PUBLICO,VIOLENCIA INTRAFAMILIAR,MALTRATO,3,MUJER,MESTIZO/A,SOLTERO,ECUADOR,NINGUNA,0,0,16,TARDE,ARMA_CONTUNDENTE
ZONA 9,D.M. QUITO,ELOY ALFARO - DMQ,PICHINCHA,QUITO,-0.24968,-78.53321,URBANO,VIA PUBLICA,PUBLICO,DELINCUENCIA COMUN,AMENAZA,30,HOMBRE,MESTIZO/A,SOLTERO,ECUADOR,NINGUNA,6,1,10,MANANA,ARMA_CONTUNDENTE
ZONA 8,D.M. GUAYAQUIL,PASCUALES,GUAYAS,GUAYAQUIL,-2.09664,-79.92362,URBANO,VIA PUBLICA,PUBLICO,VIOLENCIA INTRAFAMILIAR,SENTIMENTAL,24,MUJER,MESTIZO/A,SOLTERO,ECUADOR,NINGUNA,2,0,19,NOCHE,ARMA_BLANCA
ZONA 6,MORONA SANTIAGO,SUR - MORONA,MORONA SANTIAGO,SAN JUAN BOSCO,-3.10317,-78.52043,RURAL,FINCA,PRIVADO,VIOLENCIA INTRAFAMILIAR,SENTIMENTAL,51,MUJER,MESTIZO/A,SOLTERO,ECUADOR,NINGUNA,4,0,18,NOCHE,OTRAS
ZONA 7,EL ORO,HUAQUILLAS,EL ORO,HUAQUILLAS,-3.47803410943929,-80.24108129746308,URBANO,TERRENO BALDIO,PUBLICO,VIOLENCIA COMUNITARIA,RINAS,55,HOMBRE,MESTIZO/A,VIUDO,ECUADOR,NINGUNA,6,1,0,MADRUGADA,ARMA_CONTUNDENTE
ZONA 6,CANAR,LA TRONCAL,CANAR,LA TRONCAL,-2.41897,-79.32358,RURAL,FINCA,PRIVADO,DELINCUENCIA COMUN,TRAFICO INTERNO DE DROGAS (MICROTRAFICO),16,HOMBRE,MESTIZO/A,SOLTERO,ECUADOR,NINGUNA,0,0,23,NOCHE,ARMA_BLANCA
ZONA 8,D.M. GUAYAQUIL,NUEVA PROSPERINA,GUAYAS,GUAYAQUIL,-2.10899,-79.96386,URBANO,VIA PUBLICA,PUBLICO,DELINCUENCIA COMUN,TRAFICO INTERNO DE DROGAS (MICROTRAFICO),19,HOMBRE,MESTIZO/A,SOLTERO,ECUADOR,NINGUNA,4,0,16,TARDE,ARMA_FUEGO
ZONA 1,ESMERALDAS,QUININDE,ESMERALDAS,QUININDE,0.32206,-79.46331,RURAL,CASA/VILLA,PRIVADO,VIOLENCIA INTRAFAMILIAR,SENTIMENTAL,59,HOMBRE,MESTIZO/A,SOLTERO,ECUADOR,NINGUNA,5,1,21,NOCHE,OTRAS
ZONA 1,ESMERALDAS,ESMERALDAS,ESMERALDAS,ESMERALDAS,0.9923149999999988,-79.563669,RURAL,CASA/VILLA,PRIVADO,DELINCUENCIA COMUN,ROBO A DOMICILIOS,24,HOMBRE,MESTIZO/A,SOLTERO,ECUADOR,NINGUNA,1,0,4,MADRUGADA,ARMA_FUEGO
ZONA 4,MANABI,CHONE,MANABI,CHONE,-0.69479,-80.09424,URBANO,MERCADOS,PUBLICO,VIOLENCIA COMUNITARIA,ACTOS DE ODIO,60,HOMBRE,MESTIZO/A,CASADO,ECUADOR,NINGUNA,3,0,9,MANANA,ARMA_FUEGO
ZONA 7,EL ORO,MACHALA,EL ORO,MACHALA,-3.2641,-79.96379,URBANO,CENTROS DE REHABILITACION SOCIAL,PRIVADO,DELINCUENCIA COMUN,AMENAZA,19,HOMBRE,MESTIZO/A,SOLTERO,ECUADOR,NINGUNA,6,1,18,NOCHE,OTRAS
ZONA 7,ZAMORA CHINCHIPE,ZAMORA,ZAMORA CHINCHIPE,ZAMORA,-4.03126,-78.95918,RURAL,VIA PUBLICA,PUBLICO,DELINCUENCIA COMUN,AMENAZA,26,HOMBRE,MESTIZO/A,SOLTERO,ECUADOR,NINGUNA,6,1,10,MANANA,ARMA_BLANCA
ZONA 4,STO DGO DE LOS TSACHILAS,SANTO DOMINGO OESTE,STO DGO DE LOS TSACHILAS,SANTO DOMINGO,-0.23705,-79.17962,URBANO,VIA PUBLICA,PUBLICO,DELINCUENCIA COMUN,AMENAZA,24,HOMBRE,AFRO,SOLTERO,ECUADOR,NINGUNA,3,0,3,MADRUGADA,ARMA_CONTUNDENTE
ZONA 4,STO DGO DE LOS TSACHILAS,SANTO DOMINGO ESTE,STO DGO DE LOS TSACHILAS,SANTO DOMINGO,-0.19714,-79.1588,RURAL,FINCA,PRIVADO,DELINCUENCIA COMUN,ROBO A DOMICILIOS,45,HOMBRE,MESTIZO/A,SOLTERO,ECUADOR,NINGUNA,2,0,19,NOCHE,ARMA_CONTUNDENTE
ZONA 8,D.M. GUAYAQUIL,PASCUALES,GUAYAS,GUAYAQUIL,-2.05194,-79.94451,URBANO,CENTROS DE REHABILITACION SOCIAL,PRIVADO,DELINCUENCIA COMUN,AMENAZA,34,HOMBRE,MESTIZO/A,SOLTERO,ECUADOR,NINGUNA,4,0,20,NOCHE,OTRAS
ZONA 1,ESMERALDAS,ESMERALDAS,ESMERALDAS,ESMERALDAS,0.9531,-79.66158,URBANO,FINCA,PRIVADO,DELINCUENCIA COMUN,AMENAZA,21,HOMBRE,AFRO,SOLTERO,ECUADOR,NINGUNA,6,1,22,NOCHE,ARMA_BLANCA
ZONA 9,D.M. QUITO,EUGENIO ESPEJO,PICHINCHA,QUITO,-0.200778,-78.48061099999998,URBANO,DEPARTAMENTO EN CASA O EDIFICIO,PRIVADO,DELINCUENCIA COMUN,ROBO A PERSONAS,29,HOMBRE,MESTIZO/A,SOLTERO,ECUADOR,NINGUNA,4,0,23,NOCHE,ARMA_FUEGO
ZONA 8,D.M. GUAYAQUIL,ESTEROS,GUAYAS,GUAYAQUIL,-2.23808,-79.92423,URBANO,VIA PUBLICA,PUBLICO,DELINCUENCIA COMUN,ROBO DE CARROS,23,HOMBRE,MESTIZO/A,SOLTERO,ECUADOR,NINGUNA,4,0,0,MADRUGADA,ARMA_CONTUNDENTE
ZONA 9,D.M. QUITO,EUGENIO ESPEJO,PICHINCHA,QUITO,-0.14978,-78.47267,URBANO,CASA/VILLA,PRIVADO,DELINCUENCIA COMUN,AMENAZA,0,HOMBRE,MESTIZO/A,SOLTERO,ECUADOR,NINGUNA,6,1,5,MADRUGADA,OTRAS
ZONA 7,LOJA,LOJA,LOJA,LOJA,-4.00419,-79.19344,URBANO,CENTROS DE REHABILITACION SOCIAL,PRIVADO,DELINCUENCIA COMUN,AMENAZA,30,HOMBRE,MESTIZO/A,SOLTERO,ECUADOR,NINGUNA,3,0,18,NOCHE,OTRAS
ZONA 7,EL ORO,MACHALA,EL ORO,MACHALA,-3.2641,-79.96379,URBANO,CENTROS DE REHABILITACION SOCIAL,PRIVADO,DELINCUENCIA COMUN,AMENAZA,27,HOMBRE,MESTIZO/A,SOLTERO,ECUADOR,NINGUNA,6,1,18,NOCHE,OTRAS
ZONA 8,D.M. GUAYAQUIL,NUEVA PROSPERINA,GUAYAS,GUAYAQUIL,-2.10376,-79.97195,URBANO,VIA PUBLICA,PUBLICO,DELINCUENCIA COMUN,AMENAZA,15,HOMBRE,AFRO,SOLTERO,ECUADOR,NINGUNA,6,1,10,MANANA,ARMA_BLANCA
ZONA 5,GUAYAS,EMPALME,GUAYAS,EL EMPALME,-0.90067,-79.64655,RURAL,FINCA,PRIVADO,DELINCUENCIA COMUN,AMENAZA,26,HOMBRE,MESTIZO/A,SOLTERO,ECUADOR,NINGUNA,0,0,11,MANANA,ARMA_BLANCA
ZONA 1,ESMERALDAS,QUININDE,ESMERALDAS,QUININDE,0.6406,-79.58807,RURAL,TERRENO BALDIO,PUBLICO,DELINCUENCIA COMUN,AMENAZA,47,HOMBRE,MESTIZO/A,SOLTERO,ECUADOR,FISICA,3,0,3,MADRUGADA,OTRAS
ZONA 4,MANABI,SUCRE,MANABI,SUCRE,-0.652532,-80.40687,URBANO,TERRENO BALDIO,PUBLICO,VIOLENCIA COMUNITARIA,RINAS,31,HOMBRE,MESTIZO/A,SOLTERO,ECUADOR,NINGUNA,0,0,9,MANANA,ARMA_CONTUNDENTE
ZONA 1,SUCUMBIOS,SHUSHUFINDI,SUCUMBIOS,SHUSHUFINDI,-0.12326,-76.83127,RURAL,FINCA,PRIVADO,DELINCUENCIA COMUN,AMENAZA,33,HOMBRE,MESTIZO/A,SOLTERO,ECUADOR,NINGUNA,0,0,10,MANANA,OTRAS
ZONA 7,EL ORO,MACHALA,EL ORO,MACHALA,-3.2672289999999906,-79.995636,URBANO,BARES,PRIVADO,VIOLENCIA COMUNITARIA,RINAS,23,HOMBRE,AFRO,SOLTERO,ECUADOR,NINGUNA,6,1,6,MANANA,ARMA_FUEGO
ZONA 2,ORELLANA,LA JOYA DE LOS SACHAS,ORELLANA,LA JOYA DE LOS SACHAS,-0.4367,-76.63428,RURAL,CASA/VILLA,PRIVADO,VIOLENCIA COMUNITARIA,RINAS,15,HOMBRE,INDIGENA,SOLTERO,ECUADOR,NINGUNA,5,1,14,TARDE,ARMA_BLANCA
ZONA 5,GUAYAS,SALITRE,GUAYAS,SALITRE,-1.80458,-79.828939,URBANO,VIA PUBLICA,PUBLICO,VIOLENCIA COMUNITARIA,RINAS,25,HOMBRE,MESTIZO/A,SOLTERO,ECUADOR,NINGUNA,6,1,13,TARDE,ARMA_CONTUNDENTE
ZONA 7,EL ORO,HUAQUILLAS,EL ORO,ARENILLAS,-3.560826,-80.066148,URBANO,CASA/VILLA,PRIVADO,VIOLENCIA COMUNITARIA,RINAS,32,HOMBRE,MESTIZO/A,SOLTERO,ECUADOR,NINGUNA,5,1,23,NOCHE,ARMA_CONTUNDENTE
ZONA 4,STO DGO DE LOS TSACHILAS,SANTO DOMINGO OESTE,STO DGO DE LOS TSACHILAS,SANTO DOMINGO,-0.27799,-79.21216,RURAL,FINCA,PRIVADO,DELINCUENCIA COMUN,AMENAZA,42,HOMBRE,MESTIZO/A,SOLTERO,ECUADOR,NINGUNA,2,0,18,NOCHE,ARMA_BLANCA
ZONA 9,D.M. QUITO,CALDERON,PICHINCHA,QUITO,-0.04592,-78.43198,URBANO,CANCHAS DE USO MULTIPLE,PUBLICO,VIOLENCIA COMUNITARIA,RINAS,30,HOMBRE,MESTIZO/A,CASADO,ECUADOR,NINGUNA,6,1,10,MANANA,ARMA_BLANCA
ZONA 2,PICHINCHA,RUMINAHUI - MEJIA,PICHINCHA,MEJIA,-0.3661840118779359,-78.5506987551344,URBANO,VULCANIZADORAS,PRIVADO,VIOLENCIA COMUNITARIA,RINAS,39,HOMBRE,MESTIZO/A,CASADO,ECUADOR,NINGUNA,3,0,18,NOCHE,ARMA_CONTUNDENTE
ZONA 4,MANABI,CHONE,MANABI,CHONE,-0.64247,-80.0401,URBANO,VIA PUBLICA,PUBLICO,DELINCUENCIA COMUN,TRAFICO INTERNO DE DROGAS (MICROTRAFICO),40,HOMBRE,MESTIZO/A,SOLTERO,ECUADOR,NINGUNA,5,1,11,MANANA,ARMA_FUEGO
ZONA 8,D.M. GUAYAQUIL,PASCUALES,GUAYAS,GUAYAQUIL,-2.05216,-79.94379,URBANO,CENTROS DE REHABILITACION SOCIAL,PRIVADO,DELINCUENCIA COMUN,AMENAZA,31,HOMBRE,MESTIZO/A,SOLTERO,ECUADOR,NINGUNA,1,0,12,TARDE,OTRAS
ZONA 3,COTOPAXI,SALCEDO,COTOPAXI,SALCEDO,-1.07411,-78.60854,RURAL,CASA/VILLA,PRIVADO,VIOLENCIA INTRAFAMILIAR,SENTIMENTAL,22,MUJER,MESTIZO/A,SOLTERO,ECUADOR,NINGUNA,3,0,8,MANANA,OTRAS
ZONA 8,D.M. GUAYAQUIL,9 DE OCTUBRE,GUAYAS,GUAYAQUIL,-2.211764,-79.902794,URBANO,VIA PUBLICA,PUBLICO,DELINCUENCIA COMUN,AMENAZA,35,HOMBRE,MESTIZO/A,SOLTERO,ECUADOR,NINGUNA,0,0,4,MADRUGADA,ARMA_FUEGO
ZONA 5,GUAYAS,YAGUACHI,GUAYAS,SAN JACINTO DE YAGUACHI,-2.08904,-79.70571,RURAL,VIA PUBLICA,PUBLICO,DELINCUENCIA COMUN,AMENAZA,30,HOMBRE,MESTIZO/A,SOLTERO,ECUADOR,NINGUNA,2,0,5,MADRUGADA,ARMA_CONTUNDENTE
ZONA 5,GUAYAS,YAGUACHI,GUAYAS,SAN JACINTO DE YAGUACHI,-2.20409,-79.62223,RURAL,FINCA,PRIVADO,DELINCUENCIA COMUN,AMENAZA,21,HOMBRE,MESTIZO/A,SOLTERO,ECUADOR,NINGUNA,5,1,11,MANANA,ARMA_BLANCA
ZONA 1,ESMERALDAS,ESMERALDAS,ESMERALDAS,ESMERALDAS,0.9803,-79.65697,URBANO,VIA PUBLICA,PUBLICO,DELINCUENCIA COMUN,AMENAZA,29,HOMBRE,MESTIZO/A,SOLTERO,ECUADOR,NINGUNA,1,0,0,MADRUGADA,OTRAS
ZONA 1,ESMERALDAS,ESMERALDAS,ESMERALDAS,ESMERALDAS,0.92559,-79.66049,URBANO,VIA PUBLICA,PUBLICO,DELINCUENCIA COMUN,AMENAZA,43,HOMBRE,AFRO,SOLTERO,ECUADOR,NINGUNA,4,0,7,MANANA,ARMA_FUEGO
ZONA 7,LOJA,LOJA,LOJA,LOJA,-3.90354,-79.25343,RURAL,VIA PUBLICA,PUBLICO,DELINCUENCIA COMUN,AMENAZA,21,HOMBRE,MESTIZO/A,SOLTERO,ECUADOR,NINGUNA,0,0,2,MADRUGADA,ARMA_FUEGO
ZONA 9,D.M. QUITO,QUITUMBE,PICHINCHA,QUITO,-0.31705,-78.54825,URBANO,CASA/VILLA,PRIVADO,DELINCUENCIA COMUN,ROBO A DOMICILIOS,44,HOMBRE,MESTIZO/A,CASADO,ECUADOR,NINGUNA,4,0,0,MADRUGADA,ARMA_CONTUNDENTE
ZONA 3,TUNGURAHUA,AMBATO SUR,TUNGURAHUA,AMBATO,-1.25975,-78.634,URBANO,CASA/VILLA,PRIVADO,DELINCUENCIA COMUN,ROBO A DOMICILIOS,72,HOMBRE,MESTIZO/A,DIVORCIADO,ECUADOR,NINGUNA,5,1,23,NOCHE,OTRAS
ZONA 6,AZUAY,NABON,AZUAY,NABON,-3.33406718590202,-79.1729640983976,RURAL,CASA/VILLA,PRIVADO,VIOLENCIA COMUNITARIA,RINAS,32,HOMBRE,MESTIZO/A,SOLTERO,ECUADOR,NINGUNA,6,1,13,TARDE,ARMA_CONTUNDENTE
ZONA 8,D.M. GUAYAQUIL,SUR - DMG,GUAYAS,GUAYAQUIL,-2.2709,-79.89269,URBANO,CASA/VILLA,PRIVADO,DELINCUENCIA COMUN,ROBO A PERSONAS,38,HOMBRE,MESTIZO/A,SOLTERO,ECUADOR,NINGUNA,6,1,7,MANANA,ARMA_BLANCA
ZONA 6,AZUAY,CUENCA SUR,AZUAY,CUENCA,-2.93359,-78.99701,URBANO,CASA/VILLA,PRIVADO,PSICOPATOLOGIAS,TRASTORNOS MENTALES,7,MUJER,MESTIZO/A,SOLTERO,ECUADOR,NINGUNA,0,0,10,MANANA,OTRAS
ZONA 8,D.M. GUAYAQUIL,9 DE OCTUBRE,GUAYAS,GUAYAQUIL,-2.18951,-79.88529,URBANO,HOTELES,PRIVADO,VIOLENCIA INTRAFAMILIAR,SENTIMENTAL,46,MUJER,MESTIZO/A,SOLTERO,ECUADOR,NINGUNA,6,1,18,NOCHE,OTRAS
ZONA 2,ORELLANA,ORELLANA LORETO,ORELLANA,LORETO,-0.736364,-77.383435,RURAL,VIA PUBLICA,PUBLICO,VIOLENCIA COMUNITARIA,RINAS,20,HOMBRE,INDIGENA,SOLTERO,ECUADOR,NINGUNA,0,0,15,TARDE,ARMA_CONTUNDENTE
ZONA 1,IMBABURA,CIUDAD BLANCA,IMBABURA,IBARRA,0.34535,-78.16409,URBANO,VIA PUBLICA,PUBLICO,VIOLENCIA COMUNITARIA,RINAS,31,HOMBRE,MESTIZO/A,SOLTERO,ECUADOR,NINGUNA,6,1,1,MADRUGADA,ARMA_BLANCA
ZONA 8,D.M. GUAYAQUIL,PORTETE,GUAYAS,GUAYAQUIL,-2.19439,-79.91894,URBANO,VIA PUBLICA,PUBLICO,DELINCUENCIA COMUN,AMENAZA,32,HOMBRE,MESTIZO/A,SOLTERO,ECUADOR,NINGUNA,4,0,23,NOCHE,ARMA_BLANCA
ZONA 8,D.M. GUAYAQUIL,FLORIDA,GUAYAS,GUAYAQUIL,-2.1525,-79.91654,URBANO,VIA PUBLICA,PUBLICO,VIOLENCIA COMUNITARIA,RINAS,27,HOMBRE,MESTIZO/A,SOLTERO,ECUADOR,NINGUNA,4,0,5,MADRUGADA,ARMA_BLANCA
ZONA 8,D.M. GUAYAQUIL,DURAN,GUAYAS,DURAN,-2.17724,-79.83448,URBANO,VIA PUBLICA,PUBLICO,DELINCUENCIA COMUN,AMENAZA,17,HOMBRE,MESTIZO/A,SOLTERO,ECUADOR,NINGUNA,6,1,19,NOCHE,ARMA_FUEGO
ZONA 3,COTOPAXI,DANSANTE,COTOPAXI,SAQUISILI,-0.84544,-78.66536,URBANO,CASA/VILLA,PRIVADO,VIOLENCIA INTRAFAMILIAR,SENTIMENTAL,59,HOMBRE,MESTIZO/A,CASADO,ECUADOR,NINGUNA,4,0,21,NOCHE,ARMA_CONTUNDENTE
ZONA 9,D.M. QUITO,ELOY ALFARO - DMQ,PICHINCHA,QUITO,-0.26513,-78.57205,URBANO,VIA PUBLICA,PUBLICO,DELINCUENCIA COMUN,ROBO DE CARROS,56,HOMBRE,MESTIZO/A,CASADO,ECUADOR,NINGUNA,1,0,12,TARDE,OTRAS
ZONA 5,SANTA ELENA,LIBERTAD SALINAS,SANTA ELENA,SALINAS,-2.23493,-80.93223,URBANO,VIA PUBLICA,PUBLICO,DELINCUENCIA COMUN,AMENAZA,40,HOMBRE,MESTIZO/A,SOLTERO,ECUADOR,NINGUNA,1,0,19,NOCHE,ARMA_FUEGO
ZONA 5,GUAYAS,SALITRE,GUAYAS,SALITRE,-1.8767337819882,-79.8602673970163,RURAL,FINCA,PRIVADO,VIOLENCIA COMUNITARIA,RINAS,19,HOMBRE,MESTIZO/A,SOLTERO,ECUADOR,NINGUNA,6,1,9,MANANA,ARMA_CONTUNDENTE
ZONA 4,MANABI,PEDERNALES,MANABI,PEDERNALES,0.10558,-79.80264,RURAL,FINCA,PRIVADO,VIOLENCIA COMUNITARIA,ACTOS DE ODIO,61,HOMBRE,MESTIZO/A,SOLTERO,ECUADOR,NINGUNA,0,0,1,MADRUGADA,ARMA_BLANCA
ZONA 6,AZUAY,CUENCA NORTE,AZUAY,CUENCA,-2.90108,-78.98932,URBANO,PARQUES Y PLAZAS,PUBLICO,VIOLENCIA COMUNITARIA,RINAS,51,HOMBRE,MESTIZO/A,SOLTERO,ECUADOR,NINGUNA,4,0,21,NOCHE,ARMA_BLANCA
ZONA 3,TUNGURAHUA,QUERO,TUNGURAHUA,CEVALLOS,-1.35531,-78.61523,URBANO,CASA/VILLA,PRIVADO,VIOLENCIA SEXUAL,VIOLACION FAMILIAR DIRECTO (PERSONA CONOCIDA),23,MUJER,MESTIZO/A,SOLTERO,ECUADOR,NINGUNA,6,1,0,MADRUGADA,OTRAS
ZONA 4,MANABI,EL CARMEN,MANABI,EL CARMEN,-0.22066,-79.48653,RURAL,CASA/VILLA,PRIVADO,VIOLENCIA COMUNITARIA,RINAS,24,HOMBRE,MESTIZO/A,CASADO,ECUADOR,NINGUNA,1,0,12,TARDE,ARMA_BLANCA
ZONA 2,ORELLANA,ORELLANA LORETO,ORELLANA,LORETO,-0.73918,-77.40547,RURAL,VIA PUBLICA,PUBLICO,VIOLENCIA COMUNITARIA,RINAS,26,HOMBRE,MESTIZO/A,SOLTERO,ECUADOR,NINGUNA,3,0,2,MADRUGADA,OTRAS
ZONA 5,GUAYAS,DAULE,GUAYAS,SANTA LUCIA,-1.78596,-79.94637,URBANO,VIA PUBLICA,PUBLICO,DELINCUENCIA COMUN,AMENAZA,22,HOMBRE,MESTIZO/A,SOLTERO,ECUADOR,NINGUNA,3,0,22,NOCHE,ARMA_BLANCA
ZONA 5,GUAYAS,NARANJAL BALAO,GUAYAS,NARANJAL,-2.68715,-79.60678,URBANO,VIA PUBLICA,PUBLICO,DELINCUENCIA COMUN,AMENAZA,67,HOMBRE,MESTIZO/A,CASADO,ECUADOR,NINGUNA,2,0,7,MANANA,OTRAS
ZONA 7,LOJA,CATAMAYO,LOJA,OLMEDO,-3.90935,-79.6479,RURAL,CASA/VILLA,PRIVADO,VIOLENCIA COMUNITARIA,RINAS,74,HOMBRE,MESTIZO/A,CASADO,ECUADOR,NINGUNA,1,0,6,MANANA,ARMA_BLANCA
ZONA 8,D.M. GUAYAQUIL,NUEVA PROSPERINA,GUAYAS,GUAYAQUIL,-2.1207,-79.94998,URBANO,HOSPITALES,PRIVADO,DELINCUENCIA COMUN,SECUESTRO EXPRESS,89,HOMBRE,MESTIZO/A,CASADO,ECUADOR,NINGUNA,1,0,15,TARDE,OTRAS
ZONA 3,COTOPAXI,LATACUNGA,COTOPAXI,LATACUNGA,-0.94423,-78.58914,RURAL,CEMENTERIOS,PRIVADO,VIOLENCIA INTRAFAMILIAR,MALTRATO,1,HOMBRE,MESTIZO/A,SOLTERO,ECUADOR,NINGUNA,0,0,12,TARDE,ARMA_CONTUNDENTE
ZONA 6,AZUAY,PAUTE,AZUAY,GUACHAPALA,-2.774391,-78.712974,RURAL,CASA/VILLA,PRIVADO,VIOLENCIA INTRAFAMILIAR,MALTRATO,25,MUJER,MESTIZO/A,SOLTERO,ECUADOR,NINGUNA,5,1,5,MADRUGADA,ARMA_CONTUNDENTE
ZONA 5,LOS RIOS,PUEBLO VIEJO,LOS RIOS,URDANETA,-1.57206,-79.41316,RURAL,LAGUNA - LAGO,PUBLICO,DELINCUENCIA COMUN,AMENAZA,24,HOMBRE,MESTIZO/A,SOLTERO,ECUADOR,NINGUNA,6,1,11,MANANA,OTRAS
ZONA 3,CHIMBORAZO,RIOBAMBA,CHIMBORAZO,RIOBAMBA,-1.63262,-78.68416,URBANO,CASA/VILLA,PRIVADO,VIOLENCIA INTRAFAMILIAR,SENTIMENTAL,28,HOMBRE,MESTIZO/A,CASADO,ECUADOR,NINGUNA,0,0,1,MADRUGADA,ARMA_BLANCA
ZONA 8,D.M. GUAYAQUIL,NUEVA PROSPERINA,GUAYAS,GUAYAQUIL,-2.09979,-79.96048,URBANO,VIA PUBLICA,PUBLICO,DELINCUENCIA COMUN,AMENAZA,56,HOMBRE,MESTIZO/A,SOLTERO,ECUADOR,NINGUNA,0,0,18,NOCHE,ARMA_FUEGO
ZONA 4,MANABI,MANTA,MANABI,MANTA,-0.957535,-80.73428099999998,URBANO,CASA/VILLA,PRIVADO,DELINCUENCIA COMUN,AMENAZA,30,HOMBRE,MESTIZO/A,SOLTERO,ECUADOR,NINGUNA,3,0,20,NOCHE,ARMA_FUEGO
ZONA 3,CHIMBORAZO,ALAUSI,CHIMBORAZO,ALAUSI,-2.20726,-78.86375,RURAL,CASA/VILLA,PRIVADO,DELINCUENCIA COMUN,ROBO A DOMICILIOS,75,HOMBRE,MESTIZO/A,SOLTERO,ECUADOR,AUDITIVA,0,0,0,MADRUGADA,ARMA_BLANCA
ZONA 1,IMBABURA,TIERRA DEL SOL,IMBABURA,COTACACHI,0.21839,-78.93146,RURAL,RIO,PUBLICO,DELINCUENCIA COMUN,AMENAZA,30,HOMBRE,OTROS,SOLTERO,ECUADOR,NINGUNA,3,0,0,MADRUGADA,ARMA_BLANCA
ZONA 7,LOJA,MACARA,LOJA,MACARA,-4.38499899999999,-79.940611,RURAL,VIA PUBLICA,PUBLICO,DELINCUENCIA COMUN,ROBO A PERSONAS,71,HOMBRE,MESTIZO/A,CASADO,ECUADOR,NINGUNA,2,0,16,TARDE,ARMA_FUEGO
ZONA 8,D.M. GUAYAQUIL,PORTETE,GUAYAS,GUAYAQUIL,-2.21358899999999,-79.93368499999998,URBANO,VIA PUBLICA,PUBLICO,DELINCUENCIA COMUN,TRAFICO INTERNO DE DROGAS (MICROTRAFICO),41,HOMBRE,MESTIZO/A,SOLTERO,ECUADOR,NINGUNA,4,0,23,NOCHE,ARMA_FUEGO
ZONA 8,D.M. GUAYAQUIL,NUEVA PROSPERINA,GUAYAS,GUAYAQUIL,-2.12734,-80.00135,URBANO,VIA PUBLICA,PRIVADO,DELINCUENCIA COMUN,ROBO A PERSONAS,36,HOMBRE,MESTIZO/A,SOLTERO,ECUADOR,NINGUNA,5,1,4,MADRUGADA,ARMA_BLANCA
ZONA 8,D.M. GUAYAQUIL,PASCUALES,GUAYAS,GUAYAQUIL,-2.05139,-79.94489,URBANO,CENTROS DE REHABILITACION SOCIAL,PRIVADO,DELINCUENCIA COMUN,AMENAZA,28,HOMBRE,MESTIZO/A,SOLTERO,ECUADOR,NINGUNA,1,0,3,MADRUGADA,ARMA_BLANCA
ZONA 4,MANABI,EL CARMEN,MANABI,EL CARMEN,-0.27675,-79.43553,URBANO,VIA PUBLICA,PUBLICO,DELINCUENCIA COMUN,TRAFICO INTERNO DE DROGAS (MICROTRAFICO),24,HOMBRE,MESTIZO/A,SOLTERO,ECUADOR,NINGUNA,3,0,7,MANANA,ARMA_BLANCA
ZONA 1,ESMERALDAS,ESMERALDAS,ESMERALDAS,ESMERALDAS,0.96787,-79.6536,URBANO,VIA PUBLICA,PUBLICO,DELINCUENCIA COMUN,AMENAZA,36,HOMBRE,AFRO,SOLTERO,ECUADOR,NINGUNA,5,1,19,NOCHE,ARMA_FUEGO
ZONA 6,CANAR,LA TRONCAL,CANAR,LA TRONCAL,-2.349383,-79.312049,RURAL,MAR,PUBLICO,DELINCUENCIA COMUN,AMENAZA,42,HOMBRE,MESTIZO/A,SOLTERO,ECUADOR,NINGUNA,4,0,15,TARDE,ARMA_FUEGO
ZONA 1,ESMERALDAS,ATACAMES,ESMERALDAS,ATACAMES,0.8308889999999989,-79.89268699999998,RURAL,TRANSPORTE PUBLICO,PRIVADO,DELINCUENCIA COMUN,AMENAZA,47,HOMBRE,MESTIZO/A,SOLTERO,ECUADOR,NINGUNA,4,0,21,NOCHE,ARMA_FUEGO
ZONA 8,D.M. GUAYAQUIL,DURAN,GUAYAS,DURAN,-2.16101,-79.83202,URBANO,VIA PUBLICA,PUBLICO,DELINCUENCIA COMUN,AMENAZA,45,HOMBRE,MESTIZO/A,SOLTERO,ECUADOR,NINGUNA,5,1,23,NOCHE,ARMA_FUEGO
ZONA 5,GUAYAS,SALITRE,GUAYAS,SALITRE,-1.83965,-79.81158,RURAL,CASA/VILLA,PRIVADO,DELINCUENCIA COMUN,ROBO A DOMICILIOS,71,HOMBRE,MESTIZO/A,SOLTERO,ECUADOR,NINGUNA,3,0,2,MADRUGADA,ARMA_BLANCA
ZONA 9,D.M. QUITO,EUGENIO ESPEJO,PICHINCHA,QUITO,-0.15213,-78.47242,URBANO,CENTROS DE REHABILITACION SOCIAL,PRIVADO,VIOLENCIA COMUNITARIA,RINAS,28,HOMBRE,MESTIZO/A,SOLTERO,ECUADOR,NINGUNA,4,0,9,MANANA,OTRAS
ZONA 8,D.M. GUAYAQUIL,NUEVA PROSPERINA,GUAYAS,GUAYAQUIL,-2.08785,-79.96632,URBANO,CASA/VILLA,PRIVADO,VIOLENCIA COMUNITARIA,EMOCIONAL,24,MUJER,MESTIZO/A,SOLTERO,ECUADOR,NINGUNA,6,1,22,NOCHE,ARMA_FUEGO
ZONA 5,LOS RIOS,BUENA FE,LOS RIOS,BUENA FE,-0.89521,-79.49234,URBANO,CASA/VILLA,PRIVADO,DELINCUENCIA COMUN,AMENAZA,39,HOMBRE,MESTIZO/A,SOLTERO,ECUADOR,NINGUNA,3,0,22,NOCHE,ARMA_FUEGO
ZONA 8,D.M. GUAYAQUIL,SUR - DMG,GUAYAS,GUAYAQUIL,-2.27318,-79.88828,URBANO,VIA PUBLICA,PUBLICO,DELINCUENCIA COMUN,AMENAZA,34,HOMBRE,MESTIZO/A,SOLTERO,ECUADOR,NINGUNA,5,1,20,NOCHE,ARMA_FUEGO
ZONA 8,D.M. GUAYAQUIL,SUR - DMG,GUAYAS,GUAYAQUIL,-2.270817,-79.875185,URBANO,VIA PUBLICA,PUBLICO,DELINCUENCIA COMUN,TRAFICO INTERNO DE DROGAS (MICROTRAFICO),29,HOMBRE,MESTIZO/A,SOLTERO,ECUADOR,NINGUNA,4,0,7,MANANA,ARMA_FUEGO
ZONA 5,GUAYAS,DAULE,GUAYAS,DAULE,-1.86252,-79.97622,URBANO,VIA PUBLICA,PUBLICO,DELINCUENCIA COMUN,TRAFICO INTERNO DE DROGAS (MICROTRAFICO),31,HOMBRE,MESTIZO/A,SOLTERO,ECUADOR,NINGUNA,6,1,2,MADRUGADA,ARMA_FUEGO
ZONA 5,LOS RIOS,VENTANAS,LOS RIOS,VENTANAS,-1.45406,-79.45099,RURAL,VIA PUBLICA,PUBLICO,DELINCUENCIA COMUN,AMENAZA,37,HOMBRE,MESTIZO/A,SOLTERO,ECUADOR,NINGUNA,4,0,0,MADRUGADA,ARMA_BLANCA
ZONA 9,D.M. QUITO,QUITUMBE,PICHINCHA,QUITO,-0.331309,-78.53726899999998,URBANO,VIA PUBLICA,PUBLICO,DELINCUENCIA COMUN,ROBO A PERSONAS,36,HOMBRE,MESTIZO/A,CASADO,ECUADOR,NINGUNA,5,1,7,MANANA,ARMA_CONTUNDENTE
ZONA 9,D.M. QUITO,ELOY ALFARO - DMQ,PICHINCHA,QUITO,-0.26319,-78.53223,URBANO,CASA/VILLA,PRIVADO,VIOLENCIA COMUNITARIA,RINAS,31,HOMBRE,MESTIZO/A,CASADO,ECUADOR,NINGUNA,4,0,3,MADRUGADA,ARMA_BLANCA
ZONA 2,PICHINCHA,RUMINAHUI - MEJIA,PICHINCHA,MEJIA,-0.366879,-78.540964,RURAL,TERRENO BALDIO,PUBLICO,DELINCUENCIA COMUN,ROBO A PERSONAS,45,HOMBRE,MESTIZO/A,CASADO,ECUADOR,NINGUNA,5,1,21,NOCHE,ARMA_CONTUNDENTE
ZONA 1,SUCUMBIOS,SUCUMBIOS,SUCUMBIOS,CASCALES,0.17439,-77.12389,RURAL,CASA/VILLA,PRIVADO,DELINCUENCIA COMUN,AMENAZA,37,HOMBRE,AFRO,CASADO,COLOMBIA,NINGUNA,6,1,22,NOCHE,ARMA_FUEGO
ZONA 2,PICHINCHA,RUMINAHUI - MEJIA,PICHINCHA,RUMINAHUI,-0.29957,-78.45942,URBANO,RESTAURANTE,PRIVADO,DELINCUENCIA COMUN,TRAFICO INTERNO DE DROGAS (MICROTRAFICO),27,HOMBRE,MESTIZO/A,SOLTERO,ECUADOR,NINGUNA,2,0,16,TARDE,ARMA_FUEGO
ZONA 1,ESMERALDAS,ELOY ALFARO - ESM,ESMERALDAS,ELOY ALFARO,1.08812,-78.98959999999998,URBANO,DISCOTECAS,PRIVADO,DELINCUENCIA COMUN,AMENAZA,34,HOMBRE,AFRO,SOLTERO,ECUADOR,NINGUNA,6,1,5,MADRUGADA,ARMA_FUEGO
ZONA 4,MANABI,MANTA,MANABI,JARAMIJO,-1.01971,-80.53935,RURAL,VIA PUBLICA,PUBLICO,DELINCUENCIA COMUN,AMENAZA,32,HOMBRE,MESTIZO/A,SOLTERO,ECUADOR,NINGUNA,0,0,6,MANANA,OTRAS
ZONA 7,EL ORO,PASAJE,EL ORO,PASAJE,-3.30910645404763,-79.8532998561859,RURAL,HACIENDAS,PRIVADO,VIOLENCIA COMUNITARIA,EMOCIONAL,22,HOMBRE,MESTIZO/A,SOLTERO,ECUADOR,NINGUNA,2,0,9,MANANA,ARMA_FUEGO
ZONA 7,EL ORO,SANTA ROSA,EL ORO,SANTA ROSA,-3.44058,-79.94964,URBANO,VIA PUBLICA,PUBLICO,VIOLENCIA COMUNITARIA,RINAS,40,HOMBRE,MESTIZO/A,SOLTERO,ECUADOR,NINGUNA,2,0,11,MANANA,ARMA_CONTUNDENTE
ZONA 4,MANABI,PEDERNALES,MANABI,PEDERNALES,0.142579,-79.977524,URBANO,VIA PUBLICA,PUBLICO,VIOLENCIA COMUNITARIA,RINAS,30,HOMBRE,MESTIZO/A,CASADO,ECUADOR,NINGUNA,5,1,17,TARDE,ARMA_FUEGO
ZONA 7,EL ORO,MACHALA,EL ORO,MACHALA,-3.24521,-79.96955,URBANO,VIA PUBLICA,PUBLICO,DELINCUENCIA COMUN,TRAFICO INTERNO DE DROGAS (MICROTRAFICO),45,HOMBRE,MESTIZO/A,SOLTERO,ECUADOR,NINGUNA,0,0,21,NOCHE,ARMA_BLANCA
ZONA 8,D.M. GUAYAQUIL,SUR - DMG,GUAYAS,GUAYAQUIL,-2.26391,-79.88422,URBANO,CASA/VILLA,PRIVADO,VIOLENCIA INTRAFAMILIAR,MALTRATO,4,MUJER,MESTIZO/A,SOLTERO,ECUADOR,NINGUNA,0,0,10,MANANA,ARMA_BLANCA
ZONA 3,TUNGURAHUA,AMBATO NORTE,TUNGURAHUA,AMBATO,-1.20776,-78.5726,RURAL,CASA/VILLA,PRIVADO,VIOLENCIA INTRAFAMILIAR,MALTRATO,46,MUJER,MESTIZO/A,DIVORCIADO,ECUADOR,NINGUNA,4,0,2,MADRUGADA,ARMA_CONTUNDENTE
ZONA 4,MANABI,EL CARMEN,MANABI,EL CARMEN,-0.6624,-79.57388,RURAL,FINCA,PRIVADO,DELINCUENCIA COMUN,AMENAZA,65,HOMBRE,MESTIZO/A,SOLTERO,ECUADOR,NINGUNA,5,1,6,MANANA,ARMA_BLANCA
ZONA 1,CARCHI,TULCAN,CARCHI,TULCAN,0.93366,-78.19084,RURAL,TERRENO BALDIO,PUBLICO,VIOLENCIA COMUNITARIA,EMOCIONAL,17,HOMBRE,MESTIZO/A,SOLTERO,COLOMBIA,NINGUNA,1,0,2,MADRUGADA,ARMA_CONTUNDENTE
ZONA 9,D.M. QUITO,ELOY ALFARO - DMQ,PICHINCHA,QUITO,-0.27376,-78.52672,URBANO,VIA PUBLICA,PUBLICO,DELINCUENCIA COMUN,AMENAZA,62,HOMBRE,MESTIZO/A,DIVORCIADO,ECUADOR,NINGUNA,0,0,8,MANANA,OTRAS
ZONA 1,CARCHI,TULCAN,CARCHI,TULCAN,0.83125,-77.70915,RURAL,CASA/VILLA,PRIVADO,VIOLENCIA INTRAFAMILIAR,SENTIMENTAL,38,HOMBRE,MESTIZO/A,EN UNION DE HECHO,VENEZUELA,NINGUNA,5,1,7,MANANA,ARMA_BLANCA
ZONA 6,AZUAY,CUENCA SUR,AZUAY,CUENCA,-2.93452,-79.00478,URBANO,CENTROS DE REHABILITACION SOCIAL,PRIVADO,DELINCUENCIA COMUN,AMENAZA,30,HOMBRE,MESTIZO/A,SOLTERO,ECUADOR,NINGUNA,5,1,11,MANANA,ARMA_BLANCA
ZONA 4,MANABI,EL CARMEN,MANABI,EL CARMEN,-0.28723,-79.4656,RURAL,TERRENO BALDIO,PUBLICO,VIOLENCIA COMUNITARIA,ACTOS DE ODIO,33,HOMBRE,MESTIZO/A,SOLTERO,ECUADOR,NINGUNA,4,0,15,TARDE,ARMA_FUEGO
ZONA 3,PASTAZA,PASTAZA,PASTAZA,PASTAZA,-1.493239,-77.98948699999998,URBANO,CASA/VILLA,PRIVADO,DELINCUENCIA COMUN,ROBO DE CARROS,44,HOMBRE,MESTIZO/A,SOLTERO,ECUADOR,NINGUNA,2,0,8,MANANA,ARMA_CONTUNDENTE
ZONA 9,D.M. QUITO,NANEGAL,PICHINCHA,QUITO,0.06545,-78.68248,URBANO,COVACHA/CHOZA,PRIVADO,DELINCUENCIA COMUN,TRAFICO INTERNO DE DROGAS (MICROTRAFICO),32,HOMBRE,MESTIZO/A,SOLTERO,ECUADOR,FISICA,6,1,2,MADRUGADA,ARMA_BLANCA
ZONA 8,D.M. GUAYAQUIL,PASCUALES,GUAYAS,GUAYAQUIL,-2.09195,-79.90586,URBANO,VIA PUBLICA,PUBLICO,DELINCUENCIA COMUN,AMENAZA,34,HOMBRE,MESTIZO/A,SOLTERO,ECUADOR,NINGUNA,5,1,4,MADRUGADA,ARMA_CONTUNDENTE
ZONA 4,MANABI,PORTOVIEJO,MANABI,PORTOVIEJO,-1.01738,-80.38606,URBANO,CENTROS DE REHABILITACION SOCIAL,PRIVADO,DELINCUENCIA COMUN,AMENAZA,42,HOMBRE,MESTIZO/A,CASADO,ECUADOR,NINGUNA,3,0,15,TARDE,OTRAS
ZONA 6,MORONA SANTIAGO,MENDEZ,MORONA SANTIAGO,TIWINTZA,-3.04843,-78.00544,RURAL,CASA/VILLA,PRIVADO,VIOLENCIA COMUNITARIA,EMOCIONAL,33,HOMBRE,INDIGENA,CASADO,ECUADOR,NINGUNA,6,1,9,MANANA,ARMA_BLANCA
ZONA 8,D.M. GUAYAQUIL,DURAN,GUAYAS,DURAN,-2.1857,-79.84007,URBANO,CASA/VILLA,PRIVADO,VIOLENCIA INTRAFAMILIAR,SENTIMENTAL,29,MUJER,MESTIZO/A,CASADO,ECUADOR,AUDITIVA,2,0,12,TARDE,ARMA_BLANCA
ZONA 8,D.M. GUAYAQUIL,NUEVA PROSPERINA,GUAYAS,GUAYAQUIL,-2.13041,-80.01741,URBANO,TERRENO BALDIO,PUBLICO,DELINCUENCIA COMUN,ROBO A PERSONAS,45,HOMBRE,MESTIZO/A,CASADO,ECUADOR,NINGUNA,2,0,22,NOCHE,OTRAS
ZONA 3,PASTAZA,PASTAZA,PASTAZA,PASTAZA,-1.49581,-78.01288,URBANO,VIA PUBLICA,PUBLICO,VIOLENCIA COMUNITARIA,RINAS,42,HOMBRE,INDIGENA,SOLTERO,ECUADOR,NINGUNA,1,0,18,NOCHE,ARMA_CONTUNDENTE
ZONA 8,D.M. GUAYAQUIL,PASCUALES,GUAYAS,GUAYAQUIL,-2.06380499999999,-79.925634,URBANO,VIA PUBLICA,PUBLICO,DELINCUENCIA COMUN,AMENAZA,29,HOMBRE,AFRO,SOLTERO,ECUADOR,NINGUNA,0,0,5,MADRUGADA,ARMA_FUEGO
ZONA 9,D.M. QUITO,EUGENIO ESPEJO,PICHINCHA,QUITO,-0.15317,-78.46024,URBANO,BODEGAS,PRIVADO,DELINCUENCIA COMUN,AMENAZA,31,HOMBRE,MESTIZO/A,SOLTERO,ECUADOR,NINGUNA,4,0,21,NOCHE,OTRAS
ZONA 5,GALAPAGOS,GALAPAGOS,GALAPAGOS,SANTA CRUZ,-0.6393592,-90.3371889,RURAL,FINCA,PRIVADO,DELINCUENCIA COMUN,ROBO A PERSONAS,32,HOMBRE,MESTIZO/A,CASADO,ECUADOR,NINGUNA,2,0,18,NOCHE,ARMA_CONTUNDENTE
ZONA 9,D.M. QUITO,MANUELA SAENZ,PICHINCHA,QUITO,-0.20598,-78.49978,URBANO,CASA/VILLA,PRIVADO,DELINCUENCIA COMUN,AMENAZA,53,HOMBRE,MESTIZO/A,CASADO,ECUADOR,NINGUNA,3,0,19,NOCHE,ARMA_CONTUNDENTE
ZONA 8,D.M. GUAYAQUIL,PASCUALES,GUAYAS,GUAYAQUIL,-2.05309,-79.9436,URBANO,CENTROS DE REHABILITACION SOCIAL,PRIVADO,DELINCUENCIA COMUN,AMENAZA,48,HOMBRE,MESTIZO/A,SOLTERO,ECUADOR,NINGUNA,5,1,8,MANANA,OTRAS
ZONA 5,GUAYAS,MILAGRO,GUAYAS,MILAGRO,-2.13149899999999,-79.592591,URBANO,VIA PUBLICA,PUBLICO,DELINCUENCIA COMUN,ROBO A PERSONAS,21,HOMBRE,MESTIZO/A,SOLTERO,ECUADOR,NINGUNA,6,1,4,MADRUGADA,ARMA_FUEGO
ZONA 8,D.M. GUAYAQUIL,PASCUALES,GUAYAS,GUAYAQUIL,-2.09427,-79.92543,URBANO,VIA PUBLICA,PUBLICO,VIOLENCIA COMUNITARIA,RINAS,19,HOMBRE,MESTIZO/A,SOLTERO,ECUADOR,NINGUNA,2,0,13,TARDE,ARMA_FUEGO
ZONA 5,GUAYAS,NARANJITO MARCELINO MARIDUENA,GUAYAS,NARANJITO,-2.14676,-79.44581,RURAL,HACIENDAS,PRIVADO,DELINCUENCIA COMUN,AMENAZA,26,HOMBRE,MESTIZO/A,SOLTERO,ECUADOR,NINGUNA,0,0,8,MANANA,ARMA_BLANCA
ZONA 4,MANABI,EL CARMEN,MANABI,EL CARMEN,-0.27622,-79.43389,RURAL,VIA PUBLICA,PUBLICO,DELINCUENCIA COMUN,TRAFICO INTERNO DE DROGAS (MICROTRAFICO),22,HOMBRE,MESTIZO/A,SOLTERO,ECUADOR,NINGUNA,2,0,9,MANANA,ARMA_BLANCA
ZONA 9,D.M. QUITO,CALDERON,PICHINCHA,QUITO,-0.08172,-78.41136,URBANO,VIA PUBLICA,PUBLICO,VIOLENCIA INTRAFAMILIAR,SENTIMENTAL,31,MUJER,MESTIZO/A,SOLTERO,VENEZUELA,NINGUNA,6,1,19,NOCHE,ARMA_BLANCA
ZONA 6,AZUAY,CUENCA NORTE,AZUAY,CUENCA,-2.88778,-78.96309,URBANO,CASA/VILLA,PRIVADO,VIOLENCIA INTRAFAMILIAR,MALTRATO,3,HOMBRE,MESTIZO/A,SOLTERO,ECUADOR,NINGUNA,0,0,19,NOCHE,OTRAS
ZONA 8,D.M. GUAYAQUIL,NUEVA PROSPERINA,GUAYAS,GUAYAQUIL,-2.10673,-79.96891,URBANO,VIA PUBLICA,PUBLICO,DELINCUENCIA COMUN,AMENAZA,44,HOMBRE,OTROS,SOLTERO,ECUADOR,NINGUNA,1,0,17,TARDE,ARMA_BLANCA
ZONA 7,EL ORO,HUAQUILLAS,EL ORO,ARENILLAS,-3.59926,-80.18336999999998,RURAL,TERRENO BALDIO,PUBLICO,DELINCUENCIA COMUN,ROBO DE CARROS,42,HOMBRE,MESTIZO/A,DIVORCIADO,ECUADOR,NINGUNA,5,1,15,TARDE,ARMA_CONTUNDENTE
ZONA 9,D.M. QUITO,QUITUMBE,PICHINCHA,QUITO,-0.30524,-78.53326,URBANO,CASA/VILLA,PRIVADO,VIOLENCIA INTRAFAMILIAR,MALTRATO,18,MUJER,MESTIZO/A,SOLTERO,ECUADOR,NINGUNA,0,0,2,MADRUGADA,ARMA_CONTUNDENTE
ZONA 4,MANABI,MANTA,MANABI,MANTA,-0.9958,-80.74165,URBANO,CASA/VILLA,PRIVADO,DELINCUENCIA COMUN,TRAFICO INTERNO DE DROGAS (MICROTRAFICO),36,HOMBRE,MESTIZO/A,SOLTERO,ECUADOR,NINGUNA,2,0,2,MADRUGADA,ARMA_FUEGO
ZONA 8,D.M. GUAYAQUIL,SUR - DMG,GUAYAS,GUAYAQUIL,-2.2478527907422,-79.8906630277634,URBANO,VIA PUBLICA,PUBLICO,VIOLENCIA COMUNITARIA,ACTOS DE ODIO,21,HOMBRE,MESTIZO/A,SOLTERO,ECUADOR,NINGUNA,3,0,13,TARDE,ARMA_FUEGO
ZONA 5,SANTA ELENA,LIBERTAD SALINAS,SANTA ELENA,LA LIBERTAD,-2.23401638671363,-80.8977777960536,URBANO,VIA PUBLICA,PUBLICO,DELINCUENCIA COMUN,AMENAZA,28,HOMBRE,MESTIZO/A,SOLTERO,ECUADOR,NINGUNA,3,0,13,TARDE,ARMA_FUEGO
ZONA 9,D.M. QUITO,LOS CHILLOS,PICHINCHA,QUITO,-0.34739,-78.48268,RURAL,VIA PUBLICA,PUBLICO,VIOLENCIA COMUNITARIA,RINAS,45,HOMBRE,MESTIZO/A,CASADO,ECUADOR,NINGUNA,6,1,21,NOCHE,ARMA_CONTUNDENTE
ZONA 8,D.M. GUAYAQUIL,NUEVA PROSPERINA,GUAYAS,GUAYAQUIL,-2.12614,-80.00158,URBANO,HOSPITALES,PRIVADO,DELINCUENCIA COMUN,AMENAZA,43,HOMBRE,MESTIZO/A,SOLTERO,ECUADOR,NINGUNA,2,0,12,TARDE,ARMA_CONTUNDENTE
ZONA 5,GUAYAS,DAULE,GUAYAS,NOBOL,-1.94898986816406,-80.0143127441406,RURAL,FINCA,PRIVADO,VIOLENCIA COMUNITARIA,EMOCIONAL,28,HOMBRE,MESTIZO/A,SOLTERO,ECUADOR,NINGUNA,4,0,10,MANANA,ARMA_FUEGO
ZONA 4,MANABI,BOLIVAR JUNIN,MANABI,BOLIVAR,-0.86718,-80.1145,RURAL,CASA/VILLA,PRIVADO,VIOLENCIA COMUNITARIA,RINAS,37,HOMBRE,MESTIZO/A,SOLTERO,ECUADOR,NINGUNA,6,1,7,MANANA,ARMA_FUEGO
ZONA 1,ESMERALDAS,ESMERALDAS,ESMERALDAS,ESMERALDAS,0.914497883492624,-79.69161629676819,URBANO,HOSPITALES,PRIVADO,DELINCUENCIA COMUN,VIOLACION SEXUAL (DESCONOCIDO),53,HOMBRE,MESTIZO/A,SOLTERO,ECUADOR,NINGUNA,4,0,9,MANANA,ARMA_CONTUNDENTE
ZONA 2,ORELLANA,LA JOYA DE LOS SACHAS,ORELLANA,LA JOYA DE LOS SACHAS,-0.28224,-76.86176,URBANO,CASA/VILLA,PRIVADO,VIOLENCIA COMUNITARIA,RINAS,15,HOMBRE,MESTIZO/A,SOLTERO,ECUADOR,NINGUNA,6,1,3,MADRUGADA,ARMA_BLANCA
ZONA 3,COTOPAXI,PANGUA,COTOPAXI,PANGUA,-1.18437,-79.01171,RURAL,FINCA,PRIVADO,DELINCUENCIA COMUN,AMENAZA,34,MUJER,MESTIZO/A,CASADO,ECUADOR,NINGUNA,3,0,8,MANANA,OTRAS
ZONA 7,EL ORO,MACHALA,EL ORO,MACHALA,-3.2641,-79.96379,URBANO,CENTROS DE REHABILITACION SOCIAL,PRIVADO,DELINCUENCIA COMUN,AMENAZA,28,HOMBRE,MESTIZO/A,SOLTERO,ECUADOR,NINGUNA,6,1,18,NOCHE,OTRAS
ZONA 7,LOJA,MACARA,LOJA,MACARA,-4.38612,-79.79092,RURAL,CASA/VILLA,PRIVADO,DELINCUENCIA COMUN,ROBO A PERSONAS,67,HOMBRE,MESTIZO/A,CASADO,ECUADOR,NINGUNA,0,0,9,MANANA,OTRAS
ZONA 8,D.M. GUAYAQUIL,PORTETE,GUAYAS,GUAYAQUIL,-2.21579,-79.92944,URBANO,VIA PUBLICA,PUBLICO,DELINCUENCIA COMUN,AMENAZA,37,HOMBRE,MESTIZO/A,SOLTERO,ECUADOR,NINGUNA,3,0,21,NOCHE,OTRAS
ZONA 5,GUAYAS,SALITRE,GUAYAS,SALITRE,-1.834813,-79.829605,RURAL,VIA PUBLICA,PUBLICO,DELINCUENCIA COMUN,ROBO DE MOTOS,19,HOMBRE,MESTIZO/A,SOLTERO,ECUADOR,NINGUNA,0,0,10,MANANA,ARMA_CONTUNDENTE
ZONA 5,GUAYAS,DAULE,GUAYAS,DAULE,-2.02655,-79.92296,URBANO,CASA/VILLA,PRIVADO,VIOLENCIA COMUNITARIA,DEUDAS,33,HOMBRE,AFRO,SOLTERO,ECUADOR,NINGUNA,2,0,19,NOCHE,ARMA_FUEGO
ZONA 5,LOS RIOS,BUENA FE,LOS RIOS,BUENA FE,-0.54852,-79.39826,RURAL,HACIENDAS,PRIVADO,DELINCUENCIA COMUN,AMENAZA,41,HOMBRE,AFRO,SOLTERO,ECUADOR,NINGUNA,6,1,22,NOCHE,ARMA_BLANCA
ZONA 1,ESMERALDAS,ESMERALDAS,ESMERALDAS,ESMERALDAS,0.8970949999999989,-79.70809,URBANO,RESTAURANTE,PRIVADO,VIOLENCIA INTRAFAMILIAR,SENTIMENTAL,43,HOMBRE,MESTIZO/A,DIVORCIADO,ECUADOR,NINGUNA,6,1,4,MADRUGADA,ARMA_CONTUNDENTE
ZONA 5,GUAYAS,PEDRO CARBO,GUAYAS,PEDRO CARBO,-1.84543867699634,-80.2208343745588,RURAL,PARQUES Y PLAZAS,PUBLICO,DELINCUENCIA COMUN,ROBO A PERSONAS,51,HOMBRE,MESTIZO/A,SOLTERO,ECUADOR,NINGUNA,5,1,8,MANANA,ARMA_CONTUNDENTE
ZONA 7,EL ORO,MACHALA,EL ORO,MACHALA,-3.26412,-79.96377,URBANO,CENTROS DE REHABILITACION SOCIAL,PRIVADO,DELINCUENCIA COMUN,AMENAZA,26,HOMBRE,MESTIZO/A,SOLTERO,ECUADOR,NINGUNA,6,1,16,TARDE,OTRAS
ZONA 5,LOS RIOS,VENTANAS,LOS RIOS,VENTANAS,-1.34601,-79.52024,RURAL,HACIENDAS,PRIVADO,VIOLENCIA INTRAFAMILIAR,SENTIMENTAL,41,MUJER,MESTIZO/A,SOLTERO,ECUADOR,FISICA,1,0,9,MANANA,OTRAS
ZONA 7,ZAMORA CHINCHIPE,PAQUISHA,ZAMORA CHINCHIPE,NANGARITZA,-4.04542,-78.63378,RURAL,CASA/VILLA,PRIVADO,DELINCUENCIA COMUN,TRAFICO INTERNO DE DROGAS (MICROTRAFICO),49,HOMBRE,MESTIZO/A,SOLTERO,ECUADOR,NINGUNA,2,0,21,NOCHE,ARMA_FUEGO
ZONA 5,GUAYAS,NARANJAL BALAO,GUAYAS,NARANJAL,-2.54736,-79.54602,RURAL,VIA PUBLICA,PUBLICO,DELINCUENCIA COMUN,AMENAZA,42,HOMBRE,MESTIZO/A,SOLTERO,ECUADOR,NINGUNA,2,0,18,NOCHE,ARMA_FUEGO
ZONA 5,GUAYAS,MILAGRO,GUAYAS,MILAGRO,-2.11938,-79.55391,RURAL,VIA PUBLICA,PUBLICO,DELINCUENCIA COMUN,AMENAZA,34,HOMBRE,MESTIZO/A,SOLTERO,ECUADOR,NINGUNA,6,1,7,MANANA,ARMA_BLANCA
ZONA 8,D.M. GUAYAQUIL,9 DE OCTUBRE,GUAYAS,GUAYAQUIL,-2.19339,-79.90332,URBANO,VIA PUBLICA,PUBLICO,DELINCUENCIA COMUN,AMENAZA,29,HOMBRE,MESTIZO/A,SOLTERO,ECUADOR,NINGUNA,0,0,21,NOCHE,ARMA_FUEGO
ZONA 8,D.M. GUAYAQUIL,NUEVA PROSPERINA,GUAYAS,GUAYAQUIL,-2.09721424934059,-79.9825222494837,URBANO,VIA PUBLICA,PUBLICO,VIOLENCIA COMUNITARIA,RINAS,73,HOMBRE,MESTIZO/A,SOLTERO,ECUADOR,NINGUNA,5,1,1,MADRUGADA,ARMA_CONTUNDENTE
ZONA 1,ESMERALDAS,ESMERALDAS,ESMERALDAS,ESMERALDAS,0.89841,-79.63017,URBANO,CANCHAS DE USO MULTIPLE,PUBLICO,DELINCUENCIA COMUN,AMENAZA,39,HOMBRE,MESTIZO/A,SOLTERO,ECUADOR,NINGUNA,0,0,0,MADRUGADA,ARMA_BLANCA
ZONA 8,D.M. GUAYAQUIL,PROGRESO,GUAYAS,GUAYAQUIL,-2.23566,-80.05821,RURAL,VIA PUBLICA,PUBLICO,DELINCUENCIA COMUN,AMENAZA,47,HOMBRE,MESTIZO/A,SOLTERO,ECUADOR,NINGUNA,4,0,7,MANANA,ARMA_BLANCA
ZONA 8,D.M. GUAYAQUIL,ESTEROS,GUAYAS,GUAYAQUIL,-2.24509,-79.92532,URBANO,VIA PUBLICA,PUBLICO,DELINCUENCIA COMUN,TRAFICO INTERNO DE DROGAS (MICROTRAFICO),29,HOMBRE,MULATO/A,SOLTERO,ECUADOR,NINGUNA,6,1,21,NOCHE,ARMA_FUEGO
ZONA 9,D.M. QUITO,MANUELA SAENZ,PICHINCHA,QUITO,-0.21511,-78.49756,URBANO,CASA/VILLA,PRIVADO,VIOLENCIA COMUNITARIA,RINAS,30,MUJER,MESTIZO/A,SOLTERO,ECUADOR,NINGUNA,6,1,2,MADRUGADA,ARMA_CONTUNDENTE
ZONA 3,COTOPAXI,LATACUNGA,COTOPAXI,LATACUNGA,-0.923977,-78.593744,RURAL,VIA PUBLICA,PUBLICO,VIOLENCIA COMUNITARIA,RINAS,21,HOMBRE,MESTIZO/A,SOLTERO,ECUADOR,NINGUNA,2,0,7,MANANA,ARMA_CONTUNDENTE
ZONA 2,ORELLANA,ORELLANA LORETO,ORELLANA,FRANCISCO DE ORELLANA,-0.44036,-77.00504,URBANO,VIA PUBLICA,PUBLICO,DELINCUENCIA COMUN,AMENAZA,27,HOMBRE,MESTIZO/A,SOLTERO,ECUADOR,NINGUNA,6,1,23,NOCHE,OTRAS
ZONA 8,D.M. GUAYAQUIL,NUEVA PROSPERINA,GUAYAS,GUAYAQUIL,-2.1209,-79.98589,URBANO,VIA PUBLICA,PUBLICO,VIOLENCIA COMUNITARIA,LINCHAMIENTO,26,HOMBRE,MESTIZO/A,SOLTERO,ECUADOR,NINGUNA,2,0,6,MANANA,ARMA_CONTUNDENTE
ZONA 8,D.M. GUAYAQUIL,ESTEROS,GUAYAS,GUAYAQUIL,-2.2399938,-79.9099619,URBANO,VIA PUBLICA,PUBLICO,DELINCUENCIA COMUN,AMENAZA,32,HOMBRE,MESTIZO/A,CASADO,ECUADOR,NINGUNA,4,0,22,NOCHE,ARMA_FUEGO
ZONA 5,LOS RIOS,BABAHOYO,LOS RIOS,BABAHOYO,-1.8069139999999897,-79.531068,URBANO,VIA PUBLICA,PUBLICO,DELINCUENCIA COMUN,AMENAZA,23,HOMBRE,MESTIZO/A,SOLTERO,ECUADOR,NINGUNA,1,0,23,NOCHE,ARMA_FUEGO
ZONA 4,MANABI,PORTOVIEJO,MANABI,PORTOVIEJO,-1.01677,-80.38682,URBANO,CENTROS DE REHABILITACION SOCIAL,PRIVADO,DELINCUENCIA COMUN,AMENAZA,32,HOMBRE,MESTIZO/A,SOLTERO,ECUADOR,NINGUNA,5,1,14,TARDE,OTRAS
ZONA 6,MORONA SANTIAGO,SUR - MORONA,MORONA SANTIAGO,GUALAQUIZA,-3.4977,-78.4194,RURAL,FINCA,PRIVADO,VIOLENCIA COMUNITARIA,RINAS,22,HOMBRE,MESTIZO/A,SOLTERO,ECUADOR,NINGUNA,0,0,16,TARDE,ARMA_BLANCA
ZONA 5,GUAYAS,MILAGRO,GUAYAS,MILAGRO,-2.04916,-79.51201,RURAL,VIA PUBLICA,PUBLICO,DELINCUENCIA COMUN,AMENAZA,35,HOMBRE,MESTIZO/A,CASADO,COLOMBIA,NINGUNA,0,0,7,MANANA,ARMA_BLANCA
ZONA 8,D.M. GUAYAQUIL,PASCUALES,GUAYAS,GUAYAQUIL,-2.0515,-79.94288,URBANO,CENTROS DE REHABILITACION SOCIAL,PRIVADO,DELINCUENCIA COMUN,AMENAZA,28,HOMBRE,MESTIZO/A,SOLTERO,ECUADOR,NINGUNA,5,1,3,MADRUGADA,OTRAS
ZONA 8,D.M. GUAYAQUIL,PORTETE,GUAYAS,GUAYAQUIL,-2.21877,-79.938,URBANO,VIA PUBLICA,PUBLICO,DELINCUENCIA COMUN,TRAFICO INTERNO DE DROGAS (MICROTRAFICO),31,HOMBRE,MESTIZO/A,CASADO,ECUADOR,NINGUNA,4,0,23,NOCHE,ARMA_FUEGO
ZONA 7,EL ORO,HUAQUILLAS,EL ORO,HUAQUILLAS,-3.48019,-80.22524,URBANO,CASA/VILLA,PRIVADO,VIOLENCIA INTRAFAMILIAR,SENTIMENTAL,78,HOMBRE,MESTIZO/A,SOLTERO,ECUADOR,NINGUNA,2,0,15,TARDE,ARMA_BLANCA
ZONA 3,CHIMBORAZO,RIOBAMBA,CHIMBORAZO,RIOBAMBA,-1.64796,-78.65029,URBANO,VIA PUBLICA,PUBLICO,VIOLENCIA COMUNITARIA,RINAS,31,HOMBRE,MESTIZO/A,SOLTERO,ECUADOR,NINGUNA,5,1,6,MANANA,ARMA_BLANCA
ZONA 6,AZUAY,CUENCA SUR,AZUAY,CUENCA,-2.75352,-79.40797,URBANO,VIA PUBLICA,PUBLICO,DELINCUENCIA COMUN,ROBO EN EJES VIALES O CARRETERAS,53,HOMBRE,MESTIZO/A,CASADO,ECUADOR,NINGUNA,2,0,11,MANANA,OTRAS
ZONA 2,PICHINCHA,CAYAMBE,PICHINCHA,CAYAMBE,-0.11361,-78.13072,RURAL,BOSQUE Y RESERVAS ECOLOGICAS,PUBLICO,DELINCUENCIA COMUN,TRAFICO INTERNO DE DROGAS (MICROTRAFICO),30,HOMBRE,MESTIZO/A,SOLTERO,ECUADOR,NINGUNA,6,1,2,MADRUGADA,ARMA_BLANCA
ZONA 5,GUAYAS,NARANJAL BALAO,GUAYAS,BALAO,-2.92237,-79.76777,RURAL,HACIENDAS,PRIVADO,VIOLENCIA COMUNITARIA,RINAS,48,HOMBRE,MESTIZO/A,EN UNION DE HECHO,ECUADOR,NINGUNA,5,1,4,MADRUGADA,ARMA_CONTUNDENTE
ZONA 8,D.M. GUAYAQUIL,MODELO,GUAYAS,GUAYAQUIL,-2.12700795423109,-79.8903827369213,URBANO,VIA PUBLICA,PUBLICO,DELINCUENCIA COMUN,TRAFICO INTERNO DE DROGAS (MICROTRAFICO),18,HOMBRE,MESTIZO/A,SOLTERO,ECUADOR,NINGUNA,6,1,21,NOCHE,ARMA_FUEGO
ZONA 9,D.M. QUITO,CALDERON,PICHINCHA,QUITO,-0.11166,-78.4296,URBANO,CASA/VILLA,PRIVADO,DELINCUENCIA COMUN,AMENAZA,78,HOMBRE,MESTIZO/A,SOLTERO,ECUADOR,NINGUNA,2,0,16,TARDE,ARMA_CONTUNDENTE
ZONA 8,D.M. GUAYAQUIL,SUR - DMG,GUAYAS,GUAYAQUIL,-2.23232770024698,-79.8948898316303,URBANO,VIA PUBLICA,PUBLICO,DELINCUENCIA COMUN,ROBO A PERSONAS,26,HOMBRE,MESTIZO/A,SOLTERO,ECUADOR,NINGUNA,0,0,12,TARDE,ARMA_FUEGO
ZONA 7,LOJA,LOJA,LOJA,LOJA,-3.7942127,-79.2822065,RURAL,CASA/VILLA,PRIVADO,VIOLENCIA COMUNITARIA,RINAS,27,HOMBRE,MULATO/A,SOLTERO,ECUADOR,NINGUNA,1,0,2,MADRUGADA,ARMA_FUEGO
ZONA 1,SUCUMBIOS,SHUSHUFINDI,SUCUMBIOS,SHUSHUFINDI,-0.21744,-76.67463,URBANO,BOSQUE Y RESERVAS ECOLOGICAS,PUBLICO,DELINCUENCIA COMUN,TRAFICO INTERNO DE DROGAS (MICROTRAFICO),19,MUJER,MESTIZO/A,SOLTERO,ECUADOR,NINGUNA,4,0,22,NOCHE,ARMA_BLANCA
ZONA 7,EL ORO,MACHALA,EL ORO,MACHALA,-3.26394,-79.96377,URBANO,CENTROS DE REHABILITACION SOCIAL,PRIVADO,DELINCUENCIA COMUN,AMENAZA,35,HOMBRE,MESTIZO/A,SOLTERO,ECUADOR,NINGUNA,6,1,14,TARDE,OTRAS
ZONA 5,LOS RIOS,BUENA FE,LOS RIOS,VALENCIA,-0.95403,-79.34844,URBANO,CASA/VILLA,PRIVADO,DELINCUENCIA COMUN,AMENAZA,33,HOMBRE,AFRO,SOLTERO,ECUADOR,NINGUNA,5,1,23,NOCHE,ARMA_FUEGO
ZONA 8,D.M. GUAYAQUIL,DURAN,GUAYAS,DURAN,-2.1726806247104,-79.8482827842236,RURAL,VIA PUBLICA,PUBLICO,VIOLENCIA COMUNITARIA,RINAS,23,HOMBRE,MESTIZO/A,SOLTERO,ECUADOR,NINGUNA,2,0,11,MANANA,ARMA_CONTUNDENTE
ZONA 8,D.M. GUAYAQUIL,SAMBORONDON,GUAYAS,SAMBORONDON,-1.95572,-79.72802,URBANO,CASA/VILLA,PRIVADO,VIOLENCIA INTRAFAMILIAR,SENTIMENTAL,43,MUJER,MESTIZO/A,CASADO,ECUADOR,NINGUNA,0,0,5,MADRUGADA,OTRAS
ZONA 9,D.M. QUITO,QUITUMBE,PICHINCHA,QUITO,-0.3002387,-78.56230399999998,URBANO,VIA PUBLICA,PUBLICO,VIOLENCIA COMUNITARIA,EMOCIONAL,30,HOMBRE,AFRO,SOLTERO,ECUADOR,NINGUNA,5,1,23,NOCHE,ARMA_FUEGO
ZONA 8,D.M. GUAYAQUIL,ESTEROS,GUAYAS,GUAYAQUIL,-2.23202,-79.91002,URBANO,VIA PUBLICA,PUBLICO,DELINCUENCIA COMUN,AMENAZA,20,MUJER,MULATO/A,SOLTERO,ECUADOR,NINGUNA,5,1,0,MADRUGADA,ARMA_BLANCA
ZONA 5,LOS RIOS,BABAHOYO,LOS RIOS,BABAHOYO,-1.91575,-79.44516,RURAL,FINCA,PRIVADO,DELINCUENCIA COMUN,ROBO A DOMICILIOS,26,HOMBRE,MESTIZO/A,SOLTERO,ECUADOR,NINGUNA,3,0,19,NOCHE,ARMA_FUEGO
ZONA 1,ESMERALDAS,QUININDE,ESMERALDAS,QUININDE,0.26763,-79.37318,RURAL,FINCA,PRIVADO,DELINCUENCIA COMUN,AMENAZA,24,HOMBRE,MESTIZO/A,SOLTERO,ECUADOR,NINGUNA,4,0,15,TARDE,OTRAS
ZONA 7,LOJA,LOJA,LOJA,LOJA,-3.96978,-79.2106,URBANO,CASA/VILLA,PRIVADO,VIOLENCIA INTRAFAMILIAR,SENTIMENTAL,37,HOMBRE,MESTIZO/A,SOLTERO,ECUADOR,NINGUNA,3,0,1,MADRUGADA,ARMA_BLANCA
ZONA 8,D.M. GUAYAQUIL,FLORIDA,GUAYAS,GUAYAQUIL,-2.18927,-79.94649,URBANO,HOSPITALES,PRIVADO,DELINCUENCIA COMUN,AMENAZA,32,HOMBRE,MESTIZO/A,SOLTERO,ECUADOR,NINGUNA,2,0,17,TARDE,ARMA_BLANCA
ZONA 5,GUAYAS,DAULE,GUAYAS,DAULE,-1.84978,-79.99584,RURAL,VIA PUBLICA,PUBLICO,DELINCUENCIA COMUN,AMENAZA,33,HOMBRE,MESTIZO/A,SOLTERO,ECUADOR,NINGUNA,6,1,6,MANANA,ARMA_BLANCA
ZONA 7,EL ORO,HUAQUILLAS,EL ORO,ARENILLAS,-3.53749,-80.06724,RURAL,CASA/VILLA,PRIVADO,VIOLENCIA INTRAFAMILIAR,SENTIMENTAL,34,HOMBRE,MESTIZO/A,SOLTERO,ECUADOR,NINGUNA,1,0,9,MANANA,ARMA_CONTUNDENTE
ZONA 6,CANAR,LA TRONCAL,CANAR,LA TRONCAL,-2.48592,-79.46187,RURAL,VIA PUBLICA,PUBLICO,DELINCUENCIA COMUN,TRAFICO INTERNO DE DROGAS (MICROTRAFICO),29,HOMBRE,MESTIZO/A,SOLTERO,ECUADOR,NINGUNA,4,0,2,MADRUGADA,OTRAS
ZONA 3,COTOPAXI,LATACUNGA,COTOPAXI,LATACUNGA,-0.87153,-78.63105,RURAL,CENTROS DE REHABILITACION SOCIAL,PRIVADO,DELINCUENCIA COMUN,AMENAZA,35,HOMBRE,AFRO,SOLTERO,ECUADOR,NINGUNA,2,0,16,TARDE,OTRAS
ZONA 1,ESMERALDAS,QUININDE,ESMERALDAS,QUININDE,0.54142,-79.26714,RURAL,CASA/VILLA,PRIVADO,VIOLENCIA COMUNITARIA,EMOCIONAL,52,HOMBRE,MESTIZO/A,SOLTERO,ECUADOR,NINGUNA,3,0,20,NOCHE,ARMA_BLANCA
ZONA 5,LOS RIOS,QUEVEDO,LOS RIOS,MOCACHE,-1.12439,-79.47101,RURAL,RIO,PUBLICO,DELINCUENCIA COMUN,AMENAZA,32,HOMBRE,MESTIZO/A,SOLTERO,ECUADOR,NINGUNA,0,0,18,NOCHE,OTRAS
ZONA 7,LOJA,LOJA,LOJA,LOJA,-4.00449,-79.19315,URBANO,CENTROS DE REHABILITACION SOCIAL,PRIVADO,DELINCUENCIA COMUN,AMENAZA,36,HOMBRE,MESTIZO/A,SOLTERO,ECUADOR,NINGUNA,0,0,5,MADRUGADA,OTRAS
ZONA 5,LOS RIOS,BABAHOYO,LOS RIOS,BABAHOYO,-1.87268,-79.4918,RURAL,VIA PUBLICA,PUBLICO,DELINCUENCIA COMUN,AMENAZA,28,HOMBRE,MESTIZO/A,SOLTERO,ECUADOR,NINGUNA,4,0,9,MANANA,ARMA_CONTUNDENTE
ZONA 3,TUNGURAHUA,PATATE,TUNGURAHUA,SAN PEDRO DE PELILEO,-1.34616099999999,-78.587328,RURAL,CASA/VILLA,PRIVADO,VIOLENCIA INTRAFAMILIAR,MALTRATO,68,MUJER,MESTIZO/A,CASADO,ECUADOR,NINGUNA,5,1,19,NOCHE,ARMA_CONTUNDENTE
ZONA 2,ORELLANA,ORELLANA LORETO,ORELLANA,FRANCISCO DE ORELLANA,-0.94802,-76.91572,RURAL,"TIENDAS, MICROMERCADO, ABARROTES",PRIVADO,DELINCUENCIA COMUN,ROBO A DOMICILIOS,26,MUJER,MESTIZO/A,SOLTERO,ECUADOR,NINGUNA,0,0,15,TARDE,ARMA_CONTUNDENTE
ZONA 5,BOLIVAR,SAN MIGUEL,BOLIVAR,SAN MIGUEL,-1.72662058577065,-79.0363183000591,RURAL,VIA PUBLICA,PUBLICO,DELINCUENCIA COMUN,ROBO A DOMICILIOS,54,HOMBRE,MESTIZO/A,CASADO,ECUADOR,NINGUNA,6,1,20,NOCHE,ARMA_FUEGO
ZONA 7,EL ORO,HUAQUILLAS,EL ORO,HUAQUILLAS,-3.481312,-80.242788,URBANO,VIA PUBLICA,PUBLICO,DELINCUENCIA COMUN,ROBO A PERSONAS,58,HOMBRE,MESTIZO/A,DIVORCIADO,ECUADOR,NINGUNA,1,0,7,MANANA,ARMA_FUEGO
ZONA 3,TUNGURAHUA,AMBATO SUR,TUNGURAHUA,AMBATO,-1.24296,-78.62217,URBANO,CASA/VILLA,PRIVADO,VIOLENCIA COMUNITARIA,RINAS,65,HOMBRE,MESTIZO/A,SOLTERO,ECUADOR,VISUAL,6,1,16,TARDE,ARMA_CONTUNDENTE
ZONA 5,GUAYAS,NARANJAL BALAO,GUAYAS,NARANJAL,-2.59371,-79.60507,URBANO,VIA PUBLICA,PUBLICO,DELINCUENCIA COMUN,AMENAZA,34,HOMBRE,MESTIZO/A,SOLTERO,ECUADOR,NINGUNA,6,1,5,MADRUGADA,ARMA_BLANCA
ZONA 5,SANTA ELENA,SANTA ELENA,SANTA ELENA,SANTA ELENA,-2.1874568999999906,-80.3583813,URBANO,CASA/VILLA,PRIVADO,VIOLENCIA COMUNITARIA,ACTOS DE ODIO,24,HOMBRE,BLANCO/A,SOLTERO,ECUADOR,NINGUNA,1,0,2,MADRUGADA,ARMA_FUEGO
ZONA 1,IMBABURA,TIERRA DEL SOL,IMBABURA,COTACACHI,0.3128,-78.24632,RURAL,HACIENDAS,PRIVADO,VIOLENCIA INTRAFAMILIAR,SENTIMENTAL,33,HOMBRE,MESTIZO/A,SOLTERO,ECUADOR,NINGUNA,6,1,4,MADRUGADA,ARMA_CONTUNDENTE
ZONA 8,D.M. GUAYAQUIL,SUR - DMG,GUAYAS,GUAYAQUIL,-2.26261309999999,-79.88858829999998,URBANO,CASA/VILLA,PRIVADO,DELINCUENCIA COMUN,AMENAZA,24,HOMBRE,MESTIZO/A,SOLTERO,ECUADOR,NINGUNA,2,0,23,NOCHE,ARMA_FUEGO
ZONA 7,EL ORO,PASAJE,EL ORO,PASAJE,-3.32615,-79.81107,URBANO,VIA PUBLICA,PUBLICO,DELINCUENCIA COMUN,TRAFICO INTERNOS DE DROGAS (MICROTRAFICO),26,HOMBRE,MESTIZO/A,SOLTERO,ECUADOR,NINGUNA,3,0,14,TARDE,ARMA_FUEGO
ZONA 8,D.M. GUAYAQUIL,PASCUALES,GUAYAS,GUAYAQUIL,-2.07469,-79.92364,URBANO,CASA/VILLA,PRIVADO,DELINCUENCIA COMUN,TRAFICO INTERNO DE DROGAS (MICROTRAFICO),47,HOMBRE,MESTIZO/A,SOLTERO,ECUADOR,NINGUNA,2,0,21,NOCHE,ARMA_FUEGO
ZONA 7,EL ORO,MACHALA,EL ORO,MACHALA,-3.25057,-79.95676,URBANO,VIA PUBLICA,PUBLICO,TERRORISMO,TERRORISMO,47,HOMBRE,MESTIZO/A,SOLTERO,ECUADOR,NINGUNA,1,0,23,NOCHE,OTRAS
ZONA 5,GUAYAS,JUJAN SIMON BOLIVAR,GUAYAS,SIMON BOLIVAR,-2.08687,-79.44066,RURAL,VIA PUBLICA,PUBLICO,DELINCUENCIA COMUN,AMENAZA,27,HOMBRE,MESTIZO/A,SOLTERO,ECUADOR,NINGUNA,2,0,21,NOCHE,ARMA_FUEGO
ZONA 1,SUCUMBIOS,LAGO AGRIO,SUCUMBIOS,LAGO AGRIO,0.08149191943652849,-76.9382729535573,RURAL,VIA PUBLICA,PUBLICO,VIOLENCIA COMUNITARIA,ACTOS DE ODIO,25,HOMBRE,MESTIZO/A,SOLTERO,ECUADOR,NINGUNA,4,0,20,NOCHE,ARMA_FUEGO
ZONA 5,LOS RIOS,BABAHOYO,LOS RIOS,BABAHOYO,-1.71621,-79.37832,RURAL,HACIENDAS,PRIVADO,DELINCUENCIA COMUN,AMENAZA,24,HOMBRE,MESTIZO/A,SOLTERO,ECUADOR,NINGUNA,0,0,19,NOCHE,OTRAS
ZONA 6,AZUAY,CUENCA SUR,AZUAY,CUENCA,-2.86616809267929,-79.0409662127058,URBANO,TERRENO BALDIO,PUBLICO,DELINCUENCIA COMUN,VIOLACION SEXUAL (DESCONOCIDO),47,MUJER,MESTIZO/A,VIUDO,ECUADOR,NINGUNA,4,0,9,MANANA,ARMA_CONTUNDENTE
ZONA 1,ESMERALDAS,ESMERALDAS,ESMERALDAS,ESMERALDAS,0.97554,-79.65272,URBANO,VIA PUBLICA,PUBLICO,DELINCUENCIA COMUN,AMENAZA,24,HOMBRE,AFRO,SOLTERO,ECUADOR,NINGUNA,4,0,18,NOCHE,ARMA_FUEGO
ZONA 8,D.M. GUAYAQUIL,PORTETE,GUAYAS,GUAYAQUIL,-2.22248,-79.94682,URBANO,VIA PUBLICA,PUBLICO,DELINCUENCIA COMUN,TRAFICO INTERNO DE DROGAS (MICROTRAFICO),31,HOMBRE,MESTIZO/A,SOLTERO,ECUADOR,NINGUNA,6,1,19,NOCHE,ARMA_FUEGO
ZONA 4,MANABI,EL CARMEN,MANABI,EL CARMEN,-0.0886,-79.59899,RURAL,CASA/VILLA,PRIVADO,DELINCUENCIA COMUN,AMENAZA,27,MUJER,MESTIZO/A,SOLTERO,ECUADOR,NINGUNA,1,0,19,NOCHE,ARMA_BLANCA
ZONA 8,D.M. GUAYAQUIL,PORTETE,GUAYAS,GUAYAQUIL,-2.21805696791783,-79.9318423453231,URBANO,VIA PUBLICA,PUBLICO,DELINCUENCIA COMUN,AMENAZA,38,HOMBRE,AFRO,SOLTERO,ECUADOR,NINGUNA,1,0,23,NOCHE,ARMA_FUEGO
ZONA 5,GUAYAS,NARANJAL BALAO,GUAYAS,NARANJAL,-2.68344,-79.61415,URBANO,TERRENO BALDIO,PUBLICO,DELINCUENCIA COMUN,AMENAZA,24,HOMBRE,MESTIZO/A,SOLTERO,ECUADOR,NINGUNA,2,0,5,MADRUGADA,ARMA_BLANCA
ZONA 1,CARCHI,TULCAN,CARCHI,TULCAN,0.826,-77.70778,URBANO,TERRENO BALDIO,PUBLICO,VIOLENCIA COMUNITARIA,RINAS,59,HOMBRE,MESTIZO/A,CASADO,ECUADOR,NINGUNA,0,0,2,MADRUGADA,OTRAS
ZONA 3,PASTAZA,PASTAZA,PASTAZA,PASTAZA,-1.73183,-77.49341,RURAL,CASA/VILLA,PRIVADO,VIOLENCIA COMUNITARIA,RINAS,26,HOMBRE,MESTIZO/A,SOLTERO,ECUADOR,NINGUNA,6,1,3,MADRUGADA,ARMA_BLANCA
ZONA 7,LOJA,LOJA,LOJA,LOJA,-4.0044,-79.19329,URBANO,CENTROS DE REHABILITACION SOCIAL,PRIVADO,VIOLENCIA COMUNITARIA,RINAS,21,HOMBRE,MESTIZO/A,SOLTERO,ECUADOR,NINGUNA,6,1,8,MANANA,ARMA_CONTUNDENTE
ZONA 9,D.M. QUITO,TUMBACO,PICHINCHA,QUITO,-0.09748,-78.28962,RURAL,VIA PUBLICA,PUBLICO,VIOLENCIA COMUNITARIA,LINCHAMIENTO,41,HOMBRE,MESTIZO/A,SOLTERO,ECUADOR,NINGUNA,6,1,13,TARDE,OTRAS
ZONA 4,MANABI,MANTA,MANABI,MANTA,-0.97743,-80.72025,URBANO,VIA PUBLICA,PUBLICO,DELINCUENCIA COMUN,AMENAZA,34,MUJER,MESTIZO/A,SOLTERO,ECUADOR,NINGUNA,1,0,19,NOCHE,ARMA_FUEGO
ZONA 9,D.M. QUITO,EUGENIO ESPEJO,PICHINCHA,QUITO,-0.18783,-78.51331,URBANO,VIA PUBLICA,PUBLICO,VIOLENCIA COMUNITARIA,RINAS,37,HOMBRE,MESTIZO/A,CASADO,ECUADOR,NINGUNA,3,0,1,MADRUGADA,ARMA_BLANCA
ZONA 9,D.M. QUITO,LA DELICIA,PICHINCHA,QUITO,-0.08303099999999988,-78.50794899999998,URBANO,CASA/VILLA,PRIVADO,VIOLENCIA INTRAFAMILIAR,MALTRATO,0,MUJER,MESTIZO/A,SOLTERO,ECUADOR,NINGUNA,4,0,3,MADRUGADA,ARMA_CONTUNDENTE
ZONA 7,EL ORO,PASAJE,EL ORO,PASAJE,-3.37657,-79.78617,RURAL,FINCA,PRIVADO,DELINCUENCIA COMUN,AMENAZA,64,HOMBRE,MESTIZO/A,CASADO,ECUADOR,NINGUNA,0,0,20,NOCHE,OTRAS
ZONA 1,ESMERALDAS,RIO VERDE,ESMERALDAS,RIOVERDE,1.07002,-79.41467,URBANO,VIA PUBLICA,PUBLICO,VIOLENCIA COMUNITARIA,RINAS,62,HOMBRE,AFRO,SOLTERO,ECUADOR,NINGUNA,0,0,8,MANANA,ARMA_BLANCA
ZONA 1,SUCUMBIOS,SHUSHUFINDI,SUCUMBIOS,SHUSHUFINDI,-0.12301,-76.64982,RURAL,RIO,PUBLICO,DELINCUENCIA COMUN,AMENAZA,25,HOMBRE,AFRO,SOLTERO,ECUADOR,NINGUNA,0,0,2,MADRUGADA,ARMA_BLANCA
ZONA 1,SUCUMBIOS,SUCUMBIOS,SUCUMBIOS,CASCALES,0.17439,-77.12389,RURAL,CASA/VILLA,PRIVADO,DELINCUENCIA COMUN,AMENAZA,37,HOMBRE,MESTIZO/A,SOLTERO,ECUADOR,NINGUNA,6,1,22,NOCHE,ARMA_FUEGO
ZONA 9,D.M. QUITO,ELOY ALFARO - DMQ,PICHINCHA,QUITO,-0.26379,-78.54227,URBANO,CASA/VILLA,PRIVADO,VIOLENCIA COMUNITARIA,RINAS,29,HOMBRE,AFRO,SOLTERO,ECUADOR,NINGUNA,6,1,20,NOCHE,ARMA_BLANCA
ZONA 1,ESMERALDAS,QUININDE,ESMERALDAS,QUININDE,0.46215,-79.2461,RURAL,VIA PUBLICA,PUBLICO,DELINCUENCIA COMUN,AMENAZA,58,HOMBRE,MESTIZO/A,SOLTERO,ECUADOR,NINGUNA,3,0,2,MADRUGADA,ARMA_CONTUNDENTE
ZONA 8,D.M. GUAYAQUIL,PASCUALES,GUAYAS,GUAYAQUIL,-2.04547,-79.94492,URBANO,CENTROS DE REHABILITACION SOCIAL,PRIVADO,DELINCUENCIA COMUN,AMENAZA,23,HOMBRE,MESTIZO/A,SOLTERO,ECUADOR,NINGUNA,2,0,5,MADRUGADA,ARMA_CONTUNDENTE
ZONA 5,LOS RIOS,BABAHOYO,LOS RIOS,BABA,-1.56563153811707,-79.6273269318044,URBANO,VIA PUBLICA,PUBLICO,VIOLENCIA COMUNITARIA,RINAS,26,HOMBRE,MESTIZO/A,SOLTERO,ECUADOR,NINGUNA,6,1,5,MADRUGADA,ARMA_FUEGO
ZONA 7,EL ORO,MACHALA,EL ORO,MACHALA,-3.34253,-79.94464,RURAL,HACIENDAS,PRIVADO,DELINCUENCIA COMUN,AMENAZA,38,HOMBRE,MESTIZO/A,SOLTERO,ECUADOR,NINGUNA,6,1,7,MANANA,ARMA_BLANCA
ZONA 6,CANAR,LA TRONCAL,CANAR,LA TRONCAL,-2.34938,-79.31205,URBANO,MAR,PUBLICO,DELINCUENCIA COMUN,AMENAZA,24,HOMBRE,MESTIZO/A,SOLTERO,ECUADOR,NINGUNA,3,0,16,TARDE,ARMA_BLANCA
ZONA 1,CARCHI,MONTUFAR,CARCHI,MONTUFAR,0.49865,-77.84394,RURAL,VIA PUBLICA,PUBLICO,VIOLENCIA INTRAFAMILIAR,MALTRATO,23,MUJER,MESTIZO/A,SOLTERO,ECUADOR,NINGUNA,6,1,4,MADRUGADA,OTRAS
ZONA 3,TUNGURAHUA,AMBATO NORTE,TUNGURAHUA,AMBATO,-1.24369,-78.66425,RURAL,HACIENDAS,PRIVADO,DELINCUENCIA COMUN,ROBO DE MOTOS,22,HOMBRE,MESTIZO/A,SOLTERO,ECUADOR,NINGUNA,0,0,3,MADRUGADA,ARMA_BLANCA
ZONA 4,MANABI,PORTOVIEJO,MANABI,PORTOVIEJO,-1.07435,-80.44268,URBANO,VIA PUBLICA,PUBLICO,DELINCUENCIA COMUN,AMENAZA,36,HOMBRE,MESTIZO/A,SOLTERO,ECUADOR,NINGUNA,0,0,8,MANANA,OTRAS
ZONA 6,CANAR,LA TRONCAL,CANAR,LA TRONCAL,-2.349383,-79.312049,RURAL,MAR,PUBLICO,DELINCUENCIA COMUN,AMENAZA,27,HOMBRE,MESTIZO/A,SOLTERO,ECUADOR,NINGUNA,4,0,15,TARDE,ARMA_FUEGO
ZONA 5,LOS RIOS,VINCES,LOS RIOS,VINCES,-1.50004699999999,-79.866681,RURAL,FINCA,PRIVADO,VIOLENCIA COMUNITARIA,RINAS,62,HOMBRE,MESTIZO/A,SOLTERO,ECUADOR,NINGUNA,5,1,2,MADRUGADA,ARMA_FUEGO
ZONA 7,LOJA,LOJA,LOJA,LOJA,-3.97951,-79.21483,URBANO,DEPARTAMENTO EN CASA O EDIFICIO,PRIVADO,VIOLENCIA COMUNITARIA,EMOCIONAL,20,MUJER,MESTIZO/A,SOLTERO,ECUADOR,NINGUNA,5,1,21,NOCHE,OTRAS
ZONA 3,TUNGURAHUA,AMBATO SUR,TUNGURAHUA,AMBATO,-1.27953,-78.63935,URBANO,CASA/VILLA,PRIVADO,DELINCUENCIA COMUN,ROBO A DOMICILIOS,49,HOMBRE,MESTIZO/A,SOLTERO,ECUADOR,NINGUNA,0,0,15,TARDE,ARMA_BLANCA
ZONA 8,D.M. GUAYAQUIL,FLORIDA,GUAYAS,GUAYAQUIL,-2.12957,-79.91569,URBANO,VIA PUBLICA,PUBLICO,DELINCUENCIA COMUN,AMENAZA,24,HOMBRE,MESTIZO/A,SOLTERO,ECUADOR,NINGUNA,0,0,20,NOCHE,ARMA_FUEGO
ZONA 2,PICHINCHA,CAYAMBE,PICHINCHA,PEDRO MONCAYO,0.03191,-78.2265,RURAL,CASA/VILLA,PRIVADO,VIOLENCIA INTRAFAMILIAR,SENTIMENTAL,9,HOMBRE,MESTIZO/A,SOLTERO,ECUADOR,NINGUNA,3,0,8,MANANA,ARMA_CONTUNDENTE
ZONA 7,EL ORO,PASAJE,EL ORO,EL GUABO,-3.2397,-79.82609,URBANO,VIA PUBLICA,PUBLICO,DELINCUENCIA COMUN,AMENAZA,76,HOMBRE,MESTIZO/A,SOLTERO,ECUADOR,NINGUNA,2,0,6,MANANA,ARMA_BLANCA
ZONA 7,EL ORO,ZARUMA,EL ORO,ATAHUALPA,-3.46648,-79.76129,RURAL,FINCA,PRIVADO,DELINCUENCIA COMUN,ROBO A PERSONAS,84,HOMBRE,MESTIZO/A,CASADO,ECUADOR,NINGUNA,6,1,1,MADRUGADA,ARMA_BLANCA
ZONA 1,SUCUMBIOS,LAGO AGRIO,SUCUMBIOS,LAGO AGRIO,0.0827,-76.87964,URBANO,CUARTOS EN CASA DE INQUILINATO,PRIVADO,VIOLENCIA INTRAFAMILIAR,MALTRATO,31,HOMBRE,MESTIZO/A,SOLTERO,VENEZUELA,NINGUNA,5,1,13,TARDE,ARMA_BLANCA
ZONA 7,EL ORO,MACHALA,EL ORO,MACHALA,-3.25179,-79.99955,RURAL,MAR,PUBLICO,DELINCUENCIA COMUN,AMENAZA,30,HOMBRE,AFRO,SOLTERO,ECUADOR,NINGUNA,6,1,20,NOCHE,ARMA_CONTUNDENTE
ZONA 5,SANTA ELENA,LIBERTAD SALINAS,SANTA ELENA,SALINAS,-2.21131,-80.95494,URBANO,CASA/VILLA,PRIVADO,DELINCUENCIA COMUN,ROBO A DOMICILIOS,64,HOMBRE,MESTIZO/A,DIVORCIADO,ECUADOR,NINGUNA,0,0,10,MANANA,ARMA_CONTUNDENTE
ZONA 1,ESMERALDAS,SAN LORENZO,ESMERALDAS,SAN LORENZO,1.12787,-78.73172,RURAL,VIA PUBLICA,PUBLICO,DELINCUENCIA COMUN,ROBO DE CARROS,26,MUJER,MESTIZO/A,SOLTERO,ECUADOR,NINGUNA,0,0,23,NOCHE,OTRAS
ZONA 1,IMBABURA,VALLE DEL AMANECER,IMBABURA,OTAVALO,0.2310698925538829,-78.2316555982106,RURAL,CASA/VILLA,PRIVADO,VIOLENCIA COMUNITARIA,ACTOS DE ODIO,70,MUJER,INDIGENA,CASADO,ECUADOR,NINGUNA,0,0,10,MANANA,ARMA_CONTUNDENTE
ZONA 9,D.M. QUITO,EUGENIO ESPEJO,PICHINCHA,QUITO,-0.19454,-78.50495,URBANO,CASA/VILLA,PRIVADO,VIOLENCIA COMUNITARIA,RINAS,19,HOMBRE,MESTIZO/A,SOLTERO,ECUADOR,NINGUNA,3,0,7,MANANA,ARMA_CONTUNDENTE
ZONA 5,LOS RIOS,BABAHOYO,LOS RIOS,BABAHOYO,-1.81466,-79.45954,URBANO,TERRENO BALDIO,PUBLICO,DELINCUENCIA COMUN,AMENAZA,24,HOMBRE,MESTIZO/A,SOLTERO,ECUADOR,NINGUNA,5,1,20,NOCHE,OTRAS
ZONA 4,MANABI,MANTA,MANABI,MONTECRISTI,-0.97836,-80.67426,URBANO,VIA PUBLICA,PUBLICO,DELINCUENCIA COMUN,AMENAZA,48,HOMBRE,MESTIZO/A,DIVORCIADO,ECUADOR,NINGUNA,1,0,20,NOCHE,ARMA_FUEGO
ZONA 4,MANABI,PORTOVIEJO,MANABI,PORTOVIEJO,-1.13983,-80.3951,RURAL,RIO,PUBLICO,VIOLENCIA COMUNITARIA,LINCHAMIENTO,34,HOMBRE,MESTIZO/A,SOLTERO,ECUADOR,NINGUNA,2,0,18,NOCHE,ARMA_BLANCA
ZONA 3,COTOPAXI,DANSANTE,COTOPAXI,PUJILI,-0.9586,-78.69633,URBANO,VIA PUBLICA,PUBLICO,VIOLENCIA COMUNITARIA,RINAS,52,HOMBRE,MESTIZO/A,SOLTERO,ECUADOR,NINGUNA,0,0,22,NOCHE,ARMA_CONTUNDENTE
ZONA 5,GUAYAS,PEDRO CARBO,GUAYAS,PEDRO CARBO,-1.7166,-80.17654,RURAL,VIA PUBLICA,PUBLICO,DELINCUENCIA COMUN,AMENAZA,25,MUJER,MESTIZO/A,SOLTERO,ECUADOR,NINGUNA,0,0,0,MADRUGADA,ARMA_FUEGO
ZONA 9,D.M. QUITO,NANEGAL,PICHINCHA,QUITO,0.086592,-78.78047499999998,URBANO,CASA/VILLA,PRIVADO,DELINCUENCIA COMUN,ABIGEATO,73,MUJER,MESTIZO/A,CASADO,ECUADOR,NINGUNA,1,0,1,MADRUGADA,ARMA_FUEGO
ZONA 8,D.M. GUAYAQUIL,PASCUALES,GUAYAS,GUAYAQUIL,-2.05309,-79.9436,URBANO,CENTROS DE REHABILITACION SOCIAL,PRIVADO,DELINCUENCIA COMUN,AMENAZA,27,HOMBRE,MESTIZO/A,SOLTERO,ECUADOR,NINGUNA,6,1,7,MANANA,OTRAS
ZONA 8,D.M. GUAYAQUIL,PASCUALES,GUAYAS,GUAYAQUIL,-2.05558,-79.94547,URBANO,VIA PUBLICA,PUBLICO,TERRORISMO,TERRORISMO,28,HOMBRE,MESTIZO/A,SOLTERO,ECUADOR,NINGUNA,3,0,1,MADRUGADA,OTRAS
ZONA 6,CANAR,AZOGUES,CANAR,AZOGUES,-2.73436994612388,-78.85351020104278,URBANO,VIA PUBLICA,PUBLICO,DELINCUENCIA COMUN,ROBO A PERSONAS,45,HOMBRE,MESTIZO/A,SOLTERO,ECUADOR,INTELECTUAL,3,0,23,NOCHE,ARMA_CONTUNDENTE
ZONA 3,COTOPAXI,LATACUNGA,COTOPAXI,LATACUNGA,-0.87203,-78.62994,URBANO,CENTROS DE REHABILITACION SOCIAL,PRIVADO,DELINCUENCIA COMUN,AMENAZA,26,HOMBRE,MULATO/A,SOLTERO,ECUADOR,NINGUNA,2,0,14,TARDE,OTRAS
ZONA 8,D.M. GUAYAQUIL,NUEVA PROSPERINA,GUAYAS,GUAYAQUIL,-2.08913,-79.96969,URBANO,CASA/VILLA,PRIVADO,DELINCUENCIA COMUN,ROBO A PERSONAS,75,HOMBRE,MESTIZO/A,DIVORCIADO,ECUADOR,NINGUNA,4,0,11,MANANA,ARMA_CONTUNDENTE
ZONA 9,D.M. QUITO,LA DELICIA,PICHINCHA,QUITO,-0.08648,-78.50975,URBANO,CASA/VILLA,PRIVADO,VIOLENCIA INTRAFAMILIAR,SENTIMENTAL,35,HOMBRE,MESTIZO/A,SOLTERO,ECUADOR,NINGUNA,6,1,13,TARDE,ARMA_BLANCA
ZONA 2,NAPO,TENA,NAPO,TENA,-0.99289,-77.8153,URBANO,RIO,PUBLICO,VIOLENCIA COMUNITARIA,RINAS,56,HOMBRE,MESTIZO/A,CASADO,ECUADOR,NINGUNA,4,0,23,NOCHE,OTRAS
ZONA 8,D.M. GUAYAQUIL,ESTEROS,GUAYAS,GUAYAQUIL,-2.23207,-79.91231,URBANO,CASA/VILLA,PRIVADO,VIOLENCIA COMUNITARIA,RINAS,58,HOMBRE,AFRO,SOLTERO,ECUADOR,NINGUNA,0,0,0,MADRUGADA,OTRAS
ZONA 5,LOS RIOS,BUENA FE,LOS RIOS,BUENA FE,-0.89132,-79.48263,URBANO,CASA/VILLA,PRIVADO,DELINCUENCIA COMUN,AMENAZA,15,HOMBRE,MESTIZO/A,SOLTERO,ECUADOR,NINGUNA,3,0,1,MADRUGADA,ARMA_FUEGO
ZONA 4,MANABI,PORTOVIEJO,MANABI,PORTOVIEJO,-0.9998529999999988,-80.38908399999998,RURAL,FINCA,PRIVADO,DELINCUENCIA COMUN,ROBO A PERSONAS,71,HOMBRE,MESTIZO/A,SOLTERO,ECUADOR,NINGUNA,1,0,21,NOCHE,ARMA_CONTUNDENTE
ZONA 9,D.M. QUITO,ELOY ALFARO - DMQ,PICHINCHA,QUITO,-0.29119,-78.52475,URBANO,VIA PUBLICA,PUBLICO,DELINCUENCIA COMUN,ROBO A PERSONAS,16,HOMBRE,MESTIZO/A,SOLTERO,ECUADOR,NINGUNA,1,0,18,NOCHE,OTRAS
ZONA 1,ESMERALDAS,QUININDE,ESMERALDAS,QUININDE,0.04417,-79.37637,URBANO,VIA PUBLICA,PUBLICO,DELINCUENCIA COMUN,AMENAZA,41,HOMBRE,MESTIZO/A,DIVORCIADO,ECUADOR,NINGUNA,0,0,12,TARDE,ARMA_FUEGO
ZONA 8,D.M. GUAYAQUIL,DURAN,GUAYAS,DURAN,-2.17724,-79.83448,URBANO,VIA PUBLICA,PUBLICO,DELINCUENCIA COMUN,AMENAZA,24,HOMBRE,MESTIZO/A,SOLTERO,ECUADOR,NINGUNA,6,1,19,NOCHE,ARMA_FUEGO
ZONA 1,SUCUMBIOS,SHUSHUFINDI,SUCUMBIOS,SHUSHUFINDI,-0.18347,-76.77458,RURAL,FINCA,PRIVADO,VIOLENCIA COMUNITARIA,EMOCIONAL,40,MUJER,MESTIZO/A,SOLTERO,ECUADOR,NINGUNA,6,1,0,MADRUGADA,OTRAS
ZONA 9,D.M. QUITO,QUITUMBE,PICHINCHA,QUITO,-0.30388,-78.54198,URBANO,CASA/VILLA,PRIVADO,DELINCUENCIA COMUN,ROBO DE CARROS,43,MUJER,MESTIZO/A,VIUDO,ECUADOR,PSICOLOGICA,4,0,23,NOCHE,OTRAS
ZONA 8,D.M. GUAYAQUIL,PASCUALES,GUAYAS,GUAYAQUIL,-2.04901,-79.94518,URBANO,CENTROS DE REHABILITACION SOCIAL,PRIVADO,DELINCUENCIA COMUN,AMENAZA,63,HOMBRE,MESTIZO/A,CASADO,ECUADOR,NINGUNA,2,0,19,NOCHE,OTRAS
ZONA 6,AZUAY,CUENCA NORTE,AZUAY,CUENCA,-2.88432,-78.96298,URBANO,TERRENO BALDIO,PUBLICO,DELINCUENCIA COMUN,AMENAZA,36,HOMBRE,MESTIZO/A,DIVORCIADO,ECUADOR,NINGUNA,5,1,0,MADRUGADA,OTRAS
ZONA 8,D.M. GUAYAQUIL,SUR - DMG,GUAYAS,GUAYAQUIL,-2.24889,-79.87774,URBANO,VIA PUBLICA,PUBLICO,DELINCUENCIA COMUN,TRAFICO INTERNO DE DROGAS (MICROTRAFICO),38,HOMBRE,MESTIZO/A,CASADO,ECUADOR,NINGUNA,2,0,14,TARDE,ARMA_FUEGO
ZONA 8,D.M. GUAYAQUIL,DURAN,GUAYAS,DURAN,-2.16119,-79.84513,URBANO,CASA/VILLA,PRIVADO,VIOLENCIA INTRAFAMILIAR,MALTRATO,4,HOMBRE,MESTIZO/A,SOLTERO,ECUADOR,NINGUNA,1,0,11,MANANA,OTRAS
ZONA 8,D.M. GUAYAQUIL,9 DE OCTUBRE,GUAYAS,GUAYAQUIL,-2.19636,-79.90911,URBANO,VIA PUBLICA,PUBLICO,DELINCUENCIA COMUN,TRAFICO INTERNO DE DROGAS (MICROTRAFICO),28,HOMBRE,MESTIZO/A,SOLTERO,ECUADOR,NINGUNA,4,0,19,NOCHE,ARMA_FUEGO
ZONA 8,D.M. GUAYAQUIL,NUEVA PROSPERINA,GUAYAS,GUAYAQUIL,-2.11687,-79.94935,URBANO,CASA/VILLA,PRIVADO,DELINCUENCIA COMUN,AMENAZA,27,HOMBRE,MESTIZO/A,SOLTERO,ECUADOR,NINGUNA,4,0,22,NOCHE,OTRAS
ZONA 5,GUAYAS,DAULE,GUAYAS,DAULE,-1.87016,-79.98293,URBANO,VIA PUBLICA,PUBLICO,DELINCUENCIA COMUN,TRAFICO INTERNO DE DROGAS (MICROTRAFICO),46,HOMBRE,MESTIZO/A,SOLTERO,ECUADOR,NINGUNA,6,1,20,NOCHE,ARMA_FUEGO
ZONA 8,D.M. GUAYAQUIL,NUEVA PROSPERINA,GUAYAS,GUAYAQUIL,-2.11219,-79.96133,URBANO,VIA PUBLICA,PUBLICO,DELINCUENCIA COMUN,ROBO DE CARROS,34,HOMBRE,MESTIZO/A,CASADO,ECUADOR,NINGUNA,6,1,0,MADRUGADA,ARMA_CONTUNDENTE
ZONA 9,D.M. QUITO,ELOY ALFARO - DMQ,PICHINCHA,QUITO,-0.2513,-78.51132,URBANO,CASA/VILLA,PRIVADO,VIOLENCIA COMUNITARIA,RINAS,34,HOMBRE,MESTIZO/A,SOLTERO,ECUADOR,NINGUNA,6,1,8,MANANA,ARMA_BLANCA
ZONA 5,GUAYAS,NARANJAL BALAO,GUAYAS,NARANJAL,-2.55110899999999,-79.489456,URBANO,VIA PUBLICA,PUBLICO,VIOLENCIA COMUNITARIA,RINAS,21,HOMBRE,MESTIZO/A,SOLTERO,ECUADOR,NINGUNA,5,1,0,MADRUGADA,ARMA_FUEGO
ZONA 4,MANABI,PORTOVIEJO,MANABI,PORTOVIEJO,-1.01558,-80.38591,RURAL,CENTROS DE REHABILITACION SOCIAL,PRIVADO,DELINCUENCIA COMUN,AMENAZA,34,HOMBRE,MESTIZO/A,SOLTERO,ECUADOR,NINGUNA,6,1,0,MADRUGADA,OTRAS
ZONA 8,D.M. GUAYAQUIL,PASCUALES,GUAYAS,GUAYAQUIL,-2.05439,-79.94379,URBANO,CENTROS DE REHABILITACION SOCIAL,PRIVADO,DELINCUENCIA COMUN,AMENAZA,29,HOMBRE,MESTIZO/A,SOLTERO,ECUADOR,NINGUNA,4,0,17,TARDE,OTRAS
ZONA 8,D.M. GUAYAQUIL,FLORIDA,GUAYAS,GUAYAQUIL,-2.17566,-79.94135,URBANO,HOSPITALES,PRIVADO,DELINCUENCIA COMUN,AMENAZA,28,HOMBRE,MESTIZO/A,SOLTERO,ECUADOR,NINGUNA,0,0,21,NOCHE,OTRAS
ZONA 8,D.M. GUAYAQUIL,PASCUALES,GUAYAS,GUAYAQUIL,-2.08623,-79.90571,URBANO,VIA PUBLICA,PUBLICO,DELINCUENCIA COMUN,ROBO DE CARROS,30,HOMBRE,MESTIZO/A,CASADO,ECUADOR,NINGUNA,5,1,23,NOCHE,ARMA_CONTUNDENTE
ZONA 9,D.M. QUITO,ELOY ALFARO - DMQ,PICHINCHA,QUITO,-0.24117,-78.51332,URBANO,CASA/VILLA,PRIVADO,DELINCUENCIA COMUN,ROBO A DOMICILIOS,49,HOMBRE,MESTIZO/A,SOLTERO,ECUADOR,NINGUNA,6,1,22,NOCHE,ARMA_CONTUNDENTE
ZONA 4,MANABI,CHONE,MANABI,CHONE,-0.70919,-80.14236,URBANO,VIA PUBLICA,PUBLICO,DELINCUENCIA COMUN,AMENAZA,53,HOMBRE,MESTIZO/A,CASADO,ECUADOR,NINGUNA,2,0,3,MADRUGADA,ARMA_BLANCA
ZONA 6,AZUAY,CUENCA NORTE,AZUAY,CUENCA,-2.88002199999999,-79.007833,URBANO,QUEBRADAS,PUBLICO,VIOLENCIA COMUNITARIA,RINAS,32,HOMBRE,MESTIZO/A,SOLTERO,ECUADOR,NINGUNA,5,1,17,TARDE,ARMA_CONTUNDENTE
ZONA 8,D.M. GUAYAQUIL,NUEVA PROSPERINA,GUAYAS,GUAYAQUIL,-2.09183,-79.9699,URBANO,VIA PUBLICA,PUBLICO,DELINCUENCIA COMUN,TRAFICO INTERNO DE DROGAS (MICROTRAFICO),37,HOMBRE,AFRO,SOLTERO,ECUADOR,NINGUNA,5,1,2,MADRUGADA,OTRAS
ZONA 7,EL ORO,HUAQUILLAS,EL ORO,ARENILLAS,-3.54752,-80.07393,RURAL,CASA/VILLA,PRIVADO,VIOLENCIA COMUNITARIA,EMOCIONAL,36,HOMBRE,MESTIZO/A,SOLTERO,ECUADOR,NINGUNA,5,1,17,TARDE,ARMA_CONTUNDENTE
ZONA 4,MANABI,SUCRE,MANABI,SAN VICENTE,-0.36901,-80.42999,RURAL,VIA PUBLICA,PUBLICO,VIOLENCIA COMUNITARIA,ACTOS DE ODIO,53,HOMBRE,MESTIZO/A,SOLTERO,ECUADOR,NINGUNA,2,0,3,MADRUGADA,ARMA_FUEGO
ZONA 9,D.M. QUITO,TUMBACO,PICHINCHA,QUITO,-0.16758,-78.31078,RURAL,FINCA,PRIVADO,DELINCUENCIA COMUN,VIOLACION SEXUAL (DESCONOCIDO),17,MUJER,INDIGENA,SOLTERO,ECUADOR,NINGUNA,4,0,9,MANANA,OTRAS
ZONA 5,LOS RIOS,VINCES,LOS RIOS,VINCES,-1.49799,-79.68073,RURAL,TERRENO BALDIO,PUBLICO,VIOLENCIA INTRAFAMILIAR,SENTIMENTAL,22,MUJER,MESTIZO/A,SOLTERO,ECUADOR,NINGUNA,0,0,19,NOCHE,OTRAS
ZONA 6,MORONA SANTIAGO,MORONA,MORONA SANTIAGO,MORONA,-2.31212,-78.12843,URBANO,VIA PUBLICA,PUBLICO,VIOLENCIA COMUNITARIA,LINCHAMIENTO,18,HOMBRE,MESTIZO/A,SOLTERO,ECUADOR,NINGUNA,4,0,9,MANANA,ARMA_BLANCA
ZONA 9,D.M. QUITO,ELOY ALFARO - DMQ,PICHINCHA,QUITO,-0.2444,-78.5411,URBANO,CASA/VILLA,PRIVADO,VIOLENCIA INTRAFAMILIAR,SENTIMENTAL,27,MUJER,MESTIZO/A,SOLTERO,ECUADOR,NINGUNA,6,1,23,NOCHE,OTRAS
ZONA 8,D.M. GUAYAQUIL,ESTEROS,GUAYAS,GUAYAQUIL,-2.23856,-79.92453,URBANO,VIA PUBLICA,PUBLICO,DELINCUENCIA COMUN,ROBO A PERSONAS,32,HOMBRE,AFRO,SOLTERO,ECUADOR,NINGUNA,2,0,8,MANANA,ARMA_BLANCA
ZONA 8,D.M. GUAYAQUIL,NUEVA PROSPERINA,GUAYAS,GUAYAQUIL,-2.08819,-79.95492,URBANO,VIA PUBLICA,PUBLICO,DELINCUENCIA COMUN,AMENAZA,25,MUJER,MESTIZO/A,SOLTERO,ECUADOR,NINGUNA,6,1,19,NOCHE,ARMA_BLANCA
ZONA 1,SUCUMBIOS,SHUSHUFINDI,SUCUMBIOS,SHUSHUFINDI,-0.21254,-76.80029,RURAL,FINCA,PRIVADO,DELINCUENCIA COMUN,ROBO A PERSONAS,28,HOMBRE,MESTIZO/A,SOLTERO,ECUADOR,INTELECTUAL,5,1,19,NOCHE,ARMA_CONTUNDENTE
ZONA 6,AZUAY,CUENCA NORTE,AZUAY,CUENCA,-2.87331,-79.07334,URBANO,"TIENDAS, MICROMERCADO, ABARROTES",PRIVADO,DELINCUENCIA COMUN,ROBO A PERSONAS,56,HOMBRE,MESTIZO/A,DIVORCIADO,ECUADOR,NINGUNA,2,0,13,TARDE,ARMA_CONTUNDENTE
ZONA 5,GUAYAS,EL TRIUNFO BUCAY,GUAYAS,EL TRIUNFO,-2.30574,-79.56812,RURAL,QUEBRADAS,PUBLICO,DELINCUENCIA COMUN,AMENAZA,18,HOMBRE,MESTIZO/A,SOLTERO,ECUADOR,NINGUNA,1,0,10,MANANA,OTRAS
ZONA 8,D.M. GUAYAQUIL,DURAN,GUAYAS,DURAN,-2.16014,-79.84063,URBANO,VIA PUBLICA,PUBLICO,DELINCUENCIA COMUN,TRAFICO INTERNO DE DROGAS (MICROTRAFICO),23,HOMBRE,MESTIZO/A,SOLTERO,ECUADOR,NINGUNA,6,1,13,TARDE,ARMA_FUEGO
ZONA 5,SANTA ELENA,SANTA ELENA,SANTA ELENA,SANTA ELENA,-2.275256,-80.85491299999998,RURAL,TERRENO BALDIO,PUBLICO,DELINCUENCIA COMUN,AMENAZA,37,HOMBRE,MESTIZO/A,SOLTERO,ECUADOR,NINGUNA,4,0,14,TARDE,ARMA_CONTUNDENTE
ZONA 1,ESMERALDAS,ATACAMES,ESMERALDAS,ATACAMES,0.86756,-79.85268,URBANO,COLEGIOS,PRIVADO,VIOLENCIA COMUNITARIA,RINAS,16,HOMBRE,MESTIZO/A,SOLTERO,ECUADOR,NINGUNA,0,0,12,TARDE,ARMA_BLANCA
ZONA 5,LOS RIOS,VINCES,LOS RIOS,VINCES,-1.58334,-79.77123,RURAL,RIO,PUBLICO,DELINCUENCIA COMUN,AMENAZA,37,HOMBRE,INDIGENA,SOLTERO,ECUADOR,NINGUNA,4,0,8,MANANA,OTRAS
ZONA 7,LOJA,LOJA,LOJA,LOJA,-3.96973,-79.22655,URBANO,VIA PUBLICA,PUBLICO,DELINCUENCIA COMUN,AMENAZA,30,HOMBRE,MESTIZO/A,SOLTERO,ECUADOR,NINGUNA,3,0,4,MADRUGADA,ARMA_BLANCA
ZONA 4,MANABI,MANTA,MANABI,MANTA,-0.99595,-80.75975,RURAL,CASA/VILLA,PRIVADO,DELINCUENCIA COMUN,ROBO A PERSONAS,75,HOMBRE,MESTIZO/A,SOLTERO,ECUADOR,NINGUNA,1,0,22,NOCHE,OTRAS
ZONA 1,IMBABURA,CIUDAD BLANCA,IMBABURA,IBARRA,0.340886295518652,-78.1248741164063,URBANO,CASA/VILLA,PRIVADO,VIOLENCIA INTRAFAMILIAR,MALTRATO,1,HOMBRE,MESTIZO/A,SOLTERO,ECUADOR,NINGUNA,4,0,17,TARDE,ARMA_CONTUNDENTE
ZONA 9,D.M. QUITO,LA DELICIA,PICHINCHA,QUITO,-0.03704,-78.43973,URBANO,CASA/VILLA,PRIVADO,VIOLENCIA INTRAFAMILIAR,MALTRATO,35,HOMBRE,MESTIZO/A,SOLTERO,ECUADOR,NINGUNA,0,0,0,MADRUGADA,ARMA_BLANCA
ZONA 5,GUAYAS,PEDRO CARBO,GUAYAS,ISIDRO AYORA,-1.74868966459104,-80.10052442550659,RURAL,VIA PUBLICA,PUBLICO,DELINCUENCIA COMUN,TRAFICO INTERNO DE DROGAS (MICROTRAFICO),45,HOMBRE,MESTIZO/A,SOLTERO,ECUADOR,NINGUNA,4,0,16,TARDE,ARMA_FUEGO
ZONA 5,LOS RIOS,BABAHOYO,LOS RIOS,BABAHOYO,-1.867145,-79.504705,RURAL,CASA/VILLA,PRIVADO,VIOLENCIA COMUNITARIA,EMOCIONAL,53,HOMBRE,MESTIZO/A,EN UNION DE HECHO,ECUADOR,NINGUNA,4,0,17,TARDE,ARMA_FUEGO
ZONA 7,EL ORO,PASAJE,EL ORO,PASAJE,-3.34142219999999,-79.81434679999998,RURAL,VIA PUBLICA,PUBLICO,DELINCUENCIA COMUN,AMENAZA,37,HOMBRE,MESTIZO/A,SOLTERO,ECUADOR,NINGUNA,6,1,0,MADRUGADA,ARMA_FUEGO
ZONA 5,GUAYAS,MILAGRO,GUAYAS,MILAGRO,-2.13976,-79.58468,URBANO,VIA PUBLICA,PUBLICO,DELINCUENCIA COMUN,TRAFICO INTERNO DE DROGAS (MICROTRAFICO),39,HOMBRE,MESTIZO/A,SOLTERO,ECUADOR,NINGUNA,5,1,9,MANANA,ARMA_FUEGO
ZONA 4,STO DGO DE LOS TSACHILAS,SANTO DOMINGO OESTE,STO DGO DE LOS TSACHILAS,SANTO DOMINGO,-0.274034,-79.21297,URBANO,CASA/VILLA,PRIVADO,VIOLENCIA INTRAFAMILIAR,SENTIMENTAL,19,MUJER,MESTIZO/A,SOLTERO,ECUADOR,NINGUNA,4,0,21,NOCHE,ARMA_CONTUNDENTE
ZONA 8,D.M. GUAYAQUIL,SUR - DMG,GUAYAS,GUAYAQUIL,-2.25357,-79.88191,URBANO,VIA PUBLICA,PUBLICO,DELINCUENCIA COMUN,TRAFICO INTERNO DE DROGAS (MICROTRAFICO),33,HOMBRE,MESTIZO/A,SOLTERO,ECUADOR,NINGUNA,5,1,4,MADRUGADA,ARMA_FUEGO
ZONA 5,BOLIVAR,SAN MIGUEL,BOLIVAR,SAN MIGUEL,-1.70817,-79.0421,URBANO,PARQUES Y PLAZAS,PUBLICO,VIOLENCIA COMUNITARIA,RINAS,25,HOMBRE,MESTIZO/A,SOLTERO,ECUADOR,NINGUNA,2,0,5,MADRUGADA,ARMA_CONTUNDENTE
ZONA 1,ESMERALDAS,ATACAMES,ESMERALDAS,ATACAMES,0.77352,-79.98976,RURAL,FINCA,PRIVADO,DELINCUENCIA COMUN,AMENAZA,21,HOMBRE,OTROS,SOLTERO,ECUADOR,NINGUNA,5,1,16,TARDE,ARMA_CONTUNDENTE
ZONA 6,CANAR,CANAR,CANAR,CANAR,-2.24691,-79.12598,RURAL,VIA PUBLICA,PUBLICO,VIOLENCIA COMUNITARIA,LINCHAMIENTO,34,HOMBRE,MESTIZO/A,SOLTERO,ECUADOR,NINGUNA,5,1,20,NOCHE,OTRAS
ZONA 9,D.M. QUITO,LA DELICIA,PICHINCHA,QUITO,-0.07495,-78.45686,URBANO,CASA/VILLA,PRIVADO,DELINCUENCIA COMUN,ROBO A DOMICILIOS,70,MUJER,MESTIZO/A,DIVORCIADO,ECUADOR,NINGUNA,4,0,3,MADRUGADA,ARMA_CONTUNDENTE
ZONA 8,D.M. GUAYAQUIL,PASCUALES,GUAYAS,GUAYAQUIL,-2.05309,-79.9436,URBANO,CENTROS DE REHABILITACION SOCIAL,PRIVADO,DELINCUENCIA COMUN,AMENAZA,45,HOMBRE,MESTIZO/A,SOLTERO,ECUADOR,NINGUNA,3,0,7,MANANA,OTRAS
ZONA 1,IMBABURA,CIUDAD BLANCA,IMBABURA,IBARRA,0.35262,-78.11652,URBANO,CENTROS DE REHABILITACION SOCIAL,PRIVADO,VIOLENCIA COMUNITARIA,RINAS,24,HOMBRE,MESTIZO/A,SOLTERO,ECUADOR,NINGUNA,4,0,11,MANANA,ARMA_CONTUNDENTE
ZONA 8,D.M. GUAYAQUIL,PASCUALES,GUAYAS,GUAYAQUIL,-2.05371,-79.94343,URBANO,CENTROS DE REHABILITACION SOCIAL,PRIVADO,VIOLENCIA COMUNITARIA,RINAS,40,HOMBRE,MESTIZO/A,SOLTERO,ECUADOR,NINGUNA,1,0,22,NOCHE,ARMA_CONTUNDENTE
ZONA 8,D.M. GUAYAQUIL,CEIBOS,GUAYAS,GUAYAQUIL,-2.24279,-80.08502,URBANO,CASA/VILLA,PRIVADO,DELINCUENCIA COMUN,AMENAZA,22,HOMBRE,MESTIZO/A,SOLTERO,ECUADOR,NINGUNA,2,0,16,TARDE,ARMA_CONTUNDENTE
ZONA 8,D.M. GUAYAQUIL,NUEVA PROSPERINA,GUAYAS,GUAYAQUIL,-2.10573,-79.95507,URBANO,VIA PUBLICA,PUBLICO,DELINCUENCIA COMUN,ROBO A PERSONAS,26,HOMBRE,MESTIZO/A,SOLTERO,ECUADOR,NINGUNA,5,1,13,TARDE,ARMA_FUEGO
ZONA 8,D.M. GUAYAQUIL,PROGRESO,GUAYAS,GUAYAQUIL,-2.20129,-80.10102,RURAL,LAGUNA - LAGO,PUBLICO,DELINCUENCIA COMUN,AMENAZA,17,HOMBRE,MESTIZO/A,SOLTERO,ECUADOR,NINGUNA,2,0,12,TARDE,ARMA_BLANCA
ZONA 9,D.M. QUITO,QUITUMBE,PICHINCHA,QUITO,-0.31869,-78.54948,URBANO,VIA PUBLICA,PUBLICO,VIOLENCIA COMUNITARIA,RINAS,29,HOMBRE,MESTIZO/A,SOLTERO,ECUADOR,NINGUNA,5,1,18,NOCHE,ARMA_BLANCA
ZONA 8,D.M. GUAYAQUIL,SUR - DMG,GUAYAS,GUAYAQUIL,-2.24784,-79.88439,URBANO,PARQUES Y PLAZAS,PUBLICO,DELINCUENCIA COMUN,TRAFICO INTERNO DE DROGAS (MICROTRAFICO),26,HOMBRE,MESTIZO/A,SOLTERO,ECUADOR,NINGUNA,4,0,18,NOCHE,ARMA_FUEGO
ZONA 7,EL ORO,MACHALA,EL ORO,MACHALA,-3.25544,-79.97579,URBANO,CASA/VILLA,PRIVADO,VIOLENCIA COMUNITARIA,RINAS,59,HOMBRE,MESTIZO/A,SOLTERO,ECUADOR,NINGUNA,3,0,3,MADRUGADA,ARMA_CONTUNDENTE
ZONA 8,D.M. GUAYAQUIL,PASCUALES,GUAYAS,GUAYAQUIL,-2.0529,-79.94368,URBANO,CENTROS DE REHABILITACION SOCIAL,PRIVADO,DELINCUENCIA COMUN,AMENAZA,43,HOMBRE,OTROS,DIVORCIADO,ECUADOR,NINGUNA,4,0,17,TARDE,ARMA_CONTUNDENTE
ZONA 8,D.M. GUAYAQUIL,MODELO,GUAYAS,GUAYAQUIL,-2.11535,-79.90372,URBANO,CASA/VILLA,PRIVADO,DELINCUENCIA COMUN,AMENAZA,59,MUJER,MESTIZO/A,DIVORCIADO,ECUADOR,NINGUNA,1,0,20,NOCHE,OTRAS
ZONA 1,IMBABURA,CIUDAD BLANCA,IMBABURA,IBARRA,0.39729,-78.06513,RURAL,CASA/VILLA,PRIVADO,VIOLENCIA COMUNITARIA,EMOCIONAL,56,HOMBRE,INDIGENA,CASADO,ECUADOR,NINGUNA,3,0,2,MADRUGADA,OTRAS
ZONA 6,AZUAY,CUENCA SUR,AZUAY,CUENCA,-2.918921,-79.031386,URBANO,CASA/VILLA,PRIVADO,VIOLENCIA COMUNITARIA,EMOCIONAL,18,HOMBRE,MESTIZO/A,SOLTERO,ECUADOR,NINGUNA,3,0,4,MADRUGADA,ARMA_FUEGO
ZONA 1,SUCUMBIOS,SUCUMBIOS,SUCUMBIOS,SUCUMBIOS,0.64799,-77.67292,RURAL,VIA PUBLICA,PUBLICO,VIOLENCIA COMUNITARIA,RINAS,30,HOMBRE,MESTIZO/A,EN UNION DE HECHO,COLOMBIA,NINGUNA,5,1,4,MADRUGADA,ARMA_CONTUNDENTE
ZONA 9,D.M. QUITO,MANUELA SAENZ,PICHINCHA,QUITO,-0.226604329122392,-78.51289104670289,URBANO,PARADA DE BUSES,PUBLICO,DELINCUENCIA COMUN,AMENAZA,46,HOMBRE,MESTIZO/A,SOLTERO,PERU,NINGUNA,6,1,15,TARDE,ARMA_FUEGO
ZONA 9,D.M. QUITO,EUGENIO ESPEJO,PICHINCHA,QUITO,-0.15217,-78.47255,URBANO,CENTROS DE REHABILITACION SOCIAL,PRIVADO,DELINCUENCIA COMUN,AMENAZA,41,HOMBRE,MESTIZO/A,DIVORCIADO,ECUADOR,NINGUNA,6,1,12,TARDE,OTRAS
ZONA 2,ORELLANA,ORELLANA LORETO,ORELLANA,FRANCISCO DE ORELLANA,-0.4591659605503,-76.9931945800781,RURAL,CASA/VILLA,PRIVADO,DELINCUENCIA COMUN,TRAFICO INTERNO DE DROGAS (MICROTRAFICO),42,HOMBRE,MESTIZO/A,CASADO,COLOMBIA,NINGUNA,0,0,21,NOCHE,ARMA_CONTUNDENTE
ZONA 8,D.M. GUAYAQUIL,PASCUALES,GUAYAS,GUAYAQUIL,-2.05184,-79.94384,URBANO,CENTROS DE REHABILITACION SOCIAL,PRIVADO,DELINCUENCIA COMUN,AMENAZA,52,HOMBRE,MESTIZO/A,SOLTERO,ECUADOR,NINGUNA,5,1,8,MANANA,OTRAS
ZONA 1,CARCHI,TULCAN,CARCHI,TULCAN,0.80429,-77.71292,RURAL,TERRENO BALDIO,PUBLICO,VIOLENCIA INTRAFAMILIAR,SENTIMENTAL,32,HOMBRE,MESTIZO/A,SOLTERO,ECUADOR,NINGUNA,3,0,22,NOCHE,ARMA_CONTUNDENTE
ZONA 8,D.M. GUAYAQUIL,PASCUALES,GUAYAS,GUAYAQUIL,-2.05309,-79.9436,URBANO,CENTROS DE REHABILITACION SOCIAL,PRIVADO,VIOLENCIA COMUNITARIA,RINAS,45,HOMBRE,AFRO,SOLTERO,ECUADOR,NINGUNA,2,0,14,TARDE,OTRAS
ZONA 4,MANABI,PORTOVIEJO,MANABI,PORTOVIEJO,-1.03309,-80.50449,URBANO,CASA/VILLA,PRIVADO,DELINCUENCIA COMUN,TRAFICO INTERNO DE DROGAS (MICROTRAFICO),47,HOMBRE,MESTIZO/A,DIVORCIADO,ECUADOR,NINGUNA,4,0,0,MADRUGADA,OTRAS
ZONA 5,LOS RIOS,PUEBLO VIEJO,LOS RIOS,URDANETA,-1.56845,-79.46995,URBANO,VIA PUBLICA,PUBLICO,DELINCUENCIA COMUN,TRAFICO INTERNO DE DROGAS (MICROTRAFICO),31,HOMBRE,MULATO/A,SOLTERO,ECUADOR,NINGUNA,0,0,23,NOCHE,ARMA_BLANCA
ZONA 8,D.M. GUAYAQUIL,SUR - DMG,GUAYAS,GUAYAQUIL,-2.28632,-79.87509,URBANO,LAGUNA - LAGO,PUBLICO,DELINCUENCIA COMUN,AMENAZA,65,MUJER,MESTIZO/A,VIUDO,ECUADOR,NINGUNA,5,1,10,MANANA,ARMA_BLANCA
ZONA 7,EL ORO,MACHALA,EL ORO,MACHALA,-3.26669,-79.95521,URBANO,VIA PUBLICA,PUBLICO,DELINCUENCIA COMUN,AMENAZA,27,HOMBRE,MESTIZO/A,SOLTERO,ECUADOR,NINGUNA,3,0,12,TARDE,ARMA_BLANCA
ZONA 5,GUAYAS,EL TRIUNFO BUCAY,GUAYAS,EL TRIUNFO,-2.32284,-79.40964,URBANO,VIA PUBLICA,PUBLICO,VIOLENCIA INTRAFAMILIAR,SENTIMENTAL,45,HOMBRE,MESTIZO/A,SOLTERO,ECUADOR,NINGUNA,0,0,17,TARDE,ARMA_BLANCA
ZONA 3,COTOPAXI,LATACUNGA,COTOPAXI,LATACUNGA,-0.95663,-78.59839,RURAL,CASA/VILLA,PRIVADO,VIOLENCIA COMUNITARIA,EMOCIONAL,40,HOMBRE,MESTIZO/A,SOLTERO,ECUADOR,NINGUNA,0,0,12,TARDE,ARMA_CONTUNDENTE
ZONA 8,D.M. GUAYAQUIL,NUEVA PROSPERINA,GUAYAS,GUAYAQUIL,-2.05856,-79.98269,URBANO,VIA PUBLICA,PUBLICO,DELINCUENCIA COMUN,AMENAZA,3,MUJER,MESTIZO/A,SOLTERO,ECUADOR,NINGUNA,0,0,10,MANANA,OTRAS
ZONA 1,ESMERALDAS,ESMERALDAS,ESMERALDAS,ESMERALDAS,0.91509,-79.69725,URBANO,CENTROS DE REHABILITACION SOCIAL,PRIVADO,DELINCUENCIA COMUN,AMENAZA,27,HOMBRE,MESTIZO/A,SOLTERO,ECUADOR,NINGUNA,3,0,2,MADRUGADA,ARMA_BLANCA
ZONA 8,D.M. GUAYAQUIL,PASCUALES,GUAYAS,GUAYAQUIL,-2.05139,-79.94489,URBANO,CENTROS DE REHABILITACION SOCIAL,PRIVADO,DELINCUENCIA COMUN,AMENAZA,29,HOMBRE,MESTIZO/A,SOLTERO,ECUADOR,NINGUNA,1,0,3,MADRUGADA,ARMA_BLANCA
ZONA 5,LOS RIOS,BUENA FE,LOS RIOS,BUENA FE,-0.88822,-79.49506,URBANO,CASA/VILLA,PRIVADO,DELINCUENCIA COMUN,AMENAZA,35,HOMBRE,MESTIZO/A,SOLTERO,ECUADOR,NINGUNA,3,0,4,MADRUGADA,ARMA_FUEGO
ZONA 5,LOS RIOS,PUEBLO VIEJO,LOS RIOS,PUEBLOVIEJO,-1.66388125999999,-79.49078444,RURAL,FINCA,PRIVADO,VIOLENCIA COMUNITARIA,LITIGIO DE TIERRAS,24,HOMBRE,MONTUBIO/A,SOLTERO,ECUADOR,NINGUNA,0,0,20,NOCHE,ARMA_FUEGO
ZONA 8,D.M. GUAYAQUIL,PASCUALES,GUAYAS,GUAYAQUIL,-2.05439,-79.94379,URBANO,CENTROS DE REHABILITACION SOCIAL,PRIVADO,DELINCUENCIA COMUN,AMENAZA,26,HOMBRE,MESTIZO/A,SOLTERO,ECUADOR,NINGUNA,0,0,7,MANANA,ARMA_CONTUNDENTE
ZONA 5,LOS RIOS,QUEVEDO,LOS RIOS,MOCACHE,-1.08863,-79.54583,RURAL,VIA PUBLICA,PUBLICO,DELINCUENCIA COMUN,AMENAZA,35,HOMBRE,MONTUBIO/A,SOLTERO,ECUADOR,NINGUNA,2,0,0,MADRUGADA,OTRAS
ZONA 5,SANTA ELENA,SANTA ELENA,SANTA ELENA,SANTA ELENA,-1.84108269478057,-80.7491031847894,RURAL,TERRENO BALDIO,PUBLICO,DELINCUENCIA COMUN,VIOLACION SEXUAL (DESCONOCIDO),22,MUJER,OTROS,SOLTERO,ARGENTINA,NINGUNA,0,0,23,NOCHE,ARMA_CONTUNDENTE
ZONA 5,LOS RIOS,BABAHOYO,LOS RIOS,BABAHOYO,-1.79955,-79.53754,URBANO,CENTROS DE REHABILITACION SOCIAL,PRIVADO,VIOLENCIA COMUNITARIA,RINAS,24,HOMBRE,MESTIZO/A,SOLTERO,ECUADOR,NINGUNA,1,0,15,TARDE,OTRAS
ZONA 4,MANABI,PEDERNALES,MANABI,PEDERNALES,0.20691,-79.80903,RURAL,FINCA,PRIVADO,VIOLENCIA COMUNITARIA,RINAS,21,HOMBRE,MESTIZO/A,SOLTERO,ECUADOR,NINGUNA,0,0,16,TARDE,ARMA_BLANCA
ZONA 4,STO DGO DE LOS TSACHILAS,SANTO DOMINGO ESTE,STO DGO DE LOS TSACHILAS,SANTO DOMINGO,-0.25477,-79.17191,URBANO,VIA PUBLICA,PUBLICO,DELINCUENCIA COMUN,AMENAZA,42,HOMBRE,MESTIZO/A,SOLTERO,ECUADOR,NINGUNA,6,1,14,TARDE,ARMA_FUEGO
ZONA 4,STO DGO DE LOS TSACHILAS,SANTO DOMINGO OESTE,STO DGO DE LOS TSACHILAS,SANTO DOMINGO,-0.08672,-79.27858,URBANO,CASA/VILLA,PRIVADO,DELINCUENCIA COMUN,AMENAZA,30,HOMBRE,MESTIZO/A,SOLTERO,ECUADOR,NINGUNA,6,1,3,MADRUGADA,ARMA_CONTUNDENTE
ZONA 3,COTOPAXI,SALCEDO,COTOPAXI,SALCEDO,-1.02715,-78.58476,RURAL,CANCHAS DE USO MULTIPLE,PUBLICO,VIOLENCIA COMUNITARIA,RINAS,37,HOMBRE,MESTIZO/A,SOLTERO,ECUADOR,NINGUNA,5,1,16,TARDE,ARMA_CONTUNDENTE
ZONA 7,EL ORO,PASAJE,EL ORO,PASAJE,-3.33817955412389,-79.791634529829,RURAL,VIA PUBLICA,PUBLICO,DELINCUENCIA COMUN,AMENAZA,20,HOMBRE,MESTIZO/A,SOLTERO,ECUADOR,NINGUNA,5,1,3,MADRUGADA,ARMA_FUEGO
ZONA 8,D.M. GUAYAQUIL,SUR - DMG,GUAYAS,GUAYAQUIL,-2.27668,-79.88354,URBANO,VIA PUBLICA,PUBLICO,DELINCUENCIA COMUN,AMENAZA,28,HOMBRE,MESTIZO/A,SOLTERO,ECUADOR,NINGUNA,3,0,20,NOCHE,ARMA_BLANCA
ZONA 4,MANABI,PORTOVIEJO,MANABI,PORTOVIEJO,-1.05233,-80.45803,URBANO,CASA/VILLA,PRIVADO,VIOLENCIA INTRAFAMILIAR,SENTIMENTAL,40,HOMBRE,BLANCO/A,SOLTERO,ECUADOR,NINGUNA,2,0,16,TARDE,OTRAS
ZONA 4,STO DGO DE LOS TSACHILAS,SANTO DOMINGO ESTE,STO DGO DE LOS TSACHILAS,SANTO DOMINGO,-0.21469,-79.17301,URBANO,VIA PUBLICA,PUBLICO,VIOLENCIA COMUNITARIA,RINAS,34,HOMBRE,MESTIZO/A,SOLTERO,ECUADOR,NINGUNA,5,1,21,NOCHE,ARMA_CONTUNDENTE
ZONA 4,MANABI,PICHINCHA,MANABI,PICHINCHA,-0.841751999999999,-79.83040599999998,URBANO,VIA PUBLICA,PUBLICO,VIOLENCIA COMUNITARIA,ACTOS DE ODIO,32,HOMBRE,MONTUBIO/A,SOLTERO,ECUADOR,NINGUNA,0,0,17,TARDE,ARMA_FUEGO
ZONA 5,LOS RIOS,VENTANAS,LOS RIOS,VENTANAS,-1.43424,-79.40025,RURAL,FINCA,PRIVADO,DELINCUENCIA COMUN,AMENAZA,37,HOMBRE,MESTIZO/A,CASADO,ECUADOR,NINGUNA,0,0,15,TARDE,OTRAS
ZONA 1,ESMERALDAS,QUININDE,ESMERALDAS,QUININDE,0.58628,-79.63243,RURAL,FINCA,PRIVADO,DELINCUENCIA COMUN,AMENAZA,69,HOMBRE,MESTIZO/A,SOLTERO,ECUADOR,NINGUNA,5,1,16,TARDE,OTRAS
ZONA 8,D.M. GUAYAQUIL,FLORIDA,GUAYAS,GUAYAQUIL,-2.13426,-79.94195,URBANO,VIA PUBLICA,PUBLICO,DELINCUENCIA COMUN,TRAFICO INTERNO DE DROGAS (MICROTRAFICO),22,HOMBRE,MESTIZO/A,SOLTERO,ECUADOR,NINGUNA,5,1,21,NOCHE,ARMA_FUEGO
ZONA 9,D.M. QUITO,QUITUMBE,PICHINCHA,QUITO,-0.3147808,-78.55981199999998,URBANO,CASA/VILLA,PRIVADO,DELINCUENCIA COMUN,ROBO A PERSONAS,50,HOMBRE,MESTIZO/A,CASADO,ECUADOR,NINGUNA,6,1,8,MANANA,ARMA_FUEGO
ZONA 7,EL ORO,MACHALA,EL ORO,MACHALA,-3.26065,-79.97034,URBANO,CANCHAS DE USO MULTIPLE,PUBLICO,DELINCUENCIA COMUN,TRAFICO INTERNO DE DROGAS (MICROTRAFICO),46,HOMBRE,MESTIZO/A,SOLTERO,ECUADOR,NINGUNA,2,0,2,MADRUGADA,ARMA_BLANCA
ZONA 8,D.M. GUAYAQUIL,PASCUALES,GUAYAS,GUAYAQUIL,-2.04786,-79.9457,URBANO,CENTROS DE REHABILITACION SOCIAL,PRIVADO,DELINCUENCIA COMUN,AMENAZA,65,HOMBRE,MESTIZO/A,SOLTERO,ECUADOR,NINGUNA,5,1,22,NOCHE,OTRAS
ZONA 1,ESMERALDAS,QUININDE,ESMERALDAS,QUININDE,0.32581,-79.46027,URBANO,CASA/VILLA,PRIVADO,DELINCUENCIA COMUN,AMENAZA,15,MUJER,AFRO,SOLTERO,ECUADOR,NINGUNA,5,1,19,NOCHE,ARMA_BLANCA
ZONA 5,LOS RIOS,BUENA FE,LOS RIOS,VALENCIA,-0.76566,-79.31509,RURAL,BOSQUE Y RESERVAS ECOLOGICAS,PUBLICO,DELINCUENCIA COMUN,AMENAZA,48,HOMBRE,MESTIZO/A,SOLTERO,ECUADOR,NINGUNA,3,0,23,NOCHE,ARMA_BLANCA
ZONA 8,D.M. GUAYAQUIL,PROGRESO,GUAYAS,GUAYAQUIL,-2.20408,-80.10258,URBANO,LAGUNA - LAGO,PUBLICO,DELINCUENCIA COMUN,AMENAZA,28,MUJER,MESTIZO/A,SOLTERO,ECUADOR,NINGUNA,6,1,13,TARDE,ARMA_BLANCA
ZONA 7,EL ORO,MACHALA,EL ORO,MACHALA,-3.2641,-79.96379,URBANO,CENTROS DE REHABILITACION SOCIAL,PRIVADO,DELINCUENCIA COMUN,AMENAZA,33,HOMBRE,MESTIZO/A,SOLTERO,ECUADOR,NINGUNA,6,1,18,NOCHE,OTRAS
ZONA 3,TUNGURAHUA,AMBATO SUR,TUNGURAHUA,AMBATO,-1.2769,-78.59855,URBANO,CASA/VILLA,PRIVADO,VIOLENCIA COMUNITARIA,RINAS,27,HOMBRE,MESTIZO/A,SOLTERO,ECUADOR,NINGUNA,6,1,19,NOCHE,ARMA_BLANCA
ZONA 8,D.M. GUAYAQUIL,NUEVA PROSPERINA,GUAYAS,GUAYAQUIL,-2.13082515546387,-79.95263084783798,URBANO,CASA/VILLA,PRIVADO,VIOLENCIA INTRAFAMILIAR,SENTIMENTAL,52,HOMBRE,MESTIZO/A,CASADO,ECUADOR,NINGUNA,0,0,3,MADRUGADA,ARMA_FUEGO
ZONA 6,MORONA SANTIAGO,MORONA,MORONA SANTIAGO,MORONA,-2.3122416192499,-78.13596054911609,URBANO,VIA PUBLICA,PUBLICO,VIOLENCIA INTRAFAMILIAR,SENTIMENTAL,44,MUJER,INDIGENA,SOLTERO,ECUADOR,NINGUNA,4,0,13,TARDE,ARMA_CONTUNDENTE
ZONA 4,MANABI,PEDERNALES,MANABI,PEDERNALES,-0.04855,-80.03718,RURAL,RIO,PUBLICO,DELINCUENCIA COMUN,AMENAZA,16,HOMBRE,MESTIZO/A,SOLTERO,ECUADOR,NINGUNA,6,1,12,TARDE,ARMA_BLANCA
ZONA 2,PICHINCHA,RUMINAHUI - MEJIA,PICHINCHA,RUMINAHUI,-0.32951,-78.45074,URBANO,CASA/VILLA,PRIVADO,DELINCUENCIA COMUN,AMENAZA,52,MUJER,MESTIZO/A,CASADO,ECUADOR,NINGUNA,3,0,15,TARDE,ARMA_CONTUNDENTE
ZONA 8,D.M. GUAYAQUIL,PASCUALES,GUAYAS,GUAYAQUIL,-2.05225,-79.94381,URBANO,CENTROS DE REHABILITACION SOCIAL,PRIVADO,DELINCUENCIA COMUN,AMENAZA,37,HOMBRE,MESTIZO/A,DIVORCIADO,ECUADOR,NINGUNA,1,0,3,MADRUGADA,OTRAS
ZONA 8,D.M. GUAYAQUIL,PASCUALES,GUAYAS,GUAYAQUIL,-2.09236,-79.93316,URBANO,VIA PUBLICA,PUBLICO,DELINCUENCIA COMUN,AMENAZA,18,MUJER,MESTIZO/A,SOLTERO,ECUADOR,NINGUNA,2,0,12,TARDE,ARMA_FUEGO
ZONA 8,D.M. GUAYAQUIL,PASCUALES,GUAYAS,GUAYAQUIL,-2.08196,-79.92385,URBANO,VIA PUBLICA,PUBLICO,DELINCUENCIA COMUN,TRAFICO INTERNO DE DROGAS (MICROTRAFICO),36,HOMBRE,MESTIZO/A,SOLTERO,ECUADOR,NINGUNA,1,0,15,TARDE,ARMA_FUEGO
ZONA 1,ESMERALDAS,QUININDE,ESMERALDAS,QUININDE,0.3674,-79.01296999999998,RURAL,BOSQUE Y RESERVAS ECOLOGICAS,PUBLICO,DELINCUENCIA COMUN,AMENAZA,32,HOMBRE,MESTIZO/A,SOLTERO,ECUADOR,NINGUNA,2,0,23,NOCHE,ARMA_FUEGO
ZONA 3,CHIMBORAZO,RIOBAMBA,CHIMBORAZO,RIOBAMBA,-1.69058,-78.63184,URBANO,CENTROS DE REHABILITACION SOCIAL,PRIVADO,DELINCUENCIA COMUN,TRAFICO INTERNO DE DROGAS (MICROTRAFICO),50,HOMBRE,AFRO,SOLTERO,ECUADOR,NINGUNA,2,0,12,TARDE,OTRAS
ZONA 4,MANABI,MANTA,MANABI,MANTA,-0.98363,-80.71261,URBANO,VIA PUBLICA,PUBLICO,DELINCUENCIA COMUN,AMENAZA,23,HOMBRE,MESTIZO/A,SOLTERO,ECUADOR,NINGUNA,3,0,11,MANANA,ARMA_FUEGO
ZONA 4,MANABI,CHONE,MANABI,CHONE,-0.713650846493585,-80.1087362768885,URBANO,CASA/VILLA,PRIVADO,VIOLENCIA INTRAFAMILIAR,MALTRATO,23,MUJER,MESTIZO/A,SOLTERO,ECUADOR,NINGUNA,6,1,11,MANANA,ARMA_CONTUNDENTE
ZONA 4,MANABI,CHONE,MANABI,CHONE,-0.71107,-80.09206,URBANO,VIA PUBLICA,PUBLICO,DELINCUENCIA COMUN,AMENAZA,25,HOMBRE,MESTIZO/A,SOLTERO,ECUADOR,NINGUNA,1,0,2,MADRUGADA,ARMA_BLANCA
ZONA 5,BOLIVAR,GUARANDA,BOLIVAR,GUARANDA,-1.53459,-78.99459,RURAL,VIA PUBLICA,PUBLICO,VIOLENCIA COMUNITARIA,RINAS,34,HOMBRE,MESTIZO/A,SOLTERO,ECUADOR,NINGUNA,1,0,0,MADRUGADA,ARMA_CONTUNDENTE
ZONA 5,LOS RIOS,PUEBLO VIEJO,LOS RIOS,PUEBLOVIEJO,-1.41721,-79.52738,RURAL,FINCA,PRIVADO,DELINCUENCIA COMUN,AMENAZA,59,HOMBRE,MONTUBIO/A,SOLTERO,ECUADOR,NINGUNA,4,0,21,NOCHE,ARMA_BLANCA
ZONA 8,D.M. GUAYAQUIL,PASCUALES,GUAYAS,GUAYAQUIL,-2.05309,-79.9436,URBANO,CENTROS DE REHABILITACION SOCIAL,PRIVADO,DELINCUENCIA COMUN,AMENAZA,37,HOMBRE,MESTIZO/A,SOLTERO,ECUADOR,NINGUNA,4,0,8,MANANA,OTRAS
ZONA 1,CARCHI,MONTUFAR,CARCHI,BOLIVAR,0.51168,-77.88923,RURAL,QUEBRADAS,PUBLICO,VIOLENCIA COMUNITARIA,RINAS,30,HOMBRE,MESTIZO/A,SOLTERO,ECUADOR,NINGUNA,4,0,3,MADRUGADA,ARMA_CONTUNDENTE
ZONA 1,ESMERALDAS,ESMERALDAS,ESMERALDAS,ESMERALDAS,0.91499,-79.69751,URBANO,CENTROS DE REHABILITACION SOCIAL,PRIVADO,DELINCUENCIA COMUN,AMENAZA,32,HOMBRE,AFRO,SOLTERO,ECUADOR,NINGUNA,5,1,3,MADRUGADA,OTRAS
ZONA 4,STO DGO DE LOS TSACHILAS,SANTO DOMINGO ESTE,STO DGO DE LOS TSACHILAS,SANTO DOMINGO,-0.26822,-79.18524,URBANO,CASA/VILLA,PRIVADO,DELINCUENCIA COMUN,AMENAZA,30,HOMBRE,MESTIZO/A,SOLTERO,ECUADOR,NINGUNA,0,0,1,MADRUGADA,OTRAS
ZONA 4,MANABI,SUCRE,MANABI,SUCRE,-0.64509,-80.47087,URBANO,PLAYA,PUBLICO,DELINCUENCIA COMUN,TRAFICO INTERNO DE DROGAS (MICROTRAFICO),53,HOMBRE,MESTIZO/A,SOLTERO,ECUADOR,NINGUNA,1,0,20,NOCHE,ARMA_BLANCA
ZONA 4,MANABI,EL CARMEN,MANABI,EL CARMEN,-0.2698,-79.45066,URBANO,CASA/VILLA,PRIVADO,VIOLENCIA INTRAFAMILIAR,SENTIMENTAL,35,MUJER,MESTIZO/A,SOLTERO,ECUADOR,NINGUNA,5,1,11,MANANA,ARMA_BLANCA
ZONA 8,D.M. GUAYAQUIL,PROGRESO,GUAYAS,GUAYAQUIL,-2.1822,-80.08933,URBANO,RIO,PUBLICO,DELINCUENCIA COMUN,AMENAZA,41,HOMBRE,MESTIZO/A,CASADO,ECUADOR,NINGUNA,1,0,10,MANANA,OTRAS
ZONA 6,AZUAY,CUENCA SUR,AZUAY,CUENCA,-2.936411,-78.966496,URBANO,VIA PUBLICA,PUBLICO,DELINCUENCIA COMUN,ROBO A PERSONAS,50,MUJER,MESTIZO/A,CASADO,ECUADOR,NINGUNA,3,0,23,NOCHE,ARMA_CONTUNDENTE
ZONA 7,EL ORO,MACHALA,EL ORO,MACHALA,-3.25515,-79.9709,URBANO,CASA/VILLA,PRIVADO,DELINCUENCIA COMUN,ROBO A DOMICILIOS,65,MUJER,MESTIZO/A,SOLTERO,ECUADOR,NINGUNA,4,0,18,NOCHE,OTRAS
ZONA 4,MANABI,PORTOVIEJO,MANABI,PORTOVIEJO,-1.05811,-80.44737,URBANO,OTROS LOCALES COMERCIALES,PRIVADO,DELINCUENCIA COMUN,ROBO A UNIDADES ECONOMICAS,67,MUJER,MESTIZO/A,DIVORCIADO,ECUADOR,NINGUNA,3,0,12,TARDE,OTRAS
ZONA 1,IMBABURA,VALLE DEL AMANECER,IMBABURA,ANTONIO ANTE,0.33691,-78.22732,URBANO,CONJUNTO HABITACIONAL,PRIVADO,VIOLENCIA COMUNITARIA,RINAS,40,HOMBRE,MESTIZO/A,SOLTERO,ECUADOR,NINGUNA,6,1,1,MADRUGADA,ARMA_BLANCA
ZONA 7,EL ORO,MACHALA,EL ORO,MACHALA,-3.32937,-79.93391,RURAL,VIA PUBLICA,PUBLICO,DELINCUENCIA COMUN,SECUESTRO EXPRESS,35,HOMBRE,MESTIZO/A,CASADO,ECUADOR,NINGUNA,1,0,4,MADRUGADA,ARMA_BLANCA
ZONA 6,AZUAY,CUENCA SUR,AZUAY,CUENCA,-2.92745390815229,-79.00148153330518,URBANO,TERRENO BALDIO,PUBLICO,VIOLENCIA COMUNITARIA,RINAS,24,HOMBRE,MESTIZO/A,SOLTERO,ECUADOR,NINGUNA,6,1,10,MANANA,ARMA_CONTUNDENTE
ZONA 8,D.M. GUAYAQUIL,PASCUALES,GUAYAS,GUAYAQUIL,-2.0515,-79.94288,URBANO,CENTROS DE REHABILITACION SOCIAL,PRIVADO,DELINCUENCIA COMUN,AMENAZA,30,HOMBRE,MESTIZO/A,SOLTERO,ECUADOR,NINGUNA,5,1,3,MADRUGADA,OTRAS
ZONA 1,ESMERALDAS,QUININDE,ESMERALDAS,QUININDE,0.32581,-79.46027,URBANO,CASA/VILLA,PRIVADO,DELINCUENCIA COMUN,AMENAZA,19,MUJER,AFRO,SOLTERO,ECUADOR,NINGUNA,5,1,19,NOCHE,ARMA_BLANCA
ZONA 8,D.M. GUAYAQUIL,NUEVA PROSPERINA,GUAYAS,GUAYAQUIL,-2.13363,-79.97211,URBANO,TERRENO BALDIO,PUBLICO,DELINCUENCIA COMUN,AMENAZA,39,HOMBRE,MESTIZO/A,CASADO,ECUADOR,NINGUNA,1,0,16,TARDE,ARMA_BLANCA
ZONA 7,EL ORO,PASAJE,EL ORO,PASAJE,-3.33088,-79.79894,URBANO,VIA PUBLICA,PUBLICO,DELINCUENCIA COMUN,TRAFICO INTERNO DE DROGAS (MICROTRAFICO),27,HOMBRE,MESTIZO/A,SOLTERO,ECUADOR,NINGUNA,0,0,17,TARDE,ARMA_FUEGO
ZONA 5,GUAYAS,NARANJAL BALAO,GUAYAS,NARANJAL,-2.51943,-79.52039,RURAL,VIA PUBLICA,PUBLICO,DELINCUENCIA COMUN,AMENAZA,17,HOMBRE,MESTIZO/A,SOLTERO,ECUADOR,NINGUNA,5,1,0,MADRUGADA,ARMA_CONTUNDENTE
ZONA 4,STO DGO DE LOS TSACHILAS,LA CONCORDIA,STO DGO DE LOS TSACHILAS,LA CONCORDIA,0.02261,-79.3688,RURAL,RIO,PUBLICO,DELINCUENCIA COMUN,AMENAZA,60,HOMBRE,MESTIZO/A,CASADO,ECUADOR,NINGUNA,3,0,19,NOCHE,ARMA_BLANCA
ZONA 2,PICHINCHA,CAYAMBE,PICHINCHA,CAYAMBE,0.13809,-78.08346,RURAL,HACIENDAS,PRIVADO,VIOLENCIA COMUNITARIA,RINAS,19,HOMBRE,MESTIZO/A,SOLTERO,ECUADOR,NINGUNA,6,1,3,MADRUGADA,ARMA_CONTUNDENTE
ZONA 2,PICHINCHA,RUMINAHUI - MEJIA,PICHINCHA,MEJIA,-0.52729,-78.55981,RURAL,VIA PUBLICA,PUBLICO,VIOLENCIA COMUNITARIA,RINAS,19,HOMBRE,MESTIZO/A,SOLTERO,ECUADOR,NINGUNA,5,1,18,NOCHE,ARMA_BLANCA
ZONA 8,D.M. GUAYAQUIL,SUR - DMG,GUAYAS,GUAYAQUIL,-2.25778299999999,-79.880052,URBANO,VIA PUBLICA,PUBLICO,DELINCUENCIA COMUN,AMENAZA,38,HOMBRE,AFRO,SOLTERO,ECUADOR,NINGUNA,4,0,2,MADRUGADA,ARMA_FUEGO
ZONA 5,LOS RIOS,PUEBLO VIEJO,LOS RIOS,PUEBLOVIEJO,-1.63871,-79.56225,URBANO,VIA PUBLICA,PUBLICO,DELINCUENCIA COMUN,AMENAZA,27,HOMBRE,MESTIZO/A,SOLTERO,ECUADOR,NINGUNA,2,0,14,TARDE,ARMA_BLANCA
ZONA 1,ESMERALDAS,ATACAMES,ESMERALDAS,MUISNE,0.64071,-79.95434,RURAL,TERRENO BALDIO,PUBLICO,DELINCUENCIA COMUN,AMENAZA,70,HOMBRE,AFRO,CASADO,ECUADOR,NINGUNA,1,0,11,MANANA,OTRAS
ZONA 1,ESMERALDAS,QUININDE,ESMERALDAS,QUININDE,0.32701,-79.45412,URBANO,VIA PUBLICA,PUBLICO,DELINCUENCIA COMUN,ROBO A PERSONAS,30,HOMBRE,MESTIZO/A,DIVORCIADO,ECUADOR,NINGUNA,3,0,19,NOCHE,ARMA_FUEGO
ZONA 1,IMBABURA,CIUDAD BLANCA,IMBABURA,SAN MIGUEL DE URCUQUI,0.6958055792555659,-78.45342806676501,RURAL,TERRENO BALDIO,PUBLICO,DELINCUENCIA COMUN,AMENAZA,29,HOMBRE,MESTIZO/A,SOLTERO,COLOMBIA,NINGUNA,3,0,11,MANANA,ARMA_FUEGO
ZONA 5,GUAYAS,MILAGRO,GUAYAS,MILAGRO,-2.13951,-79.60798,URBANO,CASA/VILLA,PRIVADO,VIOLENCIA INTRAFAMILIAR,MALTRATO,54,MUJER,MESTIZO/A,CASADO,ECUADOR,NINGUNA,5,1,8,MANANA,ARMA_BLANCA
ZONA 5,LOS RIOS,VENTANAS,LOS RIOS,VENTANAS,-1.37658,-79.53093,RURAL,FINCA,PRIVADO,DELINCUENCIA COMUN,AMENAZA,24,HOMBRE,MONTUBIO/A,SOLTERO,ECUADOR,NINGUNA,4,0,5,MADRUGADA,ARMA_FUEGO
ZONA 8,D.M. GUAYAQUIL,MODELO,GUAYAS,GUAYAQUIL,-2.1764,-79.88663,URBANO,HOSPITALES,PRIVADO,VIOLENCIA INTRAFAMILIAR,MALTRATO,1,HOMBRE,MESTIZO/A,SOLTERO,ECUADOR,NINGUNA,2,0,23,NOCHE,ARMA_CONTUNDENTE
ZONA 6,CANAR,LA TRONCAL,CANAR,LA TRONCAL,-2.426549,-79.327229,URBANO,VIA PUBLICA,PUBLICO,DELINCUENCIA COMUN,TRAFICO INTERNO DE DROGAS (MICROTRAFICO),37,HOMBRE,MESTIZO/A,SOLTERO,ECUADOR,NINGUNA,4,0,8,MANANA,ARMA_FUEGO
ZONA 9,D.M. QUITO,MANUELA SAENZ,PICHINCHA,QUITO,-0.22146,-78.51804,URBANO,CASA/VILLA,PRIVADO,VIOLENCIA INTRAFAMILIAR,SENTIMENTAL,12,HOMBRE,MESTIZO/A,SOLTERO,ECUADOR,NINGUNA,6,1,3,MADRUGADA,ARMA_CONTUNDENTE
ZONA 1,ESMERALDAS,ESMERALDAS,ESMERALDAS,ESMERALDAS,0.97943,-79.65342,URBANO,VIA PUBLICA,PUBLICO,VIOLENCIA COMUNITARIA,RINAS,44,MUJER,MESTIZO/A,SOLTERO,ECUADOR,NINGUNA,5,1,20,NOCHE,ARMA_BLANCA
ZONA 1,ESMERALDAS,ATACAMES,ESMERALDAS,MUISNE,0.5403679999999988,-79.955349,RURAL,BOSQUE Y RESERVAS ECOLOGICAS,PUBLICO,VIOLENCIA COMUNITARIA,RINAS,61,HOMBRE,AFRO,SOLTERO,ECUADOR,NINGUNA,5,1,23,NOCHE,ARMA_CONTUNDENTE
ZONA 5,LOS RIOS,BUENA FE,LOS RIOS,VALENCIA,-0.80161,-79.46012,URBANO,VIA PUBLICA,PUBLICO,DELINCUENCIA COMUN,AMENAZA,25,HOMBRE,MESTIZO/A,SOLTERO,ECUADOR,NINGUNA,6,1,10,MANANA,ARMA_BLANCA
ZONA 6,CANAR,AZOGUES,CANAR,AZOGUES,-2.62111410670576,-78.6839897635218,RURAL,CASA/VILLA,PRIVADO,VIOLENCIA COMUNITARIA,RINAS,86,HOMBRE,MESTIZO/A,VIUDO,ECUADOR,NINGUNA,2,0,23,NOCHE,ARMA_CONTUNDENTE
ZONA 5,LOS RIOS,BABAHOYO,LOS RIOS,BABAHOYO,-1.70695,-79.39582,RURAL,NIGHT CLUBS,PRIVADO,VIOLENCIA COMUNITARIA,RINAS,26,HOMBRE,MESTIZO/A,SOLTERO,ECUADOR,NINGUNA,4,0,20,NOCHE,ARMA_BLANCA
ZONA 8,D.M. GUAYAQUIL,NUEVA PROSPERINA,GUAYAS,GUAYAQUIL,-2.09779,-79.95343,URBANO,VIA PUBLICA,PUBLICO,DELINCUENCIA COMUN,AMENAZA,38,HOMBRE,MESTIZO/A,CASADO,ECUADOR,NINGUNA,5,1,22,NOCHE,ARMA_BLANCA
ZONA 6,AZUAY,CUENCA NORTE,AZUAY,CUENCA,-2.866968,-78.98809199999998,URBANO,PARQUES Y PLAZAS,PUBLICO,VIOLENCIA COMUNITARIA,EMOCIONAL,22,HOMBRE,MESTIZO/A,SOLTERO,ECUADOR,NINGUNA,5,1,10,MANANA,ARMA_CONTUNDENTE
ZONA 4,MANABI,CHONE,MANABI,CHONE,-0.7510219999999989,-80.113022,RURAL,FINCA,PRIVADO,DELINCUENCIA COMUN,ROBO A DOMICILIOS,26,HOMBRE,MESTIZO/A,SOLTERO,ECUADOR,NINGUNA,6,1,17,TARDE,ARMA_FUEGO
ZONA 4,STO DGO DE LOS TSACHILAS,SANTO DOMINGO OESTE,STO DGO DE LOS TSACHILAS,SANTO DOMINGO,-0.1798,-79.33791,RURAL,CASA/VILLA,PRIVADO,VIOLENCIA INTRAFAMILIAR,MALTRATO,29,MUJER,MESTIZO/A,SOLTERO,ECUADOR,NINGUNA,0,0,18,NOCHE,ARMA_BLANCA
ZONA 4,MANABI,PORTOVIEJO,MANABI,PORTOVIEJO,-1.06701,-80.44456,URBANO,"TIENDAS, MICROMERCADO, ABARROTES",PRIVADO,DELINCUENCIA COMUN,AMENAZA,35,HOMBRE,MESTIZO/A,SOLTERO,ECUADOR,NINGUNA,3,0,10,MANANA,ARMA_FUEGO
ZONA 5,SANTA ELENA,LIBERTAD SALINAS,SANTA ELENA,LA LIBERTAD,-2.23121,-80.90777,URBANO,BARES,PRIVADO,DELINCUENCIA COMUN,TRAFICO INTERNO DE DROGAS (MICROTRAFICO),36,HOMBRE,MESTIZO/A,CASADO,ECUADOR,NINGUNA,0,0,23,NOCHE,ARMA_FUEGO
ZONA 8,D.M. GUAYAQUIL,PORTETE,GUAYAS,GUAYAQUIL,-2.22768,-79.92495,URBANO,VIA PUBLICA,PRIVADO,DELINCUENCIA COMUN,ROBO DE CARROS,68,HOMBRE,MESTIZO/A,DIVORCIADO,ECUADOR,NINGUNA,4,0,18,NOCHE,ARMA_CONTUNDENTE
ZONA 7,EL ORO,MACHALA,EL ORO,MACHALA,-3.26808,-79.97192,URBANO,VIA PUBLICA,PUBLICO,VIOLENCIA COMUNITARIA,EMOCIONAL,24,HOMBRE,AFRO,SOLTERO,ECUADOR,NINGUNA,4,0,12,TARDE,ARMA_FUEGO
ZONA 4,MANABI,CHONE,MANABI,CHONE,-0.31343,-80.09734,RURAL,FINCA,PRIVADO,VIOLENCIA INTRAFAMILIAR,SENTIMENTAL,46,MUJER,MESTIZO/A,SOLTERO,ECUADOR,NINGUNA,4,0,7,MANANA,ARMA_BLANCA
ZONA 1,ESMERALDAS,ATACAMES,ESMERALDAS,ATACAMES,0.88459,-79.81723,URBANO,"FUNDACIONES, ASOCIACIONES Y ORGANIZACIONES",PRIVADO,DELINCUENCIA COMUN,AMENAZA,37,HOMBRE,AFRO,SOLTERO,ECUADOR,NINGUNA,3,0,5,MADRUGADA,OTRAS
ZONA 2,PICHINCHA,CAYAMBE,PICHINCHA,CAYAMBE,0.1107,-78.16034,RURAL,CASA/VILLA,PRIVADO,VIOLENCIA COMUNITARIA,EMOCIONAL,1,HOMBRE,MESTIZO/A,SOLTERO,ECUADOR,NINGUNA,4,0,14,TARDE,OTRAS
ZONA 5,LOS RIOS,BABAHOYO,LOS RIOS,BABAHOYO,-1.81238,-79.50642,URBANO,VIA PUBLICA,PUBLICO,VIOLENCIA COMUNITARIA,RINAS,54,HOMBRE,MESTIZO/A,SOLTERO,ECUADOR,NINGUNA,0,0,16,TARDE,ARMA_BLANCA
ZONA 5,GUAYAS,MILAGRO,GUAYAS,MILAGRO,-2.12856,-79.59492,URBANO,CASA/VILLA,PRIVADO,VIOLENCIA COMUNITARIA,RINAS,83,HOMBRE,MESTIZO/A,SOLTERO,ECUADOR,NINGUNA,5,1,3,MADRUGADA,ARMA_CONTUNDENTE
ZONA 9,D.M. QUITO,MANUELA SAENZ,PICHINCHA,QUITO,-0.21442,-78.49869,URBANO,HOSPITALES,PRIVADO,DELINCUENCIA COMUN,AMENAZA,56,HOMBRE,MESTIZO/A,CASADO,ECUADOR,NINGUNA,5,1,22,NOCHE,ARMA_BLANCA
ZONA 5,LOS RIOS,BABAHOYO,LOS RIOS,BABAHOYO,-1.80444,-79.53447,URBANO,VIA PUBLICA,PUBLICO,DELINCUENCIA COMUN,AMENAZA,33,HOMBRE,MESTIZO/A,SOLTERO,ECUADOR,NINGUNA,1,0,16,TARDE,ARMA_FUEGO
ZONA 5,LOS RIOS,VENTANAS,LOS RIOS,VENTANAS,-1.43449,-79.45767,URBANO,VIA PUBLICA,PUBLICO,VIOLENCIA COMUNITARIA,RINAS,50,HOMBRE,MESTIZO/A,SOLTERO,ECUADOR,NINGUNA,4,0,21,NOCHE,ARMA_BLANCA
ZONA 7,EL ORO,MACHALA,EL ORO,MACHALA,-3.26386,-79.96385,URBANO,CENTROS DE REHABILITACION SOCIAL,PRIVADO,DELINCUENCIA COMUN,AMENAZA,44,HOMBRE,MESTIZO/A,SOLTERO,ECUADOR,NINGUNA,3,0,8,MANANA,ARMA_CONTUNDENTE
ZONA 3,TUNGURAHUA,BANOS,TUNGURAHUA,BANOS DE AGUA SANTA,-1.398743,-78.382192,RURAL,RIO,PUBLICO,DELINCUENCIA COMUN,AMENAZA,29,MUJER,MESTIZO/A,SOLTERO,ECUADOR,NINGUNA,3,0,20,NOCHE,ARMA_CONTUNDENTE
ZONA 9,D.M. QUITO,ELOY ALFARO - DMQ,PICHINCHA,QUITO,-0.24832,-78.50888,URBANO,CASA/VILLA,PRIVADO,VIOLENCIA COMUNITARIA,RINAS,29,HOMBRE,MESTIZO/A,SOLTERO,ECUADOR,NINGUNA,5,1,0,MADRUGADA,ARMA_BLANCA
ZONA 7,EL ORO,PASAJE,EL ORO,PASAJE,-3.35958,-79.85235,RURAL,HACIENDAS,PRIVADO,VIOLENCIA COMUNITARIA,RINAS,29,HOMBRE,MESTIZO/A,SOLTERO,ECUADOR,INTELECTUAL,0,0,2,MADRUGADA,ARMA_BLANCA
ZONA 9,D.M. QUITO,TUMBACO,PICHINCHA,QUITO,-0.24874,-78.31207,URBANO,CASA/VILLA,PRIVADO,DELINCUENCIA COMUN,ROBO A DOMICILIOS,60,MUJER,MESTIZO/A,CASADO,ECUADOR,NINGUNA,5,1,23,NOCHE,OTRAS
ZONA 3,TUNGURAHUA,AMBATO SUR,TUNGURAHUA,AMBATO,-1.25626,-78.62363,URBANO,VIA PUBLICA,PUBLICO,DELINCUENCIA COMUN,ROBO A PERSONAS,40,HOMBRE,MESTIZO/A,SOLTERO,ECUADOR,NINGUNA,4,0,1,MADRUGADA,ARMA_BLANCA
ZONA 8,D.M. GUAYAQUIL,PASCUALES,GUAYAS,GUAYAQUIL,-2.08724,-79.92597999999998,URBANO,VIA PUBLICA,PUBLICO,VIOLENCIA COMUNITARIA,RINAS,31,HOMBRE,MESTIZO/A,SOLTERO,ECUADOR,NINGUNA,5,1,4,MADRUGADA,ARMA_FUEGO
ZONA 8,D.M. GUAYAQUIL,9 DE OCTUBRE,GUAYAS,GUAYAQUIL,-2.21648,-79.90365,URBANO,VIA PUBLICA,PUBLICO,DELINCUENCIA COMUN,TRAFICO INTERNO DE DROGAS (MICROTRAFICO),59,HOMBRE,MESTIZO/A,SOLTERO,ECUADOR,NINGUNA,5,1,7,MANANA,ARMA_FUEGO
ZONA 8,D.M. GUAYAQUIL,PASCUALES,GUAYAS,GUAYAQUIL,-2.0798968,-79.9290187,URBANO,VIA PUBLICA,PUBLICO,VIOLENCIA COMUNITARIA,RINAS,26,HOMBRE,AFRO,SOLTERO,ECUADOR,NINGUNA,5,1,9,MANANA,ARMA_FUEGO
ZONA 1,ESMERALDAS,ESMERALDAS,ESMERALDAS,ESMERALDAS,0.91447,-79.69819,URBANO,CENTROS DE REHABILITACION SOCIAL,PRIVADO,DELINCUENCIA COMUN,AMENAZA,20,HOMBRE,AFRO,SOLTERO,ECUADOR,NINGUNA,5,1,0,MADRUGADA,OTRAS
ZONA 5,GUAYAS,EMPALME,GUAYAS,EL EMPALME,-1.04829880915249,-79.6395144620215,URBANO,CASA/VILLA,PRIVADO,VIOLENCIA COMUNITARIA,ACTOS DE ODIO,50,HOMBRE,MESTIZO/A,SOLTERO,ECUADOR,NINGUNA,2,0,19,NOCHE,ARMA_FUEGO
ZONA 5,GUAYAS,NARANJAL BALAO,GUAYAS,NARANJAL,-2.35049,-79.68684,RURAL,FINCA,PRIVADO,DELINCUENCIA COMUN,ROBO A PERSONAS,61,HOMBRE,MESTIZO/A,CASADO,ECUADOR,NINGUNA,5,1,4,MADRUGADA,ARMA_BLANCA
ZONA 6,CANAR,LA TRONCAL,CANAR,LA TRONCAL,-2.41964,-79.32492,RURAL,FINCA,PRIVADO,DELINCUENCIA COMUN,TRAFICO INTERNO DE DROGAS (MICROTRAFICO),23,HOMBRE,MESTIZO/A,SOLTERO,ECUADOR,NINGUNA,6,1,19,NOCHE,ARMA_BLANCA
ZONA 5,GUAYAS,NARANJAL BALAO,GUAYAS,NARANJAL,-2.59537,-79.59552,RURAL,VIA PUBLICA,PUBLICO,DELINCUENCIA COMUN,AMENAZA,28,HOMBRE,MESTIZO/A,SOLTERO,ECUADOR,NINGUNA,6,1,22,NOCHE,OTRAS
ZONA 1,ESMERALDAS,QUININDE,ESMERALDAS,QUININDE,0.51434,-79.4714,RURAL,FINCA,PRIVADO,VIOLENCIA INTRAFAMILIAR,SENTIMENTAL,28,MUJER,MESTIZO/A,SOLTERO,ECUADOR,NINGUNA,1,0,20,NOCHE,ARMA_BLANCA
ZONA 6,CANAR,LA TRONCAL,CANAR,LA TRONCAL,-2.34938,-79.31205,URBANO,MAR,PUBLICO,DELINCUENCIA COMUN,AMENAZA,36,HOMBRE,MESTIZO/A,SOLTERO,ECUADOR,NINGUNA,1,0,8,MANANA,OTRAS
ZONA 8,D.M. GUAYAQUIL,PASCUALES,GUAYAS,GUAYAQUIL,-2.084483,-79.92611499999998,URBANO,VIA PUBLICA,PUBLICO,DELINCUENCIA COMUN,AMENAZA,31,HOMBRE,MESTIZO/A,SOLTERO,ECUADOR,NINGUNA,6,1,2,MADRUGADA,ARMA_FUEGO
ZONA 1,SUCUMBIOS,SHUSHUFINDI,SUCUMBIOS,SHUSHUFINDI,-0.176560241339967,-76.7937989841448,RURAL,FINCA,PRIVADO,VIOLENCIA COMUNITARIA,EMOCIONAL,33,HOMBRE,MESTIZO/A,CASADO,ECUADOR,NINGUNA,1,0,18,NOCHE,ARMA_FUEGO
ZONA 8,D.M. GUAYAQUIL,PROGRESO,GUAYAS,GUAYAQUIL,-2.35747,-80.26297,URBANO,TERRENO BALDIO,PUBLICO,DELINCUENCIA COMUN,AMENAZA,25,HOMBRE,MESTIZO/A,SOLTERO,ECUADOR,NINGUNA,6,1,16,TARDE,ARMA_BLANCA
ZONA 8,D.M. GUAYAQUIL,DURAN,GUAYAS,DURAN,-2.16198,-79.81525,URBANO,TERRENO BALDIO,PUBLICO,DELINCUENCIA COMUN,AMENAZA,27,HOMBRE,MESTIZO/A,SOLTERO,ECUADOR,NINGUNA,3,0,20,NOCHE,OTRAS
ZONA 1,ESMERALDAS,ESMERALDAS,ESMERALDAS,ESMERALDAS,0.91509,-79.69725,URBANO,CENTROS DE REHABILITACION SOCIAL,PRIVADO,DELINCUENCIA COMUN,AMENAZA,26,HOMBRE,MESTIZO/A,SOLTERO,ECUADOR,NINGUNA,3,0,2,MADRUGADA,ARMA_BLANCA
ZONA 8,D.M. GUAYAQUIL,PASCUALES,GUAYAS,GUAYAQUIL,-2.0513,-79.94498,URBANO,CENTROS DE REHABILITACION SOCIAL,PRIVADO,VIOLENCIA COMUNITARIA,RINAS,32,HOMBRE,MESTIZO/A,SOLTERO,ECUADOR,NINGUNA,0,0,5,MADRUGADA,OTRAS
ZONA 1,SUCUMBIOS,SHUSHUFINDI,SUCUMBIOS,SHUSHUFINDI,-0.17891,-76.64835,URBANO,TERRENO BALDIO,PUBLICO,DELINCUENCIA COMUN,TRAFICO INTERNO DE DROGAS (MICROTRAFICO),24,HOMBRE,MESTIZO/A,SOLTERO,ECUADOR,NINGUNA,3,0,18,NOCHE,ARMA_BLANCA
ZONA 9,D.M. QUITO,CALDERON,PICHINCHA,QUITO,-0.06852,-78.44138,URBANO,CASA/VILLA,PRIVADO,DELINCUENCIA COMUN,ROBO A PERSONAS,35,HOMBRE,MESTIZO/A,DIVORCIADO,ECUADOR,NINGUNA,1,0,23,NOCHE,OTRAS
ZONA 7,EL ORO,MACHALA,EL ORO,MACHALA,-3.23848500586488,-79.95613239705558,URBANO,VIA PUBLICA,PUBLICO,DELINCUENCIA COMUN,AMENAZA,35,HOMBRE,AFRO,SOLTERO,ECUADOR,NINGUNA,4,0,1,MADRUGADA,ARMA_FUEGO
ZONA 5,GUAYAS,EL TRIUNFO BUCAY,GUAYAS,GENERAL ANTONIO ELIZALDE,-2.13602,-79.23878,RURAL,VIA PUBLICA,PUBLICO,DELINCUENCIA COMUN,ROBO DE MOTOS,31,HOMBRE,MESTIZO/A,SOLTERO,ECUADOR,NINGUNA,5,1,22,NOCHE,ARMA_BLANCA
ZONA 5,GUAYAS,DAULE,GUAYAS,DAULE,-1.79676,-80.03782,RURAL,VIA PUBLICA,PUBLICO,DELINCUENCIA COMUN,TRAFICO INTERNO DE DROGAS (MICROTRAFICO),60,HOMBRE,MESTIZO/A,CASADO,ECUADOR,NINGUNA,1,0,5,MADRUGADA,ARMA_BLANCA
ZONA 7,EL ORO,MACHALA,EL ORO,MACHALA,-3.2641,-79.96379,URBANO,CENTROS DE REHABILITACION SOCIAL,PRIVADO,DELINCUENCIA COMUN,AMENAZA,26,HOMBRE,MESTIZO/A,SOLTERO,ECUADOR,NINGUNA,6,1,18,NOCHE,OTRAS
ZONA 1,ESMERALDAS,ESMERALDAS,ESMERALDAS,ESMERALDAS,0.91320488795357,-79.6875252574682,URBANO,VIA PUBLICA,PUBLICO,VIOLENCIA COMUNITARIA,EMOCIONAL,29,HOMBRE,AFRO,SOLTERO,ECUADOR,NINGUNA,2,0,9,MANANA,ARMA_CONTUNDENTE
ZONA 6,AZUAY,SIGSIG,AZUAY,SIGSIG,-3.04201,-78.78114,RURAL,CASA/VILLA,PRIVADO,VIOLENCIA INTRAFAMILIAR,SENTIMENTAL,41,MUJER,MESTIZO/A,CASADO,ECUADOR,NINGUNA,0,0,17,TARDE,OTRAS
ZONA 6,AZUAY,GIRON,AZUAY,PUCARA,-3.27788,-79.62298,RURAL,TERRENO BALDIO,PUBLICO,DELINCUENCIA COMUN,AMENAZA,34,HOMBRE,MESTIZO/A,SOLTERO,ECUADOR,NINGUNA,5,1,2,MADRUGADA,OTRAS
ZONA 8,D.M. GUAYAQUIL,SUR - DMG,GUAYAS,GUAYAQUIL,-2.26495,-79.88847,URBANO,HOSPITALES,PRIVADO,DELINCUENCIA COMUN,AMENAZA,38,HOMBRE,MESTIZO/A,EN UNION DE HECHO,ECUADOR,NINGUNA,6,1,9,MANANA,ARMA_CONTUNDENTE
ZONA 5,SANTA ELENA,SANTA ELENA,SANTA ELENA,SANTA ELENA,-2.32074,-80.86488,RURAL,VIA PUBLICA,PUBLICO,DELINCUENCIA COMUN,AMENAZA,53,HOMBRE,MESTIZO/A,SOLTERO,ECUADOR,NINGUNA,1,0,17,TARDE,ARMA_BLANCA
ZONA 1,ESMERALDAS,ESMERALDAS,ESMERALDAS,ESMERALDAS,0.977037400528565,-79.6531502009748,URBANO,VIA PUBLICA,PUBLICO,VIOLENCIA COMUNITARIA,RINAS,20,HOMBRE,AFRO,SOLTERO,ECUADOR,NINGUNA,0,0,0,MADRUGADA,ARMA_FUEGO
ZONA 8,D.M. GUAYAQUIL,SUR - DMG,GUAYAS,GUAYAQUIL,-2.27685,-79.8913,URBANO,CLINICAS,PRIVADO,DELINCUENCIA COMUN,AMENAZA,25,HOMBRE,MESTIZO/A,SOLTERO,ECUADOR,NINGUNA,2,0,10,MANANA,OTRAS
ZONA 1,ESMERALDAS,SAN LORENZO,ESMERALDAS,SAN LORENZO,1.28085,-78.8335,URBANO,VIA PUBLICA,PUBLICO,DELINCUENCIA COMUN,AMENAZA,34,HOMBRE,AFRO,SOLTERO,ECUADOR,NINGUNA,5,1,3,MADRUGADA,ARMA_BLANCA
ZONA 5,SANTA ELENA,SANTA ELENA,SANTA ELENA,SANTA ELENA,-2.22908,-80.83948,RURAL,VIA PUBLICA,PUBLICO,DELINCUENCIA COMUN,AMENAZA,29,HOMBRE,MESTIZO/A,SOLTERO,ECUADOR,NINGUNA,6,1,23,NOCHE,ARMA_BLANCA
ZONA 5,GUAYAS,BALZAR,GUAYAS,BALZAR,-1.35638,-79.88875,RURAL,VIA PUBLICA,PUBLICO,DELINCUENCIA COMUN,ROBO A PERSONAS,74,HOMBRE,MONTUBIO/A,SOLTERO,ECUADOR,NINGUNA,5,1,6,MANANA,ARMA_BLANCA
ZONA 9,D.M. QUITO,EUGENIO ESPEJO,PICHINCHA,QUITO,-0.15213,-78.47242,URBANO,CENTROS DE REHABILITACION SOCIAL,PRIVADO,VIOLENCIA COMUNITARIA,RINAS,46,HOMBRE,MESTIZO/A,SOLTERO,ECUADOR,NINGUNA,4,0,9,MANANA,OTRAS
ZONA 5,LOS RIOS,VINCES,LOS RIOS,PALENQUE,-1.3544,-79.80313,RURAL,FINCA,PRIVADO,DELINCUENCIA COMUN,AMENAZA,36,HOMBRE,MESTIZO/A,SOLTERO,ECUADOR,NINGUNA,4,0,12,TARDE,OTRAS
ZONA 5,LOS RIOS,BUENA FE,LOS RIOS,VALENCIA,-0.79842,-79.35267,RURAL,VIA PUBLICA,PUBLICO,DELINCUENCIA COMUN,AMENAZA,41,HOMBRE,MESTIZO/A,SOLTERO,ECUADOR,NINGUNA,6,1,22,NOCHE,ARMA_BLANCA
ZONA 8,D.M. GUAYAQUIL,SUR - DMG,GUAYAS,GUAYAQUIL,-2.27837,-79.87283,URBANO,VIA PUBLICA,PUBLICO,DELINCUENCIA COMUN,TRAFICO INTERNO DE DROGAS (MICROTRAFICO),20,HOMBRE,AFRO,SOLTERO,ECUADOR,NINGUNA,6,1,3,MADRUGADA,ARMA_FUEGO
ZONA 8,D.M. GUAYAQUIL,ESTEROS,GUAYAS,GUAYAQUIL,-2.23187144529967,-79.92303460836409,URBANO,VIA PUBLICA,PUBLICO,DELINCUENCIA COMUN,AMENAZA,17,HOMBRE,AFRO,SOLTERO,ECUADOR,NINGUNA,3,0,1,MADRUGADA,ARMA_FUEGO
ZONA 4,MANABI,MANTA,MANABI,MONTECRISTI,-1.06304,-80.5999,RURAL,CASA/VILLA,PRIVADO,VIOLENCIA INTRAFAMILIAR,MALTRATO,56,HOMBRE,MESTIZO/A,DIVORCIADO,ECUADOR,NINGUNA,4,0,18,NOCHE,OTRAS
ZONA 8,D.M. GUAYAQUIL,NUEVA PROSPERINA,GUAYAS,GUAYAQUIL,-2.09218933902714,-79.9694683402777,URBANO,VIA PUBLICA,PUBLICO,DELINCUENCIA COMUN,ROBO A DOMICILIOS,25,HOMBRE,MESTIZO/A,SOLTERO,ECUADOR,NINGUNA,1,0,23,NOCHE,ARMA_CONTUNDENTE
ZONA 5,LOS RIOS,QUEVEDO,LOS RIOS,QUEVEDO,-1.00567,-79.47042,URBANO,VIA PUBLICA,PUBLICO,DELINCUENCIA COMUN,AMENAZA,15,HOMBRE,AFRO,SOLTERO,ECUADOR,NINGUNA,3,0,4,MADRUGADA,ARMA_FUEGO
ZONA 5,LOS RIOS,PUEBLO VIEJO,LOS RIOS,PUEBLOVIEJO,-1.58598,-79.54634,RURAL,VIA PUBLICA,PUBLICO,DELINCUENCIA COMUN,AMENAZA,19,HOMBRE,MESTIZO/A,SOLTERO,ECUADOR,NINGUNA,2,0,7,MANANA,ARMA_BLANCA
ZONA 8,D.M. GUAYAQUIL,PROGRESO,GUAYAS,GUAYAQUIL,-2.08201,-79.99784,URBANO,VIA PUBLICA,PUBLICO,DELINCUENCIA COMUN,TRAFICO INTERNO DE DROGAS (MICROTRAFICO),50,HOMBRE,MESTIZO/A,CASADO,ECUADOR,NINGUNA,1,0,20,NOCHE,ARMA_FUEGO
ZONA 7,LOJA,LOJA,LOJA,LOJA,-4.0099,-79.21514,URBANO,CASA/VILLA,PRIVADO,VIOLENCIA COMUNITARIA,RINAS,40,HOMBRE,MESTIZO/A,SOLTERO,ECUADOR,NINGUNA,6,1,23,NOCHE,OTRAS
ZONA 8,D.M. GUAYAQUIL,NUEVA PROSPERINA,GUAYAS,GUAYAQUIL,-2.11242,-79.98,URBANO,VIA PUBLICA,PUBLICO,DELINCUENCIA COMUN,AMENAZA,29,HOMBRE,MESTIZO/A,SOLTERO,ECUADOR,NINGUNA,0,0,4,MADRUGADA,OTRAS
ZONA 3,CHIMBORAZO,RIOBAMBA,CHIMBORAZO,RIOBAMBA,-1.69253,-78.63003,URBANO,CASA/VILLA,PRIVADO,VIOLENCIA INTRAFAMILIAR,SENTIMENTAL,11,HOMBRE,MESTIZO/A,SOLTERO,ECUADOR,NINGUNA,0,0,7,MANANA,OTRAS
ZONA 9,D.M. QUITO,TUMBACO,PICHINCHA,QUITO,-0.21452,-78.38249,URBANO,VIA PUBLICA,PUBLICO,DELINCUENCIA COMUN,ROBO A PERSONAS,36,HOMBRE,MESTIZO/A,SOLTERO,ECUADOR,NINGUNA,6,1,2,MADRUGADA,ARMA_BLANCA
ZONA 8,D.M. GUAYAQUIL,9 DE OCTUBRE,GUAYAS,GUAYAQUIL,-2.20809,-79.92091,URBANO,VIA PUBLICA,PUBLICO,DELINCUENCIA COMUN,TRAFICO INTERNO DE DROGAS (MICROTRAFICO),55,HOMBRE,MESTIZO/A,SOLTERO,ECUADOR,NINGUNA,5,1,13,TARDE,ARMA_FUEGO
ZONA 2,PICHINCHA,CAYAMBE,PICHINCHA,CAYAMBE,0.03339,-78.14721,URBANO,VIA PUBLICA,PUBLICO,VIOLENCIA COMUNITARIA,RINAS,27,HOMBRE,MESTIZO/A,SOLTERO,ECUADOR,NINGUNA,6,1,3,MADRUGADA,ARMA_BLANCA
ZONA 9,D.M. QUITO,TUMBACO,PICHINCHA,QUITO,-0.26659,-78.28729,URBANO,VIA PUBLICA,PUBLICO,VIOLENCIA INTRAFAMILIAR,SENTIMENTAL,15,MUJER,MESTIZO/A,VIUDO,ECUADOR,NINGUNA,0,0,4,MADRUGADA,OTRAS
ZONA 7,LOJA,CATAMAYO,LOJA,CATAMAYO,-4.00544,-79.29638,RURAL,TERRENO BALDIO,PUBLICO,DELINCUENCIA COMUN,ROBO A PERSONAS,36,HOMBRE,MESTIZO/A,CASADO,ECUADOR,NINGUNA,5,1,6,MANANA,OTRAS
ZONA 9,D.M. QUITO,ELOY ALFARO - DMQ,PICHINCHA,QUITO,-0.2457,-78.50393,URBANO,CASA/VILLA,PRIVADO,VIOLENCIA INTRAFAMILIAR,MALTRATO,25,MUJER,MESTIZO/A,SOLTERO,ECUADOR,NINGUNA,4,0,2,MADRUGADA,OTRAS
ZONA 6,CANAR,LA TRONCAL,CANAR,LA TRONCAL,-2.349383,-79.312049,RURAL,MAR,PUBLICO,DELINCUENCIA COMUN,ROBO A PERSONAS,27,HOMBRE,AFRO,SOLTERO,ECUADOR,NINGUNA,6,1,12,TARDE,ARMA_FUEGO
ZONA 9,D.M. QUITO,MANUELA SAENZ,PICHINCHA,QUITO,-0.21499,-78.50765,URBANO,VIA PUBLICA,PUBLICO,DELINCUENCIA COMUN,AMENAZA,26,HOMBRE,MESTIZO/A,SOLTERO,ECUADOR,NINGUNA,5,1,1,MADRUGADA,ARMA_CONTUNDENTE
ZONA 4,STO DGO DE LOS TSACHILAS,SANTO DOMINGO ESTE,STO DGO DE LOS TSACHILAS,SANTO DOMINGO,-0.62949,-79.28024,RURAL,CASA/VILLA,PRIVADO,PSICOPATOLOGIAS,TRASTORNOS MENTALES,34,HOMBRE,MESTIZO/A,SOLTERO,ECUADOR,NINGUNA,6,1,11,MANANA,ARMA_CONTUNDENTE
ZONA 8,D.M. GUAYAQUIL,FLORIDA,GUAYAS,GUAYAQUIL,-2.17787,-79.93115,URBANO,VIA PUBLICA,PUBLICO,DELINCUENCIA COMUN,ROBO A PERSONAS,34,HOMBRE,MESTIZO/A,CASADO,ECUADOR,NINGUNA,4,0,20,NOCHE,OTRAS
ZONA 1,SUCUMBIOS,LAGO AGRIO,SUCUMBIOS,LAGO AGRIO,0.08717999999999988,-77.07526,RURAL,VIA PUBLICA,PUBLICO,DELINCUENCIA COMUN,AMENAZA,22,HOMBRE,MESTIZO/A,SOLTERO,ECUADOR,NINGUNA,3,0,3,MADRUGADA,ARMA_FUEGO
ZONA 5,GUAYAS,SALITRE,GUAYAS,SALITRE,-1.8899109999999897,-79.725751,RURAL,VIA PUBLICA,PUBLICO,DELINCUENCIA COMUN,TRAFICO INTERNO DE DROGAS (MICROTRAFICO),42,HOMBRE,MESTIZO/A,SOLTERO,ECUADOR,NINGUNA,5,1,21,NOCHE,ARMA_FUEGO
ZONA 5,LOS RIOS,BUENA FE,LOS RIOS,BUENA FE,-0.8937,-79.48112,RURAL,FINCA,PRIVADO,DELINCUENCIA COMUN,AMENAZA,24,HOMBRE,MESTIZO/A,SOLTERO,ECUADOR,NINGUNA,4,0,16,TARDE,OTRAS
ZONA 1,CARCHI,TULCAN,CARCHI,TULCAN,0.83254,-77.7101,URBANO,BOSQUE Y RESERVAS ECOLOGICAS,PUBLICO,VIOLENCIA INTRAFAMILIAR,MALTRATO,29,MUJER,MESTIZO/A,SOLTERO,ECUADOR,NINGUNA,6,1,21,NOCHE,ARMA_BLANCA
ZONA 4,STO DGO DE LOS TSACHILAS,SANTO DOMINGO ESTE,STO DGO DE LOS TSACHILAS,SANTO DOMINGO,-0.2007,-79.18675,RURAL,RIO,PUBLICO,DELINCUENCIA COMUN,AMENAZA,54,HOMBRE,MESTIZO/A,DIVORCIADO,ECUADOR,NINGUNA,0,0,13,TARDE,ARMA_BLANCA
ZONA 5,LOS RIOS,VENTANAS,LOS RIOS,VENTANAS,-1.43636,-79.45712,URBANO,CASA/VILLA,PRIVADO,DELINCUENCIA COMUN,AMENAZA,49,MUJER,OTROS,SOLTERO,ECUADOR,NINGUNA,5,1,6,MANANA,ARMA_CONTUNDENTE
ZONA 4,MANABI,PORTOVIEJO,MANABI,PORTOVIEJO,-1.08044,-80.46722,URBANO,VIA PUBLICA,PUBLICO,DELINCUENCIA COMUN,AMENAZA,29,HOMBRE,MESTIZO/A,SOLTERO,ECUADOR,NINGUNA,4,0,17,TARDE,OTRAS
ZONA 5,GUAYAS,PEDRO CARBO,GUAYAS,PEDRO CARBO,-1.85045,-80.16728,RURAL,VIA PUBLICA,PUBLICO,VIOLENCIA COMUNITARIA,ACTOS DE ODIO,56,HOMBRE,MESTIZO/A,DIVORCIADO,ECUADOR,NINGUNA,3,0,23,NOCHE,ARMA_FUEGO
ZONA 9,D.M. QUITO,CALDERON,PICHINCHA,QUITO,-0.07276,-78.42305,URBANO,VIA PUBLICA,PUBLICO,VIOLENCIA COMUNITARIA,LINCHAMIENTO,30,HOMBRE,MESTIZO/A,SOLTERO,ECUADOR,NINGUNA,5,1,1,MADRUGADA,OTRAS
ZONA 6,CANAR,LA TRONCAL,CANAR,LA TRONCAL,-2.34938,-79.31205,URBANO,MAR,PUBLICO,DELINCUENCIA COMUN,AMENAZA,31,HOMBRE,MESTIZO/A,SOLTERO,ECUADOR,NINGUNA,6,1,10,MANANA,OTRAS
ZONA 5,LOS RIOS,BABAHOYO,LOS RIOS,BABAHOYO,-1.90035,-79.45442,RURAL,FINCA,PRIVADO,VIOLENCIA INTRAFAMILIAR,SENTIMENTAL,18,MUJER,MESTIZO/A,SOLTERO,ECUADOR,NINGUNA,4,0,17,TARDE,ARMA_BLANCA
ZONA 4,MANABI,PORTOVIEJO,MANABI,PORTOVIEJO,-0.848366729556829,-80.52324914984638,RURAL,CASA/VILLA,PRIVADO,VIOLENCIA COMUNITARIA,ACTOS DE ODIO,35,HOMBRE,MESTIZO/A,SOLTERO,ECUADOR,NINGUNA,4,0,2,MADRUGADA,ARMA_FUEGO
ZONA 5,LOS RIOS,QUEVEDO,LOS RIOS,MOCACHE,-1.08394,-79.5177,URBANO,CASA/VILLA,PRIVADO,VIOLENCIA COMUNITARIA,RINAS,30,HOMBRE,MESTIZO/A,SOLTERO,ECUADOR,NINGUNA,5,1,22,NOCHE,ARMA_BLANCA
ZONA 5,GUAYAS,PEDRO CARBO,GUAYAS,LOMAS DE SARGENTILLO,-1.8787,-80.08335,URBANO,CASA/VILLA,PRIVADO,VIOLENCIA COMUNITARIA,RINAS,42,HOMBRE,MESTIZO/A,EN UNION DE HECHO,ECUADOR,NINGUNA,5,1,9,MANANA,ARMA_CONTUNDENTE
ZONA 8,D.M. GUAYAQUIL,SUR - DMG,GUAYAS,GUAYAQUIL,-2.26217,-79.8783,URBANO,VIA PUBLICA,PUBLICO,DELINCUENCIA COMUN,AMENAZA,24,HOMBRE,MESTIZO/A,SOLTERO,ECUADOR,NINGUNA,6,1,3,MADRUGADA,OTRAS
ZONA 8,D.M. GUAYAQUIL,PASCUALES,GUAYAS,GUAYAQUIL,-2.05043,-79.94363,URBANO,CENTROS DE REHABILITACION SOCIAL,PRIVADO,DELINCUENCIA COMUN,TRAFICO INTERNO DE DROGAS (MICROTRAFICO),28,HOMBRE,AFRO,SOLTERO,ECUADOR,NINGUNA,1,0,3,MADRUGADA,OTRAS
ZONA 8,D.M. GUAYAQUIL,ESTEROS,GUAYAS,GUAYAQUIL,-2.24551,-79.91889,URBANO,PARQUES Y PLAZAS,PUBLICO,DELINCUENCIA COMUN,ROBO A PERSONAS,50,HOMBRE,MESTIZO/A,DIVORCIADO,ECUADOR,NINGUNA,3,0,8,MANANA,OTRAS
ZONA 5,GUAYAS,MILAGRO,GUAYAS,MILAGRO,-2.13362,-79.63244,RURAL,VIA PUBLICA,PUBLICO,DELINCUENCIA COMUN,AMENAZA,29,HOMBRE,MESTIZO/A,SOLTERO,ECUADOR,NINGUNA,2,0,16,TARDE,ARMA_BLANCA
ZONA 6,AZUAY,PONCE ENRIQUEZ,AZUAY,CAMILO PONCE ENRIQUEZ,-3.05706,-79.73751,RURAL,CASA/VILLA,PRIVADO,DELINCUENCIA COMUN,AMENAZA,37,HOMBRE,MESTIZO/A,SOLTERO,ECUADOR,NINGUNA,1,0,4,MADRUGADA,ARMA_BLANCA
ZONA 5,GUAYAS,EMPALME,GUAYAS,EL EMPALME,-0.90067,-79.64655,RURAL,FINCA,PRIVADO,DELINCUENCIA COMUN,AMENAZA,42,HOMBRE,MESTIZO/A,DIVORCIADO,ECUADOR,NINGUNA,0,0,11,MANANA,ARMA_BLANCA
ZONA 4,MANABI,SUCRE,MANABI,SAN VICENTE,-0.625932152406781,-80.3830130025744,RURAL,HACIENDAS,PRIVADO,DELINCUENCIA COMUN,AMENAZA,65,HOMBRE,MESTIZO/A,SOLTERO,ECUADOR,NINGUNA,5,1,10,MANANA,ARMA_FUEGO
ZONA 4,MANABI,PORTOVIEJO,MANABI,PORTOVIEJO,-1.01665,-80.38565,RURAL,CENTROS DE REHABILITACION SOCIAL,PRIVADO,DELINCUENCIA COMUN,AMENAZA,46,HOMBRE,MESTIZO/A,SOLTERO,ECUADOR,NINGUNA,3,0,14,TARDE,OTRAS
ZONA 4,STO DGO DE LOS TSACHILAS,SANTO DOMINGO OESTE,STO DGO DE LOS TSACHILAS,SANTO DOMINGO,-0.25779,-79.21238,URBANO,CASA/VILLA,PRIVADO,VIOLENCIA INTRAFAMILIAR,SENTIMENTAL,48,HOMBRE,MESTIZO/A,SOLTERO,ECUADOR,NINGUNA,5,1,6,MANANA,ARMA_BLANCA
ZONA 8,D.M. GUAYAQUIL,ESTEROS,GUAYAS,GUAYAQUIL,-2.23534,-79.93372,URBANO,VIA PUBLICA,PUBLICO,DELINCUENCIA COMUN,AMENAZA,41,HOMBRE,MESTIZO/A,SOLTERO,ECUADOR,NINGUNA,0,0,7,MANANA,ARMA_FUEGO
ZONA 5,LOS RIOS,BUENA FE,LOS RIOS,VALENCIA,-0.95092,-79.36106,URBANO,VIA PUBLICA,PUBLICO,DELINCUENCIA COMUN,AMENAZA,26,HOMBRE,MESTIZO/A,SOLTERO,ECUADOR,NINGUNA,5,1,19,NOCHE,ARMA_FUEGO
ZONA 1,IMBABURA,VALLE DEL AMANECER,IMBABURA,ANTONIO ANTE,0.35962,-78.15095,RURAL,VIA PUBLICA,PUBLICO,VIOLENCIA INTRAFAMILIAR,SENTIMENTAL,36,MUJER,MESTIZO/A,SOLTERO,ECUADOR,NINGUNA,4,0,23,NOCHE,ARMA_BLANCA
ZONA 3,COTOPAXI,LATACUNGA,COTOPAXI,LATACUNGA,-0.88797,-78.61632,URBANO,CASA/VILLA,PRIVADO,VIOLENCIA INTRAFAMILIAR,MALTRATO,50,HOMBRE,MESTIZO/A,CASADO,ECUADOR,FISICA,2,0,18,NOCHE,ARMA_BLANCA
ZONA 7,EL ORO,MACHALA,EL ORO,MACHALA,-3.26111,-79.96101,URBANO,VIA PUBLICA,PRIVADO,DELINCUENCIA COMUN,AMENAZA,35,HOMBRE,MESTIZO/A,SOLTERO,ECUADOR,NINGUNA,4,0,18,NOCHE,ARMA_FUEGO
ZONA 7,ZAMORA CHINCHIPE,ZAMORA,ZAMORA CHINCHIPE,ZAMORA,-3.93493,-79.04329,RURAL,FINCA,PRIVADO,DELINCUENCIA COMUN,ROBO A DOMICILIOS,54,HOMBRE,MESTIZO/A,SOLTERO,ECUADOR,NINGUNA,3,0,19,NOCHE,ARMA_CONTUNDENTE
ZONA 7,EL ORO,HUAQUILLAS,EL ORO,HUAQUILLAS,-3.47486,-80.23632,URBANO,VIA PUBLICA,PUBLICO,VIOLENCIA COMUNITARIA,EMOCIONAL,20,HOMBRE,MESTIZO/A,SOLTERO,ECUADOR,NINGUNA,4,0,23,NOCHE,ARMA_FUEGO
ZONA 5,LOS RIOS,VINCES,LOS RIOS,VINCES,-1.6033,-79.86188,URBANO,BARES,PRIVADO,VIOLENCIA COMUNITARIA,RINAS,26,HOMBRE,MESTIZO/A,SOLTERO,ECUADOR,NINGUNA,5,1,19,NOCHE,ARMA_BLANCA
ZONA 5,LOS RIOS,BABAHOYO,LOS RIOS,BABAHOYO,-1.69911,-79.54744,RURAL,VIA PUBLICA,PUBLICO,DELINCUENCIA COMUN,AMENAZA,45,HOMBRE,MESTIZO/A,CASADO,ECUADOR,NINGUNA,4,0,6,MANANA,ARMA_BLANCA
ZONA 5,GUAYAS,DAULE,GUAYAS,DAULE,-2.04599809646606,-79.8813552856445,URBANO,RIO,PUBLICO,DELINCUENCIA COMUN,AMENAZA,57,HOMBRE,MESTIZO/A,DIVORCIADO,ECUADOR,NINGUNA,1,0,9,MANANA,ARMA_CONTUNDENTE
ZONA 5,LOS RIOS,QUEVEDO,LOS RIOS,QUEVEDO,-1.04343,-79.46929,URBANO,VIA PUBLICA,PUBLICO,DELINCUENCIA COMUN,AMENAZA,43,HOMBRE,MESTIZO/A,SOLTERO,ECUADOR,NINGUNA,1,0,18,NOCHE,ARMA_FUEGO
ZONA 8,D.M. GUAYAQUIL,ESTEROS,GUAYAS,GUAYAQUIL,-2.24105,-79.91064,URBANO,VIA PUBLICA,PUBLICO,DELINCUENCIA COMUN,TRAFICO INTERNO DE DROGAS (MICROTRAFICO),17,HOMBRE,MESTIZO/A,SOLTERO,ECUADOR,NINGUNA,0,0,20,NOCHE,ARMA_FUEGO
ZONA 4,MANABI,PICHINCHA,MANABI,PICHINCHA,-0.90477,-79.74336,RURAL,VIA PUBLICA,PUBLICO,VIOLENCIA COMUNITARIA,ACTOS DE ODIO,29,HOMBRE,MONTUBIO/A,SOLTERO,ECUADOR,NINGUNA,0,0,10,MANANA,ARMA_FUEGO
ZONA 5,LOS RIOS,QUEVEDO,LOS RIOS,QUEVEDO,-1.0394,-79.44748,RURAL,HACIENDAS,PRIVADO,DELINCUENCIA COMUN,AMENAZA,41,HOMBRE,MESTIZO/A,CASADO,ECUADOR,NINGUNA,2,0,20,NOCHE,OTRAS
ZONA 1,SUCUMBIOS,LAGO AGRIO,SUCUMBIOS,LAGO AGRIO,0.09291,-76.87893,URBANO,TERRENO BALDIO,PUBLICO,DELINCUENCIA COMUN,AMENAZA,32,HOMBRE,MESTIZO/A,SOLTERO,ECUADOR,NINGUNA,1,0,2,MADRUGADA,OTRAS
ZONA 8,D.M. GUAYAQUIL,SUR - DMG,GUAYAS,GUAYAQUIL,-2.27314,-79.88476,URBANO,VIA PUBLICA,PUBLICO,DELINCUENCIA COMUN,AMENAZA,36,HOMBRE,MESTIZO/A,CASADO,ECUADOR,NINGUNA,5,1,13,TARDE,ARMA_FUEGO
ZONA 1,CARCHI,TULCAN,CARCHI,TULCAN,0.697686999999999,-77.69349599999998,URBANO,VIA PUBLICA,PUBLICO,DELINCUENCIA COMUN,AMENAZA,37,HOMBRE,MESTIZO/A,CASADO,ECUADOR,NINGUNA,3,0,15,TARDE,ARMA_FUEGO
ZONA 8,D.M. GUAYAQUIL,ESTEROS,GUAYAS,GUAYAQUIL,-2.253852,-79.904402,URBANO,BARES,PRIVADO,VIOLENCIA COMUNITARIA,DEUDAS,25,HOMBRE,MESTIZO/A,SOLTERO,ECUADOR,NINGUNA,6,1,0,MADRUGADA,ARMA_FUEGO
ZONA 5,LOS RIOS,VENTANAS,LOS RIOS,QUINSALOMA,-1.13169,-79.33874,RURAL,FINCA,PRIVADO,DELINCUENCIA COMUN,AMENAZA,26,HOMBRE,MESTIZO/A,SOLTERO,VENEZUELA,NINGUNA,2,0,7,MANANA,ARMA_BLANCA
ZONA 7,EL ORO,MACHALA,EL ORO,MACHALA,-3.288241,-79.890538,RURAL,HACIENDAS,PRIVADO,DELINCUENCIA COMUN,ROBO A DOMICILIOS,65,HOMBRE,MESTIZO/A,SOLTERO,ECUADOR,NINGUNA,0,0,6,MANANA,ARMA_FUEGO
ZONA 9,D.M. QUITO,MANUELA SAENZ,PICHINCHA,QUITO,-0.22203,-78.5129,URBANO,CASA/VILLA,PRIVADO,DELINCUENCIA COMUN,AMENAZA,30,HOMBRE,AFRO,SOLTERO,ECUADOR,NINGUNA,3,0,0,MADRUGADA,ARMA_CONTUNDENTE
ZONA 8,D.M. GUAYAQUIL,SUR - DMG,GUAYAS,GUAYAQUIL,-2.25599,-79.88408,URBANO,VIA PUBLICA,PUBLICO,DELINCUENCIA COMUN,TRAFICO INTERNO DE DROGAS (MICROTRAFICO),18,HOMBRE,MESTIZO/A,SOLTERO,ECUADOR,NINGUNA,5,1,18,NOCHE,ARMA_FUEGO
ZONA 8,D.M. GUAYAQUIL,9 DE OCTUBRE,GUAYAS,GUAYAQUIL,-2.19339,-79.90332,URBANO,VIA PUBLICA,PUBLICO,DELINCUENCIA COMUN,AMENAZA,63,HOMBRE,MESTIZO/A,SOLTERO,ECUADOR,NINGUNA,0,0,21,NOCHE,ARMA_FUEGO
ZONA 1,ESMERALDAS,ESMERALDAS,ESMERALDAS,ESMERALDAS,0.91463,-79.6977,URBANO,CENTROS DE REHABILITACION SOCIAL,PRIVADO,VIOLENCIA COMUNITARIA,ACTOS DE ODIO,33,HOMBRE,AFRO,SOLTERO,ECUADOR,NINGUNA,0,0,17,TARDE,OTRAS
ZONA 5,GUAYAS,JUJAN SIMON BOLIVAR,GUAYAS,ALFREDO BAQUERIZO MORENO (JUJAN),-1.89142,-79.55759,URBANO,VIA PUBLICA,PUBLICO,VIOLENCIA COMUNITARIA,RINAS,33,HOMBRE,MESTIZO/A,SOLTERO,ECUADOR,NINGUNA,6,1,21,NOCHE,ARMA_BLANCA
ZONA 7,EL ORO,PASAJE,EL ORO,EL GUABO,-3.24039,-79.84526,URBANO,HACIENDAS,PRIVADO,DELINCUENCIA COMUN,TRAFICO INTERNO DE DROGAS (MICROTRAFICO),27,HOMBRE,MESTIZO/A,SOLTERO,ECUADOR,NINGUNA,0,0,3,MADRUGADA,ARMA_BLANCA
ZONA 5,SANTA ELENA,SANTA ELENA,SANTA ELENA,SANTA ELENA,-2.19368,-80.77336,RURAL,RIO,PUBLICO,DELINCUENCIA COMUN,AMENAZA,26,HOMBRE,MESTIZO/A,SOLTERO,ECUADOR,NINGUNA,3,0,22,NOCHE,ARMA_CONTUNDENTE
ZONA 5,LOS RIOS,VENTANAS,LOS RIOS,VENTANAS,-1.37496599999999,-79.353678,RURAL,VIA PUBLICA,PUBLICO,VIOLENCIA COMUNITARIA,RINAS,21,HOMBRE,MONTUBIO/A,SOLTERO,ECUADOR,NINGUNA,6,1,8,MANANA,ARMA_CONTUNDENTE
ZONA 8,D.M. GUAYAQUIL,PASCUALES,GUAYAS,GUAYAQUIL,-2.05371,-79.94343,URBANO,CENTROS DE REHABILITACION SOCIAL,PRIVADO,VIOLENCIA COMUNITARIA,RINAS,39,HOMBRE,MULATO/A,SOLTERO,ECUADOR,NINGUNA,1,0,22,NOCHE,ARMA_CONTUNDENTE
ZONA 4,MANABI,PEDERNALES,MANABI,PEDERNALES,0.08825,-79.94956,RURAL,FINCA,PRIVADO,VIOLENCIA COMUNITARIA,ACTOS DE ODIO,70,HOMBRE,MESTIZO/A,VIUDO,ECUADOR,NINGUNA,5,1,12,TARDE,ARMA_BLANCA
ZONA 6,AZUAY,CUENCA NORTE,AZUAY,CUENCA,-2.88669,-78.96245,URBANO,VIA PUBLICA,PUBLICO,VIOLENCIA COMUNITARIA,RINAS,43,HOMBRE,MESTIZO/A,SOLTERO,ECUADOR,NINGUNA,1,0,0,MADRUGADA,ARMA_CONTUNDENTE
ZONA 8,D.M. GUAYAQUIL,ESTEROS,GUAYAS,GUAYAQUIL,-2.24962,-79.90066,URBANO,CASA/VILLA,PRIVADO,DELINCUENCIA COMUN,ROBO A DOMICILIOS,70,HOMBRE,MESTIZO/A,CASADO,ECUADOR,NINGUNA,4,0,6,MANANA,ARMA_CONTUNDENTE
ZONA 5,LOS RIOS,PUEBLO VIEJO,LOS RIOS,URDANETA,-1.52903,-79.38648,RURAL,CASA/VILLA,PRIVADO,VIOLENCIA INTRAFAMILIAR,SENTIMENTAL,27,MUJER,MESTIZO/A,SOLTERO,ECUADOR,NINGUNA,2,0,5,MADRUGADA,OTRAS
ZONA 8,D.M. GUAYAQUIL,NUEVA PROSPERINA,GUAYAS,GUAYAQUIL,-2.11242,-79.97022,URBANO,VIA PUBLICA,PUBLICO,DELINCUENCIA COMUN,AMENAZA,33,HOMBRE,MESTIZO/A,SOLTERO,ECUADOR,NINGUNA,6,1,1,MADRUGADA,ARMA_CONTUNDENTE
ZONA 3,COTOPAXI,PANGUA,COTOPAXI,PANGUA,-1.1177,-79.265,RURAL,VIA PUBLICA,PUBLICO,DELINCUENCIA COMUN,TRAFICO INTERNO DE DROGAS (MICROTRAFICO),16,HOMBRE,MESTIZO/A,SOLTERO,ECUADOR,NINGUNA,4,0,11,MANANA,ARMA_CONTUNDENTE
ZONA 7,EL ORO,MACHALA,EL ORO,MACHALA,-3.24835,-79.89135,URBANO,VIA PUBLICA,PUBLICO,DELINCUENCIA COMUN,TRAFICO INTERNO DE DROGAS (MICROTRAFICO),34,HOMBRE,MESTIZO/A,SOLTERO,ECUADOR,NINGUNA,2,0,15,TARDE,OTRAS
ZONA 3,PASTAZA,PASTAZA,PASTAZA,SANTA CLARA,-1.26629609999999,-77.886746,RURAL,FINCA,PRIVADO,DELINCUENCIA COMUN,AMENAZA,59,MUJER,MESTIZO/A,DIVORCIADO,ECUADOR,NINGUNA,5,1,8,MANANA,ARMA_CONTUNDENTE
ZONA 2,PICHINCHA,CAYAMBE,PICHINCHA,PEDRO MONCAYO,0.076,-78.21347,RURAL,QUEBRADAS,PUBLICO,VIOLENCIA COMUNITARIA,EMOCIONAL,21,MUJER,MESTIZO/A,SOLTERO,ECUADOR,NINGUNA,0,0,16,TARDE,OTRAS
ZONA 8,D.M. GUAYAQUIL,SAMBORONDON,GUAYAS,SAMBORONDON,-2.00441,-79.77654,URBANO,VIA PUBLICA,PUBLICO,DELINCUENCIA COMUN,AMENAZA,36,HOMBRE,MESTIZO/A,SOLTERO,ECUADOR,NINGUNA,3,0,12,TARDE,ARMA_BLANCA
ZONA 4,STO DGO DE LOS TSACHILAS,SANTO DOMINGO OESTE,STO DGO DE LOS TSACHILAS,SANTO DOMINGO,-0.25708,-79.18083,URBANO,VIA PUBLICA,PUBLICO,VIOLENCIA COMUNITARIA,RINAS,22,HOMBRE,MESTIZO/A,SOLTERO,ECUADOR,NINGUNA,3,0,2,MADRUGADA,ARMA_CONTUNDENTE
ZONA 5,SANTA ELENA,LIBERTAD SALINAS,SANTA ELENA,SALINAS,-2.24306,-80.93333,URBANO,VIA PUBLICA,PUBLICO,DELINCUENCIA COMUN,AMENAZA,18,HOMBRE,MESTIZO/A,SOLTERO,ECUADOR,NINGUNA,0,0,16,TARDE,ARMA_FUEGO
ZONA 8,D.M. GUAYAQUIL,ESTEROS,GUAYAS,GUAYAQUIL,-2.24629,-79.91168,URBANO,VIA PUBLICA,PUBLICO,DELINCUENCIA COMUN,ROBO A PERSONAS,43,HOMBRE,MESTIZO/A,EN UNION DE HECHO,ECUADOR,NINGUNA,3,0,18,NOCHE,ARMA_BLANCA
ZONA 3,TUNGURAHUA,PATATE,TUNGURAHUA,SAN PEDRO DE PELILEO,-1.32217446666409,-78.56932304799558,RURAL,CANCHAS DE USO MULTIPLE,PUBLICO,VIOLENCIA COMUNITARIA,ACTOS DE ODIO,74,HOMBRE,INDIGENA,CASADO,ECUADOR,NINGUNA,5,1,8,MANANA,ARMA_CONTUNDENTE
ZONA 4,MANABI,MANTA,MANABI,MANTA,-0.98435,-80.7246,URBANO,VIA PUBLICA,PUBLICO,DELINCUENCIA COMUN,AMENAZA,30,HOMBRE,MESTIZO/A,SOLTERO,ECUADOR,NINGUNA,1,0,13,TARDE,ARMA_FUEGO
ZONA 5,LOS RIOS,QUEVEDO,LOS RIOS,MOCACHE,-1.20241099999999,-79.50569,RURAL,HACIENDAS,PRIVADO,DELINCUENCIA COMUN,ROBO A DOMICILIOS,19,HOMBRE,MESTIZO/A,SOLTERO,ECUADOR,NINGUNA,1,0,19,NOCHE,ARMA_FUEGO
ZONA 4,STO DGO DE LOS TSACHILAS,SANTO DOMINGO OESTE,STO DGO DE LOS TSACHILAS,SANTO DOMINGO,-0.31432,-79.39533,RURAL,FINCA,PRIVADO,DELINCUENCIA COMUN,AMENAZA,48,HOMBRE,MESTIZO/A,SOLTERO,ECUADOR,NINGUNA,4,0,10,MANANA,OTRAS
ZONA 9,D.M. QUITO,EUGENIO ESPEJO,PICHINCHA,QUITO,-0.15206,-78.47243,URBANO,CENTROS DE REHABILITACION SOCIAL,PRIVADO,DELINCUENCIA COMUN,AMENAZA,30,HOMBRE,AFRO,SOLTERO,ECUADOR,NINGUNA,6,1,0,MADRUGADA,OTRAS
ZONA 3,CHIMBORAZO,RIOBAMBA,CHIMBORAZO,RIOBAMBA,-1.66135,-78.6796,URBANO,VIA PUBLICA,PUBLICO,VIOLENCIA COMUNITARIA,RINAS,25,HOMBRE,MESTIZO/A,EN UNION DE HECHO,OTROS,NINGUNA,1,0,23,NOCHE,ARMA_CONTUNDENTE
ZONA 3,TUNGURAHUA,AMBATO SUR,TUNGURAHUA,AMBATO,-1.28321,-78.66392,URBANO,VIA PUBLICA,PUBLICO,VIOLENCIA COMUNITARIA,RINAS,43,HOMBRE,MESTIZO/A,CASADO,ECUADOR,NINGUNA,4,0,17,TARDE,ARMA_BLANCA
ZONA 5,SANTA ELENA,SANTA ELENA,SANTA ELENA,SANTA ELENA,-1.82658,-80.7534,URBANO,HOTELES,PRIVADO,VIOLENCIA INTRAFAMILIAR,SENTIMENTAL,32,MUJER,MESTIZO/A,SOLTERO,PERU,NINGUNA,5,1,11,MANANA,OTRAS
ZONA 8,D.M. GUAYAQUIL,PROGRESO,GUAYAS,GUAYAQUIL,-2.41986,-80.36177,RURAL,CASA/VILLA,PRIVADO,VIOLENCIA INTRAFAMILIAR,SENTIMENTAL,39,MUJER,MESTIZO/A,CASADO,ECUADOR,NINGUNA,4,0,22,NOCHE,ARMA_BLANCA
ZONA 1,SUCUMBIOS,LAGO AGRIO,SUCUMBIOS,LAGO AGRIO,0.056203,-76.53789999999998,RURAL,CASA/VILLA,PRIVADO,DELINCUENCIA COMUN,AMENAZA,51,HOMBRE,MESTIZO/A,SOLTERO,ECUADOR,NINGUNA,6,1,1,MADRUGADA,ARMA_FUEGO
ZONA 9,D.M. QUITO,LOS CHILLOS,PICHINCHA,QUITO,-0.27866,-78.47362,URBANO,CASA/VILLA,PRIVADO,VIOLENCIA INTRAFAMILIAR,MALTRATO,44,MUJER,MESTIZO/A,SOLTERO,ECUADOR,NINGUNA,5,1,14,TARDE,OTRAS
ZONA 5,GUAYAS,MILAGRO,GUAYAS,MILAGRO,-2.06084,-79.64009,RURAL,VIA PUBLICA,PUBLICO,DELINCUENCIA COMUN,AMENAZA,25,HOMBRE,MESTIZO/A,SOLTERO,ECUADOR,NINGUNA,3,0,3,MADRUGADA,ARMA_CONTUNDENTE
ZONA 5,LOS RIOS,QUEVEDO,LOS RIOS,QUEVEDO,-1.03776,-79.44936,URBANO,VIA PUBLICA,PUBLICO,DELINCUENCIA COMUN,AMENAZA,20,HOMBRE,MESTIZO/A,SOLTERO,ECUADOR,NINGUNA,1,0,3,MADRUGADA,ARMA_BLANCA
ZONA 5,GUAYAS,NARANJAL BALAO,GUAYAS,NARANJAL,-2.72624,-79.67216,RURAL,VIA PUBLICA,PUBLICO,DELINCUENCIA COMUN,AMENAZA,27,HOMBRE,MESTIZO/A,SOLTERO,ECUADOR,NINGUNA,4,0,4,MADRUGADA,ARMA_BLANCA
ZONA 5,GUAYAS,EL TRIUNFO BUCAY,GUAYAS,EL TRIUNFO,-2.32876,-79.333,RURAL,HACIENDAS,PRIVADO,VIOLENCIA INTRAFAMILIAR,SENTIMENTAL,36,MUJER,MESTIZO/A,SOLTERO,ECUADOR,NINGUNA,5,1,20,NOCHE,ARMA_BLANCA
ZONA 5,GUAYAS,JUJAN SIMON BOLIVAR,GUAYAS,SIMON BOLIVAR,-1.996146,-79.45347499999998,RURAL,VIA PUBLICA,PUBLICO,VIOLENCIA COMUNITARIA,RINAS,33,HOMBRE,MESTIZO/A,EN UNION DE HECHO,ECUADOR,NINGUNA,4,0,9,MANANA,ARMA_FUEGO
ZONA 7,EL ORO,MACHALA,EL ORO,MACHALA,-3.26394,-79.96377,URBANO,CENTROS DE REHABILITACION SOCIAL,PRIVADO,DELINCUENCIA COMUN,AMENAZA,21,HOMBRE,AFRO,SOLTERO,ECUADOR,NINGUNA,1,0,21,NOCHE,OTRAS
ZONA 6,AZUAY,CUENCA NORTE,AZUAY,CUENCA,-2.87795,-78.99154,URBANO,CASA/VILLA,PRIVADO,DELINCUENCIA COMUN,ROBO A DOMICILIOS,89,HOMBRE,MESTIZO/A,VIUDO,ECUADOR,NINGUNA,4,0,16,TARDE,ARMA_CONTUNDENTE
ZONA 5,GUAYAS,NARANJITO MARCELINO MARIDUENA,GUAYAS,NARANJITO,-2.17285747599999,-79.46446277424,URBANO,CASA/VILLA,PRIVADO,VIOLENCIA COMUNITARIA,EMOCIONAL,68,HOMBRE,MESTIZO/A,SOLTERO,ECUADOR,NINGUNA,1,0,19,NOCHE,ARMA_CONTUNDENTE
ZONA 9,D.M. QUITO,QUITUMBE,PICHINCHA,QUITO,-0.3002387,-78.56230399999998,URBANO,VIA PUBLICA,PUBLICO,VIOLENCIA COMUNITARIA,EMOCIONAL,32,MUJER,MESTIZO/A,SOLTERO,COLOMBIA,NINGUNA,5,1,23,NOCHE,ARMA_FUEGO
ZONA 8,D.M. GUAYAQUIL,PASCUALES,GUAYAS,GUAYAQUIL,-2.08772,-79.91373,URBANO,VIA PUBLICA,PUBLICO,DELINCUENCIA COMUN,ROBO A PERSONAS,33,HOMBRE,MESTIZO/A,SOLTERO,ECUADOR,NINGUNA,4,0,21,NOCHE,ARMA_CONTUNDENTE
ZONA 7,EL ORO,MACHALA,EL ORO,MACHALA,-3.26412,-79.96377,URBANO,CENTROS DE REHABILITACION SOCIAL,PRIVADO,DELINCUENCIA COMUN,AMENAZA,21,HOMBRE,MESTIZO/A,SOLTERO,ECUADOR,NINGUNA,6,1,16,TARDE,OTRAS
ZONA 1,SUCUMBIOS,SHUSHUFINDI,SUCUMBIOS,SHUSHUFINDI,-0.173504459921262,-76.8030062467733,RURAL,VIA PUBLICA,PUBLICO,DELINCUENCIA COMUN,ROBO DE MOTOS,22,MUJER,MESTIZO/A,SOLTERO,ECUADOR,NINGUNA,6,1,17,TARDE,ARMA_FUEGO
ZONA 1,IMBABURA,CIUDAD BLANCA,IMBABURA,PIMAMPIRO,0.29821,-77.98309,RURAL,VIA PUBLICA,PUBLICO,VIOLENCIA INTRAFAMILIAR,SENTIMENTAL,17,MUJER,MESTIZO/A,SOLTERO,ECUADOR,NINGUNA,2,0,22,NOCHE,ARMA_BLANCA
ZONA 5,LOS RIOS,BABAHOYO,LOS RIOS,BABAHOYO,-1.8019259999999897,-79.5346459,RURAL,HACIENDAS,PRIVADO,VIOLENCIA COMUNITARIA,LITIGIO DE TIERRAS,20,HOMBRE,MESTIZO/A,SOLTERO,ECUADOR,NINGUNA,3,0,18,NOCHE,ARMA_FUEGO
ZONA 8,D.M. GUAYAQUIL,NUEVA PROSPERINA,GUAYAS,GUAYAQUIL,-2.1322160999999906,-79.97211079999998,URBANO,VIA PUBLICA,PUBLICO,VIOLENCIA COMUNITARIA,RINAS,27,HOMBRE,MESTIZO/A,SOLTERO,ECUADOR,NINGUNA,4,0,22,NOCHE,ARMA_FUEGO
ZONA 5,GUAYAS,YAGUACHI,GUAYAS,SAN JACINTO DE YAGUACHI,-1.98327,-79.60782899999998,RURAL,VIA PUBLICA,PUBLICO,DELINCUENCIA COMUN,AMENAZA,29,HOMBRE,MESTIZO/A,EN UNION DE HECHO,ECUADOR,NINGUNA,5,1,23,NOCHE,ARMA_FUEGO
ZONA 1,ESMERALDAS,ESMERALDAS,ESMERALDAS,ESMERALDAS,0.950639,-79.650063,URBANO,VIA PUBLICA,PUBLICO,VIOLENCIA COMUNITARIA,RINAS,42,HOMBRE,AFRO,SOLTERO,ECUADOR,NINGUNA,2,0,1,MADRUGADA,ARMA_FUEGO
ZONA 2,PICHINCHA,CAYAMBE,PICHINCHA,CAYAMBE,0.03399,-78.14601,RURAL,CASA/VILLA,PRIVADO,VIOLENCIA INTRAFAMILIAR,SENTIMENTAL,19,MUJER,MESTIZO/A,SOLTERO,ECUADOR,NINGUNA,5,1,20,NOCHE,OTRAS
ZONA 1,ESMERALDAS,ESMERALDAS,ESMERALDAS,ESMERALDAS,0.97554,-79.65272,URBANO,VIA PUBLICA,PUBLICO,DELINCUENCIA COMUN,AMENAZA,22,HOMBRE,AFRO,SOLTERO,ECUADOR,NINGUNA,4,0,18,NOCHE,ARMA_FUEGO
ZONA 1,SUCUMBIOS,LAGO AGRIO,SUCUMBIOS,LAGO AGRIO,0.233884,-76.827365,RURAL,VIA PUBLICA,PUBLICO,DELINCUENCIA COMUN,AMENAZA,27,HOMBRE,MESTIZO/A,CASADO,ECUADOR,NINGUNA,3,0,11,MANANA,ARMA_CONTUNDENTE
ZONA 6,AZUAY,CUENCA SUR,AZUAY,CUENCA,-2.91296,-78.99365,URBANO,LOCALES DE NECESIDADES BASICAS,PRIVADO,VIOLENCIA COMUNITARIA,RINAS,43,HOMBRE,MESTIZO/A,SOLTERO,ECUADOR,NINGUNA,5,1,20,NOCHE,OTRAS
ZONA 6,AZUAY,CUENCA SUR,AZUAY,CUENCA,-2.93469,-79.00536,URBANO,CENTROS DE REHABILITACION SOCIAL,PRIVADO,VIOLENCIA COMUNITARIA,RINAS,35,HOMBRE,MESTIZO/A,DIVORCIADO,ECUADOR,NINGUNA,6,1,1,MADRUGADA,OTRAS
ZONA 4,MANABI,JIPIJAPA,MANABI,JIPIJAPA,-1.51667,-80.58088,RURAL,CASA/VILLA,PRIVADO,VIOLENCIA INTRAFAMILIAR,MALTRATO,1,MUJER,MONTUBIO/A,SOLTERO,ECUADOR,NINGUNA,5,1,20,NOCHE,OTRAS
ZONA 5,GUAYAS,BALZAR,GUAYAS,BALZAR,-1.1621,-79.97816,RURAL,VIA PUBLICA,PUBLICO,VIOLENCIA INTRAFAMILIAR,SENTIMENTAL,25,MUJER,MESTIZO/A,SOLTERO,ECUADOR,NINGUNA,6,1,5,MADRUGADA,OTRAS
ZONA 4,MANABI,JIPIJAPA,MANABI,JIPIJAPA,-1.35256939999999,-80.58272719999998,URBANO,VIA PUBLICA,PUBLICO,VIOLENCIA COMUNITARIA,RINAS,34,MUJER,MESTIZO/A,SOLTERO,ECUADOR,NINGUNA,0,0,11,MANANA,ARMA_CONTUNDENTE
ZONA 6,CANAR,AZOGUES,CANAR,AZOGUES,-2.74395,-78.82543,RURAL,VIA PUBLICA,PUBLICO,VIOLENCIA COMUNITARIA,ACTOS DE ODIO,23,HOMBRE,MESTIZO/A,SOLTERO,ECUADOR,NINGUNA,2,0,22,NOCHE,ARMA_CONTUNDENTE
ZONA 8,D.M. GUAYAQUIL,SUR - DMG,GUAYAS,GUAYAQUIL,-2.27209,-79.8912,URBANO,VIA PUBLICA,PUBLICO,DELINCUENCIA COMUN,AMENAZA,28,HOMBRE,MESTIZO/A,SOLTERO,ECUADOR,NINGUNA,0,0,19,NOCHE,ARMA_BLANCA
ZONA 5,GUAYAS,NARANJAL BALAO,GUAYAS,NARANJAL,-2.68511,-79.63831,RURAL,FINCA,PRIVADO,DELINCUENCIA COMUN,ROBO A PERSONAS,37,HOMBRE,MESTIZO/A,CASADO,ECUADOR,NINGUNA,2,0,14,TARDE,ARMA_FUEGO
ZONA 9,D.M. QUITO,CALDERON,PICHINCHA,QUITO,-0.06382,-78.42983,URBANO,VIA PUBLICA,PUBLICO,VIOLENCIA COMUNITARIA,RINAS,23,HOMBRE,MESTIZO/A,SOLTERO,ECUADOR,NINGUNA,6,1,5,MADRUGADA,ARMA_CONTUNDENTE
ZONA 8,D.M. GUAYAQUIL,PASCUALES,GUAYAS,GUAYAQUIL,-2.05309,-79.9436,URBANO,CENTROS DE REHABILITACION SOCIAL,PRIVADO,DELINCUENCIA COMUN,AMENAZA,44,HOMBRE,MESTIZO/A,SOLTERO,ECUADOR,NINGUNA,3,0,8,MANANA,ARMA_CONTUNDENTE
ZONA 8,D.M. GUAYAQUIL,ESTEROS,GUAYAS,GUAYAQUIL,-2.23605,-79.92598,URBANO,VIA PUBLICA,PUBLICO,VIOLENCIA COMUNITARIA,RINAS,24,HOMBRE,MESTIZO/A,SOLTERO,ECUADOR,NINGUNA,5,1,22,NOCHE,ARMA_CONTUNDENTE
ZONA 6,AZUAY,CUENCA NORTE,AZUAY,CUENCA,-2.88556193032377,-79.0133277140558,URBANO,CASA/VILLA,PRIVADO,PSICOPATOLOGIAS,TRASTORNOS MENTALES,88,HOMBRE,MESTIZO/A,CASADO,ECUADOR,AUDITIVA,2,0,15,TARDE,ARMA_CONTUNDENTE
ZONA 5,GUAYAS,NARANJAL BALAO,GUAYAS,NARANJAL,-2.71899699999999,-79.672562,RURAL,HACIENDAS,PRIVADO,DELINCUENCIA COMUN,AMENAZA,36,HOMBRE,MESTIZO/A,SOLTERO,ECUADOR,NINGUNA,4,0,8,MANANA,ARMA_FUEGO
ZONA 1,ESMERALDAS,QUININDE,ESMERALDAS,QUININDE,0.33432,-79.44357,URBANO,VIA PUBLICA,PUBLICO,DELINCUENCIA COMUN,AMENAZA,18,HOMBRE,AFRO,SOLTERO,ECUADOR,NINGUNA,0,0,1,MADRUGADA,OTRAS
ZONA 4,MANABI,PORTOVIEJO,MANABI,PORTOVIEJO,-1.03968,-80.49572,URBANO,VIA PUBLICA,PUBLICO,DELINCUENCIA COMUN,ROBO A PERSONAS,27,HOMBRE,MESTIZO/A,SOLTERO,ECUADOR,NINGUNA,1,0,10,MANANA,ARMA_BLANCA
ZONA 7,ZAMORA CHINCHIPE,YANTZAZA,ZAMORA CHINCHIPE,YANTZAZA,-3.82925,-78.76176,URBANO,CASA/VILLA,PRIVADO,VIOLENCIA COMUNITARIA,RINAS,41,HOMBRE,MESTIZO/A,SOLTERO,ECUADOR,NINGUNA,3,0,13,TARDE,ARMA_BLANCA
ZONA 8,D.M. GUAYAQUIL,9 DE OCTUBRE,GUAYAS,GUAYAQUIL,-2.2249,-79.91373,URBANO,VIA PUBLICA,PUBLICO,DELINCUENCIA COMUN,TRAFICO INTERNO DE DROGAS (MICROTRAFICO),41,HOMBRE,MESTIZO/A,SOLTERO,ECUADOR,NINGUNA,6,1,2,MADRUGADA,OTRAS
ZONA 9,D.M. QUITO,LA DELICIA,PICHINCHA,QUITO,-0.120928999999999,-78.465501,URBANO,VIA PUBLICA,PUBLICO,DELINCUENCIA COMUN,ROBO A PERSONAS,41,HOMBRE,MESTIZO/A,CASADO,ECUADOR,NINGUNA,0,0,3,MADRUGADA,ARMA_CONTUNDENTE
ZONA 2,PICHINCHA,CAYAMBE,PICHINCHA,PEDRO MONCAYO,0.0762290701762623,-78.1902809184976,RURAL,NIGHT CLUBS,PRIVADO,DELINCUENCIA COMUN,AMENAZA,27,HOMBRE,MESTIZO/A,SOLTERO,ECUADOR,NINGUNA,4,0,0,MADRUGADA,ARMA_FUEGO
ZONA 5,GUAYAS,MILAGRO,GUAYAS,MILAGRO,-2.0327,-79.62602,RURAL,VIA PUBLICA,PUBLICO,DELINCUENCIA COMUN,AMENAZA,23,HOMBRE,MESTIZO/A,SOLTERO,ECUADOR,NINGUNA,4,0,15,TARDE,OTRAS
ZONA 8,D.M. GUAYAQUIL,PROGRESO,GUAYAS,GUAYAQUIL,-2.20186,-80.10117,URBANO,RIO,PUBLICO,DELINCUENCIA COMUN,AMENAZA,21,HOMBRE,AFRO,SOLTERO,ECUADOR,NINGUNA,3,0,0,MADRUGADA,OTRAS
ZONA 1,ESMERALDAS,ESMERALDAS,ESMERALDAS,ESMERALDAS,0.96513,-79.66488,URBANO,TERRENO BALDIO,PUBLICO,DELINCUENCIA COMUN,SECUESTRO EXPRESS,23,HOMBRE,AFRO,SOLTERO,ECUADOR,NINGUNA,5,1,20,NOCHE,ARMA_BLANCA
ZONA 8,D.M. GUAYAQUIL,ESTEROS,GUAYAS,GUAYAQUIL,-2.22942,-79.91938,URBANO,VIA PUBLICA,PUBLICO,VIOLENCIA INTRAFAMILIAR,SENTIMENTAL,39,HOMBRE,MESTIZO/A,SOLTERO,ECUADOR,NINGUNA,5,1,10,MANANA,ARMA_BLANCA
ZONA 5,GUAYAS,YAGUACHI,GUAYAS,SAN JACINTO DE YAGUACHI,-2.09752294336272,-79.6933642924159,URBANO,VIA PUBLICA,PUBLICO,VIOLENCIA COMUNITARIA,RINAS,41,HOMBRE,MESTIZO/A,SOLTERO,ECUADOR,NINGUNA,6,1,5,MADRUGADA,ARMA_FUEGO
ZONA 8,D.M. GUAYAQUIL,MODELO,GUAYAS,GUAYAQUIL,-2.12995,-79.89152,URBANO,CASA/VILLA,PRIVADO,VIOLENCIA INTRAFAMILIAR,SENTIMENTAL,56,MUJER,MESTIZO/A,SOLTERO,ECUADOR,NINGUNA,0,0,15,TARDE,ARMA_CONTUNDENTE
ZONA 1,ESMERALDAS,QUININDE,ESMERALDAS,QUININDE,0.04231,-79.36826999999998,RURAL,VIA PUBLICA,PUBLICO,DELINCUENCIA COMUN,AMENAZA,20,HOMBRE,MESTIZO/A,SOLTERO,ECUADOR,NINGUNA,6,1,15,TARDE,ARMA_FUEGO
ZONA 1,SUCUMBIOS,LAGO AGRIO,SUCUMBIOS,LAGO AGRIO,0.09331,-76.89343,URBANO,VIA PUBLICA,PUBLICO,VIOLENCIA INTRAFAMILIAR,SENTIMENTAL,29,MUJER,MESTIZO/A,SOLTERO,ECUADOR,FISICA,4,0,7,MANANA,ARMA_CONTUNDENTE
ZONA 4,MANABI,MANTA,MANABI,MONTECRISTI,-0.99463,-80.69100199999998,URBANO,KARAOKES,PRIVADO,VIOLENCIA COMUNITARIA,DEUDAS,37,HOMBRE,MESTIZO/A,SOLTERO,ECUADOR,NINGUNA,5,1,22,NOCHE,ARMA_FUEGO
ZONA 8,D.M. GUAYAQUIL,PASCUALES,GUAYAS,GUAYAQUIL,-2.0869328,-79.9372443,URBANO,VIA PUBLICA,PUBLICO,DELINCUENCIA COMUN,TRAFICO INTERNO DE DROGAS (MICROTRAFICO),35,HOMBRE,MESTIZO/A,SOLTERO,ECUADOR,NINGUNA,3,0,22,NOCHE,ARMA_FUEGO
ZONA 6,AZUAY,CUENCA SUR,AZUAY,CUENCA,-2.89302,-79.02724,URBANO,PARQUES Y PLAZAS,PUBLICO,VIOLENCIA INTRAFAMILIAR,MALTRATO,38,MUJER,MESTIZO/A,CASADO,ECUADOR,NINGUNA,2,0,19,NOCHE,ARMA_CONTUNDENTE
ZONA 6,CANAR,LA TRONCAL,CANAR,LA TRONCAL,-2.34938,-79.31205,URBANO,MAR,PUBLICO,DELINCUENCIA COMUN,AMENAZA,22,HOMBRE,MESTIZO/A,SOLTERO,ECUADOR,NINGUNA,4,0,16,TARDE,OTRAS
ZONA 4,MANABI,ROCAFUERTE,MANABI,TOSAGUA,-0.8135,-80.3167,RURAL,VIA PUBLICA,PUBLICO,DELINCUENCIA COMUN,TRAFICO INTERNO DE DROGAS (MICROTRAFICO),28,HOMBRE,MESTIZO/A,CASADO,ECUADOR,NINGUNA,2,0,6,MANANA,OTRAS
ZONA 6,AZUAY,CUENCA SUR,AZUAY,CUENCA,-2.93556,-79.0044,URBANO,CENTROS DE REHABILITACION SOCIAL,PRIVADO,DELINCUENCIA COMUN,AMENAZA,25,HOMBRE,MESTIZO/A,SOLTERO,ECUADOR,NINGUNA,5,1,6,MANANA,OTRAS
ZONA 4,STO DGO DE LOS TSACHILAS,SANTO DOMINGO ESTE,STO DGO DE LOS TSACHILAS,SANTO DOMINGO,-0.469567287287509,-79.3899625540871,RURAL,VIA PUBLICA,PUBLICO,VIOLENCIA COMUNITARIA,ACTOS DE ODIO,39,HOMBRE,MESTIZO/A,SOLTERO,ECUADOR,NINGUNA,5,1,9,MANANA,ARMA_FUEGO
ZONA 6,MORONA SANTIAGO,SANGAY,MORONA SANTIAGO,PALORA,-1.70109519999999,-77.9681544,URBANO,CASA/VILLA,PRIVADO,VIOLENCIA COMUNITARIA,RINAS,20,HOMBRE,INDIGENA,SOLTERO,ECUADOR,NINGUNA,6,1,12,TARDE,ARMA_CONTUNDENTE
ZONA 1,ESMERALDAS,ESMERALDAS,ESMERALDAS,ESMERALDAS,0.92529,-79.6672,URBANO,RIO,PUBLICO,DELINCUENCIA COMUN,AMENAZA,26,HOMBRE,AFRO,SOLTERO,ECUADOR,NINGUNA,6,1,23,NOCHE,OTRAS
ZONA 5,GUAYAS,DAULE,GUAYAS,DAULE,-1.8701,-79.98279999999998,URBANO,VIA PUBLICA,PUBLICO,DELINCUENCIA COMUN,AMENAZA,35,HOMBRE,MESTIZO/A,SOLTERO,ECUADOR,NINGUNA,0,0,7,MANANA,ARMA_FUEGO
ZONA 6,AZUAY,CUENCA NORTE,AZUAY,CUENCA,-2.84893,-79.00745,RURAL,CASA/VILLA,PRIVADO,VIOLENCIA COMUNITARIA,RINAS,24,HOMBRE,MESTIZO/A,SOLTERO,ECUADOR,NINGUNA,5,1,19,NOCHE,ARMA_BLANCA
ZONA 5,BOLIVAR,SAN MIGUEL,BOLIVAR,SAN MIGUEL,-1.71003,-79.04478,URBANO,VIA PUBLICA,PUBLICO,DELINCUENCIA COMUN,AMENAZA,27,MUJER,MESTIZO/A,SOLTERO,ECUADOR,NINGUNA,6,1,19,NOCHE,ARMA_CONTUNDENTE
ZONA 8,D.M. GUAYAQUIL,9 DE OCTUBRE,GUAYAS,GUAYAQUIL,-2.2208,-79.9072,URBANO,VIA PUBLICA,PUBLICO,DELINCUENCIA COMUN,AMENAZA,49,HOMBRE,MESTIZO/A,SOLTERO,ECUADOR,NINGUNA,5,1,10,MANANA,ARMA_BLANCA
ZONA 9,D.M. QUITO,QUITUMBE,PICHINCHA,QUITO,-0.3368,-78.53698,URBANO,CASA/VILLA,PRIVADO,DELINCUENCIA COMUN,AMENAZA,46,HOMBRE,MESTIZO/A,CASADO,ECUADOR,NINGUNA,6,1,19,NOCHE,OTRAS
ZONA 8,D.M. GUAYAQUIL,PROGRESO,GUAYAS,GUAYAQUIL,-2.71146,-80.25426,URBANO,VIA PUBLICA,PUBLICO,DELINCUENCIA COMUN,AMENAZA,45,HOMBRE,MESTIZO/A,SOLTERO,ECUADOR,NINGUNA,6,1,3,MADRUGADA,ARMA_BLANCA
ZONA 1,SUCUMBIOS,PUTUMAYO,SUCUMBIOS,PUTUMAYO,0.0935261,-76.01112,RURAL,RIO,PUBLICO,DELINCUENCIA COMUN,AMENAZA,47,HOMBRE,MESTIZO/A,CASADO,ECUADOR,NINGUNA,4,0,22,NOCHE,ARMA_FUEGO
ZONA 9,D.M. QUITO,CALDERON,PICHINCHA,QUITO,-0.1314860039999989,-78.45142934,URBANO,CASA/VILLA,PRIVADO,DELINCUENCIA COMUN,ROBO A DOMICILIOS,30,HOMBRE,MESTIZO/A,SOLTERO,ECUADOR,NINGUNA,5,1,15,TARDE,ARMA_CONTUNDENTE
ZONA 1,ESMERALDAS,QUININDE,ESMERALDAS,QUININDE,0.05226,-79.51378,RURAL,FINCA,PRIVADO,VIOLENCIA COMUNITARIA,RINAS,45,HOMBRE,MESTIZO/A,SOLTERO,ECUADOR,NINGUNA,3,0,9,MANANA,ARMA_BLANCA
ZONA 2,ORELLANA,ORELLANA LORETO,ORELLANA,FRANCISCO DE ORELLANA,-0.47099,-77.03619,RURAL,RIO,PUBLICO,DELINCUENCIA COMUN,AMENAZA,19,HOMBRE,MESTIZO/A,SOLTERO,ECUADOR,NINGUNA,3,0,17,TARDE,ARMA_CONTUNDENTE
ZONA 1,SUCUMBIOS,LAGO AGRIO,SUCUMBIOS,LAGO AGRIO,-0.04477,-76.96428,RURAL,FINCA,PRIVADO,VIOLENCIA COMUNITARIA,DEUDAS,62,HOMBRE,MESTIZO/A,SOLTERO,ECUADOR,NINGUNA,3,0,11,MANANA,ARMA_BLANCA
ZONA 1,ESMERALDAS,RIO VERDE,ESMERALDAS,RIOVERDE,1.04396526758,-79.4226980209351,RURAL,VIA PUBLICA,PUBLICO,DELINCUENCIA COMUN,AMENAZA,26,HOMBRE,AFRO,SOLTERO,ECUADOR,NINGUNA,4,0,9,MANANA,ARMA_FUEGO
ZONA 5,GUAYAS,NARANJITO MARCELINO MARIDUENA,GUAYAS,NARANJITO,-2.17032,-79.45637,URBANO,CASA/VILLA,PRIVADO,DELINCUENCIA COMUN,AMENAZA,25,HOMBRE,MESTIZO/A,SOLTERO,ECUADOR,NINGUNA,5,1,22,NOCHE,ARMA_FUEGO
ZONA 3,TUNGURAHUA,PILLARO,TUNGURAHUA,SANTIAGO DE PILLARO,-1.17467,-78.5683,RURAL,QUEBRADAS,PUBLICO,DELINCUENCIA COMUN,AMENAZA,23,HOMBRE,MESTIZO/A,SOLTERO,ECUADOR,NINGUNA,4,0,0,MADRUGADA,ARMA_CONTUNDENTE
ZONA 9,D.M. QUITO,QUITUMBE,PICHINCHA,QUITO,-0.34002,-78.53556,URBANO,CASA/VILLA,PRIVADO,VIOLENCIA COMUNITARIA,RINAS,49,HOMBRE,MESTIZO/A,SOLTERO,ECUADOR,NINGUNA,4,0,22,NOCHE,ARMA_BLANCA
ZONA 7,EL ORO,MACHALA,EL ORO,MACHALA,-3.25819,-79.96361,URBANO,VIA PUBLICA,PUBLICO,VIOLENCIA COMUNITARIA,LINCHAMIENTO,22,HOMBRE,MESTIZO/A,SOLTERO,ECUADOR,NINGUNA,4,0,2,MADRUGADA,ARMA_CONTUNDENTE
ZONA 3,CHIMBORAZO,RIOBAMBA,CHIMBORAZO,RIOBAMBA,-1.66414,-78.59161,RURAL,SERVICIOS PUBLICOS,PRIVADO,VIOLENCIA INTRAFAMILIAR,SENTIMENTAL,0,HOMBRE,MESTIZO/A,SOLTERO,ECUADOR,NINGUNA,5,1,16,TARDE,OTRAS
ZONA 1,SUCUMBIOS,LAGO AGRIO,SUCUMBIOS,LAGO AGRIO,0.233117571058754,-76.74918761901861,RURAL,VIA PUBLICA,PUBLICO,DELINCUENCIA COMUN,AMENAZA,35,HOMBRE,MESTIZO/A,SOLTERO,OTROS,NINGUNA,5,1,3,MADRUGADA,ARMA_FUEGO
ZONA 8,D.M. GUAYAQUIL,PASCUALES,GUAYAS,GUAYAQUIL,-2.05309,-79.9436,URBANO,CENTROS DE REHABILITACION SOCIAL,PRIVADO,VIOLENCIA COMUNITARIA,RINAS,32,HOMBRE,MESTIZO/A,SOLTERO,ECUADOR,NINGUNA,4,0,15,TARDE,OTRAS
ZONA 3,COTOPAXI,LATACUNGA,COTOPAXI,LATACUNGA,-0.87213,-78.63078,RURAL,CENTROS DE REHABILITACION SOCIAL,PRIVADO,DELINCUENCIA COMUN,AMENAZA,32,HOMBRE,MESTIZO/A,SOLTERO,ECUADOR,NINGUNA,4,0,16,TARDE,OTRAS
ZONA 5,SANTA ELENA,LIBERTAD SALINAS,SANTA ELENA,SALINAS,-2.3203632713156,-80.894067064588,RURAL,TERRENO BALDIO,PUBLICO,DELINCUENCIA COMUN,AMENAZA,65,HOMBRE,MESTIZO/A,SOLTERO,ECUADOR,NINGUNA,0,0,17,TARDE,ARMA_CONTUNDENTE
ZONA 8,D.M. GUAYAQUIL,NUEVA PROSPERINA,GUAYAS,GUAYAQUIL,-2.0953539999999906,-79.984792,URBANO,VIA PUBLICA,PUBLICO,VIOLENCIA COMUNITARIA,RINAS,25,HOMBRE,MESTIZO/A,SOLTERO,ECUADOR,NINGUNA,0,0,16,TARDE,ARMA_CONTUNDENTE
ZONA 8,D.M. GUAYAQUIL,DURAN,GUAYAS,DURAN,-2.16235,-79.82494,URBANO,VIA PUBLICA,PUBLICO,DELINCUENCIA COMUN,AMENAZA,31,HOMBRE,MESTIZO/A,SOLTERO,ECUADOR,NINGUNA,4,0,14,TARDE,OTRAS
ZONA 7,EL ORO,HUAQUILLAS,EL ORO,ARENILLAS,-3.540654,-80.191252,RURAL,CASA/VILLA,PRIVADO,VIOLENCIA COMUNITARIA,LITIGIO DE TIERRAS,67,MUJER,MESTIZO/A,CASADO,ECUADOR,NINGUNA,0,0,10,MANANA,ARMA_CONTUNDENTE
ZONA 4,MANABI,MANTA,MANABI,MANTA,-0.97911,-80.70457,URBANO,VIA PUBLICA,PUBLICO,DELINCUENCIA COMUN,AMENAZA,55,HOMBRE,MESTIZO/A,CASADO,ECUADOR,NINGUNA,2,0,21,NOCHE,ARMA_FUEGO
ZONA 1,ESMERALDAS,ESMERALDAS,ESMERALDAS,ESMERALDAS,0.98068,-79.65848,URBANO,CASA/VILLA,PRIVADO,DELINCUENCIA COMUN,AMENAZA,42,MUJER,AFRO,SOLTERO,ECUADOR,NINGUNA,1,0,12,TARDE,ARMA_FUEGO
ZONA 7,EL ORO,MACHALA,EL ORO,MACHALA,-3.2641,-79.96379,URBANO,CENTROS DE REHABILITACION SOCIAL,PRIVADO,DELINCUENCIA COMUN,AMENAZA,24,HOMBRE,MESTIZO/A,SOLTERO,ECUADOR,NINGUNA,6,1,18,NOCHE,OTRAS
ZONA 7,EL ORO,PASAJE,EL ORO,PASAJE,-3.32911,-79.86236,RURAL,HACIENDAS,PRIVADO,DELINCUENCIA COMUN,AMENAZA,48,HOMBRE,MESTIZO/A,SOLTERO,ECUADOR,NINGUNA,5,1,6,MANANA,ARMA_BLANCA
ZONA 8,D.M. GUAYAQUIL,PROGRESO,GUAYAS,GUAYAQUIL,-2.079677,-79.99937,RURAL,VIA PUBLICA,PUBLICO,VIOLENCIA COMUNITARIA,RINAS,20,HOMBRE,AFRO,SOLTERO,ECUADOR,NINGUNA,6,1,2,MADRUGADA,ARMA_FUEGO
ZONA 8,D.M. GUAYAQUIL,DURAN,GUAYAS,DURAN,-2.17889,-79.83243,URBANO,VIA PUBLICA,PUBLICO,DELINCUENCIA COMUN,AMENAZA,58,HOMBRE,MESTIZO/A,SOLTERO,ECUADOR,NINGUNA,2,0,6,MANANA,ARMA_CONTUNDENTE
ZONA 4,STO DGO DE LOS TSACHILAS,SANTO DOMINGO OESTE,STO DGO DE LOS TSACHILAS,SANTO DOMINGO,-0.32133,-79.38163,RURAL,FINCA,PRIVADO,DELINCUENCIA COMUN,AMENAZA,28,HOMBRE,MESTIZO/A,SOLTERO,ECUADOR,FISICA,2,0,18,NOCHE,ARMA_BLANCA
ZONA 9,D.M. QUITO,MANUELA SAENZ,PICHINCHA,QUITO,-0.21322900056839,-78.4966430664062,URBANO,PARADA DE BUSES,PUBLICO,VIOLENCIA COMUNITARIA,RINAS,59,HOMBRE,MESTIZO/A,CASADO,ECUADOR,NINGUNA,2,0,12,TARDE,ARMA_CONTUNDENTE
ZONA 1,ESMERALDAS,SAN LORENZO,ESMERALDAS,SAN LORENZO,1.247126,-78.661091,RURAL,FINCA,PRIVADO,DELINCUENCIA COMUN,AMENAZA,62,HOMBRE,AFRO,EN UNION DE HECHO,ECUADOR,NINGUNA,2,0,15,TARDE,ARMA_FUEGO
ZONA 8,D.M. GUAYAQUIL,PASCUALES,GUAYAS,GUAYAQUIL,-2.05319,-79.94364,URBANO,CENTROS DE REHABILITACION SOCIAL,PRIVADO,DELINCUENCIA COMUN,AMENAZA,25,HOMBRE,MESTIZO/A,SOLTERO,VENEZUELA,NINGUNA,1,0,8,MANANA,OTRAS
ZONA 4,MANABI,BOLIVAR JUNIN,MANABI,JUNIN,-0.95636,-80.12907,RURAL,VIA PUBLICA,PUBLICO,DELINCUENCIA COMUN,AMENAZA,32,HOMBRE,MESTIZO/A,SOLTERO,ECUADOR,NINGUNA,2,0,3,MADRUGADA,ARMA_CONTUNDENTE
ZONA 5,LOS RIOS,QUEVEDO,LOS RIOS,QUEVEDO,-0.97662,-79.43724,URBANO,CASA/VILLA,PRIVADO,DELINCUENCIA COMUN,ROBO A PERSONAS,29,HOMBRE,MESTIZO/A,SOLTERO,ECUADOR,NINGUNA,2,0,9,MANANA,ARMA_FUEGO
ZONA 7,EL ORO,MACHALA,EL ORO,MACHALA,-3.25492,-79.90353,RURAL,VIA PUBLICA,PUBLICO,DELINCUENCIA COMUN,TRAFICO INTERNO DE DROGAS (MICROTRAFICO),22,MUJER,MESTIZO/A,SOLTERO,ECUADOR,NINGUNA,4,0,5,MADRUGADA,ARMA_BLANCA
ZONA 1,SUCUMBIOS,SUCUMBIOS,SUCUMBIOS,CASCALES,-0.04283,-77.19385,RURAL,VIA PUBLICA,PUBLICO,DELINCUENCIA COMUN,ROBO A PERSONAS,36,HOMBRE,MESTIZO/A,SOLTERO,ECUADOR,NINGUNA,6,1,3,MADRUGADA,ARMA_CONTUNDENTE
ZONA 1,SUCUMBIOS,SHUSHUFINDI,SUCUMBIOS,SHUSHUFINDI,-0.178016510301227,-76.6419041038146,URBANO,VIA PUBLICA,PUBLICO,DELINCUENCIA COMUN,ROBO DE MOTOS,27,HOMBRE,MESTIZO/A,SOLTERO,ECUADOR,NINGUNA,3,0,22,NOCHE,ARMA_FUEGO
ZONA 8,D.M. GUAYAQUIL,PASCUALES,GUAYAS,GUAYAQUIL,-2.08058,-79.93429,URBANO,VIA PUBLICA,PUBLICO,DELINCUENCIA COMUN,AMENAZA,50,HOMBRE,MESTIZO/A,SOLTERO,ECUADOR,NINGUNA,1,0,21,NOCHE,ARMA_CONTUNDENTE
ZONA 8,D.M. GUAYAQUIL,ESTEROS,GUAYAS,GUAYAQUIL,-2.23596,-79.91627,URBANO,VIA PUBLICA,PUBLICO,VIOLENCIA COMUNITARIA,RINAS,41,HOMBRE,MESTIZO/A,SOLTERO,ECUADOR,NINGUNA,6,1,5,MADRUGADA,ARMA_BLANCA
ZONA 7,EL ORO,PASAJE,EL ORO,PASAJE,-3.34272,-79.80151,RURAL,CASA/VILLA,PRIVADO,PSICOPATOLOGIAS,TRASTORNOS MENTALES,47,HOMBRE,MESTIZO/A,SOLTERO,ECUADOR,PSICOLOGICA,3,0,23,NOCHE,ARMA_CONTUNDENTE
ZONA 5,GUAYAS,PEDRO CARBO,GUAYAS,LOMAS DE SARGENTILLO,-1.86933,-80.07909,URBANO,VIA PUBLICA,PUBLICO,DELINCUENCIA COMUN,ROBO A PERSONAS,22,HOMBRE,MESTIZO/A,SOLTERO,ECUADOR,NINGUNA,0,0,4,MADRUGADA,OTRAS
ZONA 5,GUAYAS,DAULE,GUAYAS,DAULE,-1.8685529999999897,-79.97596799999998,URBANO,CASA/VILLA,PRIVADO,VIOLENCIA INTRAFAMILIAR,SENTIMENTAL,32,MUJER,MESTIZO/A,CASADO,ECUADOR,NINGUNA,5,1,0,MADRUGADA,ARMA_FUEGO
ZONA 5,LOS RIOS,BABAHOYO,LOS RIOS,BABA,-1.79061,-79.64649,RURAL,CASA/VILLA,PRIVADO,VIOLENCIA INTRAFAMILIAR,SENTIMENTAL,40,HOMBRE,MESTIZO/A,DIVORCIADO,ECUADOR,NINGUNA,0,0,0,MADRUGADA,ARMA_BLANCA
ZONA 8,D.M. GUAYAQUIL,NUEVA PROSPERINA,GUAYAS,GUAYAQUIL,-2.12106,-79.97217,URBANO,CASA/VILLA,PRIVADO,DELINCUENCIA COMUN,AMENAZA,25,HOMBRE,MESTIZO/A,SOLTERO,ECUADOR,NINGUNA,6,1,20,NOCHE,OTRAS
ZONA 1,ESMERALDAS,ELOY ALFARO - ESM,ESMERALDAS,ELOY ALFARO,1.20257,-79.03976,RURAL,FINCA,PRIVADO,DELINCUENCIA COMUN,ROBO A DOMICILIOS,17,HOMBRE,MESTIZO/A,SOLTERO,ECUADOR,NINGUNA,6,1,2,MADRUGADA,ARMA_FUEGO
ZONA 5,GUAYAS,MILAGRO,GUAYAS,MILAGRO,-2.12334,-79.59405,URBANO,VIA PUBLICA,PUBLICO,DELINCUENCIA COMUN,AMENAZA,55,HOMBRE,MESTIZO/A,SOLTERO,ECUADOR,FISICA,1,0,17,TARDE,ARMA_FUEGO
ZONA 3,TUNGURAHUA,AMBATO SUR,TUNGURAHUA,AMBATO,-1.23948,-78.62377,URBANO,CASA/VILLA,PRIVADO,DELINCUENCIA COMUN,ROBO A DOMICILIOS,54,HOMBRE,MESTIZO/A,CASADO,ECUADOR,NINGUNA,0,0,4,MADRUGADA,ARMA_CONTUNDENTE
ZONA 7,LOJA,LOJA,LOJA,LOJA,-4.00444,-79.193,URBANO,CENTROS DE REHABILITACION SOCIAL,PRIVADO,DELINCUENCIA COMUN,AMENAZA,24,HOMBRE,MESTIZO/A,CASADO,ECUADOR,NINGUNA,1,0,1,MADRUGADA,OTRAS
ZONA 4,MANABI,EL CARMEN,MANABI,EL CARMEN,-0.47288,-79.5567,RURAL,CASA/VILLA,PRIVADO,VIOLENCIA SEXUAL,VIOLACION FAMILIAR DIRECTO (PERSONA CONOCIDA),1,MUJER,MESTIZO/A,SOLTERO,ECUADOR,NINGUNA,6,1,15,TARDE,ARMA_CONTUNDENTE
ZONA 9,D.M. QUITO,EUGENIO ESPEJO,PICHINCHA,QUITO,-0.21071,-78.49354,URBANO,UNIVERSIDADES,PRIVADO,VIOLENCIA COMUNITARIA,RINAS,28,HOMBRE,MESTIZO/A,SOLTERO,ECUADOR,NINGUNA,4,0,19,NOCHE,ARMA_CONTUNDENTE
ZONA 9,D.M. QUITO,MANUELA SAENZ,PICHINCHA,QUITO,-0.21478,-78.49744,URBANO,HOSPITALES,PRIVADO,DELINCUENCIA COMUN,AMENAZA,17,HOMBRE,AFRO,SOLTERO,ECUADOR,NINGUNA,2,0,22,NOCHE,OTRAS
ZONA 7,LOJA,LOJA,LOJA,LOJA,-4.00437,-79.19312,URBANO,CENTROS DE REHABILITACION SOCIAL,PRIVADO,DELINCUENCIA COMUN,AMENAZA,26,HOMBRE,MESTIZO/A,SOLTERO,ECUADOR,NINGUNA,3,0,6,MANANA,OTRAS
ZONA 9,D.M. QUITO,LA DELICIA,PICHINCHA,QUITO,-0.11674,-78.458,URBANO,VIA PUBLICA,PUBLICO,VIOLENCIA COMUNITARIA,EMOCIONAL,46,HOMBRE,AFRO,SOLTERO,ECUADOR,NINGUNA,5,1,1,MADRUGADA,ARMA_FUEGO
ZONA 5,LOS RIOS,VENTANAS,LOS RIOS,QUINSALOMA,-1.20554699999999,-79.3136899,RURAL,CASA/VILLA,PRIVADO,DELINCUENCIA COMUN,ROBO A DOMICILIOS,66,HOMBRE,AFRO,SOLTERO,ECUADOR,NINGUNA,1,0,11,MANANA,ARMA_CONTUNDENTE
ZONA 7,EL ORO,HUAQUILLAS,EL ORO,HUAQUILLAS,-3.48329,-80.24164,URBANO,VIA PUBLICA,PUBLICO,DELINCUENCIA COMUN,AMENAZA,41,HOMBRE,MESTIZO/A,CASADO,ECUADOR,NINGUNA,6,1,14,TARDE,ARMA_FUEGO
ZONA 1,CARCHI,MONTUFAR,CARCHI,BOLIVAR,0.5025553,-77.90246109999998,RURAL,CASA/VILLA,PRIVADO,VIOLENCIA COMUNITARIA,RINAS,36,HOMBRE,MESTIZO/A,CASADO,ECUADOR,NINGUNA,1,0,11,MANANA,ARMA_CONTUNDENTE
ZONA 5,LOS RIOS,PUEBLO VIEJO,LOS RIOS,PUEBLOVIEJO,-1.62523,-79.56273,URBANO,VIA PUBLICA,PUBLICO,DELINCUENCIA COMUN,AMENAZA,64,HOMBRE,MESTIZO/A,CASADO,ECUADOR,NINGUNA,6,1,15,TARDE,ARMA_FUEGO
ZONA 9,D.M. QUITO,MANUELA SAENZ,PICHINCHA,QUITO,-0.22426,-78.50828,URBANO,CASA/VILLA,PRIVADO,VIOLENCIA INTRAFAMILIAR,SENTIMENTAL,42,MUJER,MESTIZO/A,DIVORCIADO,ECUADOR,NINGUNA,2,0,20,NOCHE,OTRAS
ZONA 4,MANABI,MANTA,MANABI,MANTA,-0.944712,-80.660818,RURAL,CASA/VILLA,PRIVADO,TRANSNACIONAL,TRAFICO INTERNACIONAL DE DROGA,38,HOMBRE,MESTIZO/A,CASADO,ECUADOR,NINGUNA,5,1,20,NOCHE,ARMA_FUEGO
ZONA 5,SANTA ELENA,LIBERTAD SALINAS,SANTA ELENA,SALINAS,-2.24122,-80.93231,URBANO,VIA PUBLICA,PUBLICO,VIOLENCIA COMUNITARIA,RINAS,30,HOMBRE,MESTIZO/A,SOLTERO,ECUADOR,NINGUNA,6,1,6,MANANA,OTRAS
ZONA 9,D.M. QUITO,EUGENIO ESPEJO,PICHINCHA,QUITO,-0.15203,-78.47254,URBANO,CENTROS DE REHABILITACION SOCIAL,PRIVADO,DELINCUENCIA COMUN,AMENAZA,35,HOMBRE,MESTIZO/A,SOLTERO,ECUADOR,NINGUNA,5,1,2,MADRUGADA,OTRAS
ZONA 3,CHIMBORAZO,RIOBAMBA,CHIMBORAZO,RIOBAMBA,-1.68313,-78.65414,URBANO,HOSPITALES,PRIVADO,VIOLENCIA COMUNITARIA,RINAS,37,HOMBRE,MESTIZO/A,SOLTERO,ECUADOR,NINGUNA,6,1,1,MADRUGADA,ARMA_BLANCA
ZONA 8,D.M. GUAYAQUIL,ESTEROS,GUAYAS,GUAYAQUIL,-2.23316,-79.89939,URBANO,CASA/VILLA,PRIVADO,DELINCUENCIA COMUN,VIOLACION SEXUAL (DESCONOCIDO),15,MUJER,MESTIZO/A,SOLTERO,ECUADOR,NINGUNA,0,0,6,MANANA,OTRAS
ZONA 8,D.M. GUAYAQUIL,SUR - DMG,GUAYAS,GUAYAQUIL,-2.27395,-79.88,URBANO,CASA/VILLA,PRIVADO,VIOLENCIA INTRAFAMILIAR,SENTIMENTAL,30,MUJER,MESTIZO/A,SOLTERO,ECUADOR,NINGUNA,2,0,21,NOCHE,OTRAS
ZONA 8,D.M. GUAYAQUIL,DURAN,GUAYAS,DURAN,-2.12914,-79.83878,RURAL,RIO,PUBLICO,DELINCUENCIA COMUN,AMENAZA,51,HOMBRE,MESTIZO/A,SOLTERO,ECUADOR,NINGUNA,3,0,15,TARDE,OTRAS
ZONA 7,EL ORO,HUAQUILLAS,EL ORO,ARENILLAS,-3.55038,-80.20407,URBANO,PARQUES Y PLAZAS,PUBLICO,DELINCUENCIA COMUN,AMENAZA,36,HOMBRE,MESTIZO/A,SOLTERO,ECUADOR,NINGUNA,5,1,22,NOCHE,ARMA_FUEGO
ZONA 3,TUNGURAHUA,PATATE,TUNGURAHUA,SAN PEDRO DE PELILEO,-1.39916,-78.50812,RURAL,TERRENO BALDIO,PUBLICO,VIOLENCIA COMUNITARIA,LINCHAMIENTO,32,HOMBRE,MESTIZO/A,SOLTERO,ECUADOR,NINGUNA,3,0,20,NOCHE,ARMA_CONTUNDENTE
ZONA 7,EL ORO,PASAJE,EL ORO,EL GUABO,-3.12101,-79.83578,RURAL,VIA PUBLICA,PUBLICO,DELINCUENCIA COMUN,TRAFICO INTERNO DE DROGAS (MICROTRAFICO),20,HOMBRE,MESTIZO/A,SOLTERO,ECUADOR,NINGUNA,3,0,19,NOCHE,ARMA_BLANCA
ZONA 4,MANABI,MANTA,MANABI,MANTA,-0.95667,-80.71004,URBANO,CASA/VILLA,PRIVADO,DELINCUENCIA COMUN,AMENAZA,25,MUJER,MESTIZO/A,SOLTERO,ECUADOR,NINGUNA,6,1,1,MADRUGADA,ARMA_FUEGO
ZONA 1,ESMERALDAS,ESMERALDAS,ESMERALDAS,ESMERALDAS,0.9264999999999988,-79.66849999999998,URBANO,VIA PUBLICA,PUBLICO,DELINCUENCIA COMUN,ROBO A PERSONAS,23,HOMBRE,AFRO,SOLTERO,ECUADOR,NINGUNA,3,0,23,NOCHE,ARMA_FUEGO
ZONA 2,NAPO,TENA,NAPO,TENA,-1.04413,-77.72925,RURAL,TERRENO BALDIO,PUBLICO,DELINCUENCIA COMUN,TRAFICO INTERNO DE DROGAS (MICROTRAFICO),28,HOMBRE,MESTIZO/A,CASADO,ECUADOR,NINGUNA,0,0,18,NOCHE,ARMA_BLANCA
ZONA 5,GUAYAS,EL TRIUNFO BUCAY,GUAYAS,GENERAL ANTONIO ELIZALDE,-2.15984,-79.23883,RURAL,FINCA,PRIVADO,DELINCUENCIA COMUN,AMENAZA,25,HOMBRE,MESTIZO/A,SOLTERO,ECUADOR,NINGUNA,6,1,23,NOCHE,ARMA_BLANCA
ZONA 8,D.M. GUAYAQUIL,FLORIDA,GUAYAS,GUAYAQUIL,-2.11233,-79.92709,URBANO,FUERZAS DE SEGURIDAD PUBLICA Y DEL ESTADO,PRIVADO,VIOLENCIA INTRAFAMILIAR,SENTIMENTAL,31,HOMBRE,MESTIZO/A,CASADO,ECUADOR,NINGUNA,1,0,1,MADRUGADA,ARMA_BLANCA
ZONA 4,MANABI,MANTA,MANABI,MANTA,-0.9884,-80.71317,URBANO,VIA PUBLICA,PUBLICO,DELINCUENCIA COMUN,TRAFICO INTERNO DE DROGAS (MICROTRAFICO),9,MUJER,MESTIZO/A,SOLTERO,ECUADOR,NINGUNA,2,0,22,NOCHE,ARMA_FUEGO
ZONA 9,D.M. QUITO,TUMBACO,PICHINCHA,QUITO,-0.17729,-78.38938,URBANO,CASA/VILLA,PRIVADO,VIOLENCIA COMUNITARIA,RINAS,35,HOMBRE,MESTIZO/A,CASADO,ECUADOR,NINGUNA,6,1,3,MADRUGADA,ARMA_BLANCA
ZONA 8,D.M. GUAYAQUIL,PASCUALES,GUAYAS,GUAYAQUIL,-2.05309,-79.9436,URBANO,CENTROS DE REHABILITACION SOCIAL,PRIVADO,DELINCUENCIA COMUN,AMENAZA,28,HOMBRE,MESTIZO/A,SOLTERO,ECUADOR,NINGUNA,5,1,22,NOCHE,OTRAS
ZONA 4,STO DGO DE LOS TSACHILAS,SANTO DOMINGO OESTE,STO DGO DE LOS TSACHILAS,SANTO DOMINGO,-0.2574,-79.18533,URBANO,VIA PUBLICA,PUBLICO,DELINCUENCIA COMUN,AMENAZA,29,HOMBRE,MESTIZO/A,CASADO,ECUADOR,NINGUNA,6,1,11,MANANA,ARMA_FUEGO
ZONA 7,EL ORO,MACHALA,EL ORO,MACHALA,-3.26412,-79.96377,URBANO,CENTROS DE REHABILITACION SOCIAL,PRIVADO,DELINCUENCIA COMUN,AMENAZA,19,HOMBRE,MESTIZO/A,SOLTERO,ECUADOR,NINGUNA,6,1,16,TARDE,OTRAS
ZONA 5,GUAYAS,MILAGRO,GUAYAS,MILAGRO,-2.12611,-79.58896,URBANO,PARQUES Y PLAZAS,PUBLICO,VIOLENCIA COMUNITARIA,RINAS,21,HOMBRE,MESTIZO/A,SOLTERO,ECUADOR,NINGUNA,6,1,3,MADRUGADA,OTRAS
ZONA 8,D.M. GUAYAQUIL,DURAN,GUAYAS,DURAN,-2.15624,-79.80684,URBANO,VIA PUBLICA,PUBLICO,DELINCUENCIA COMUN,AMENAZA,41,HOMBRE,INDIGENA,CASADO,ECUADOR,NINGUNA,2,0,17,TARDE,OTRAS
ZONA 1,ESMERALDAS,ESMERALDAS,ESMERALDAS,ESMERALDAS,0.95849,-79.64923,URBANO,VIA PUBLICA,PUBLICO,DELINCUENCIA COMUN,AMENAZA,30,HOMBRE,AFRO,SOLTERO,ECUADOR,NINGUNA,4,0,13,TARDE,ARMA_FUEGO
ZONA 2,PICHINCHA,CAYAMBE,PICHINCHA,PEDRO MONCAYO,0.03191,-78.2265,RURAL,CASA/VILLA,PRIVADO,VIOLENCIA INTRAFAMILIAR,SENTIMENTAL,7,MUJER,MESTIZO/A,SOLTERO,ECUADOR,NINGUNA,3,0,8,MANANA,ARMA_CONTUNDENTE
ZONA 8,D.M. GUAYAQUIL,FLORIDA,GUAYAS,GUAYAQUIL,-2.22036,-79.95707,URBANO,VIA PUBLICA,PUBLICO,DELINCUENCIA COMUN,ROBO DE CARROS,39,HOMBRE,MESTIZO/A,VIUDO,ECUADOR,NINGUNA,6,1,21,NOCHE,OTRAS
ZONA 6,CANAR,AZOGUES,CANAR,AZOGUES,-2.73789,-78.85107,URBANO,HOSPITALES,PRIVADO,VIOLENCIA COMUNITARIA,RINAS,15,HOMBRE,MESTIZO/A,SOLTERO,ECUADOR,NINGUNA,4,0,16,TARDE,ARMA_BLANCA
ZONA 9,D.M. QUITO,NANEGAL,PICHINCHA,QUITO,0.09701,-78.7965,RURAL,HACIENDAS,PRIVADO,VIOLENCIA INTRAFAMILIAR,SENTIMENTAL,30,MUJER,MESTIZO/A,SOLTERO,ECUADOR,NINGUNA,3,0,8,MANANA,ARMA_CONTUNDENTE
ZONA 4,MANABI,BOLIVAR JUNIN,MANABI,JUNIN,-0.91227,-80.28012,RURAL,FINCA,PRIVADO,DELINCUENCIA COMUN,ROBO A DOMICILIOS,77,HOMBRE,MESTIZO/A,SOLTERO,ECUADOR,NINGUNA,5,1,23,NOCHE,ARMA_CONTUNDENTE
ZONA 5,BOLIVAR,CHILLANES,BOLIVAR,CHILLANES,-1.92762,-79.0163,RURAL,VIA PUBLICA,PUBLICO,VIOLENCIA COMUNITARIA,RINAS,39,HOMBRE,MESTIZO/A,CASADO,ECUADOR,NINGUNA,6,1,2,MADRUGADA,ARMA_CONTUNDENTE
ZONA 5,LOS RIOS,BABAHOYO,LOS RIOS,BABAHOYO,-1.76689,-79.50611,URBANO,VIA PUBLICA,PUBLICO,DELINCUENCIA COMUN,AMENAZA,24,HOMBRE,MESTIZO/A,SOLTERO,ECUADOR,NINGUNA,2,0,11,MANANA,ARMA_FUEGO
ZONA 6,AZUAY,CUENCA NORTE,AZUAY,CUENCA,-2.88412,-78.94891,URBANO,VIA PUBLICA,PUBLICO,DELINCUENCIA COMUN,TRAFICO INTERNO DE DROGAS (MICROTRAFICO),29,HOMBRE,MESTIZO/A,SOLTERO,ECUADOR,NINGUNA,3,0,23,NOCHE,OTRAS
ZONA 5,GUAYAS,BALZAR,GUAYAS,BALZAR,-1.36773,-79.89709,URBANO,CASA/VILLA,PRIVADO,VIOLENCIA INTRAFAMILIAR,SENTIMENTAL,34,MUJER,MESTIZO/A,SOLTERO,ECUADOR,NINGUNA,5,1,3,MADRUGADA,OTRAS
ZONA 1,ESMERALDAS,QUININDE,ESMERALDAS,QUININDE,0.11131,-79.40578,RURAL,FINCA,PRIVADO,VIOLENCIA COMUNITARIA,ACTOS DE ODIO,34,MUJER,MESTIZO/A,SOLTERO,ECUADOR,NINGUNA,4,0,3,MADRUGADA,ARMA_CONTUNDENTE
ZONA 5,LOS RIOS,BUENA FE,LOS RIOS,VALENCIA,-0.73928,-79.30205,RURAL,FINCA,PRIVADO,DELINCUENCIA COMUN,AMENAZA,51,HOMBRE,MESTIZO/A,DIVORCIADO,ECUADOR,NINGUNA,4,0,22,NOCHE,OTRAS
ZONA 6,MORONA SANTIAGO,MENDEZ,MORONA SANTIAGO,TIWINTZA,-2.92241,-77.63542,RURAL,FINCA,PRIVADO,DELINCUENCIA COMUN,VIOLACION SEXUAL (DESCONOCIDO),8,MUJER,INDIGENA,SOLTERO,ECUADOR,NINGUNA,0,0,9,MANANA,OTRAS
ZONA 4,STO DGO DE LOS TSACHILAS,SANTO DOMINGO ESTE,STO DGO DE LOS TSACHILAS,SANTO DOMINGO,-0.25001,-79.17022,URBANO,CANCHAS DE USO MULTIPLE,PUBLICO,DELINCUENCIA COMUN,AMENAZA,29,HOMBRE,MESTIZO/A,SOLTERO,ECUADOR,NINGUNA,0,0,22,NOCHE,ARMA_FUEGO
ZONA 5,LOS RIOS,QUEVEDO,LOS RIOS,QUEVEDO,-1.02176,-79.46732,URBANO,VIA PUBLICA,PUBLICO,VIOLENCIA COMUNITARIA,ACTOS DE ODIO,47,HOMBRE,MESTIZO/A,SOLTERO,ECUADOR,NINGUNA,5,1,22,NOCHE,ARMA_FUEGO
ZONA 8,D.M. GUAYAQUIL,DURAN,GUAYAS,DURAN,-2.16519,-79.77835,URBANO,VIA PUBLICA,PUBLICO,DELINCUENCIA COMUN,SECUESTRO EXPRESS,73,HOMBRE,MESTIZO/A,VIUDO,ECUADOR,NINGUNA,0,0,23,NOCHE,OTRAS
ZONA 5,LOS RIOS,PUEBLO VIEJO,LOS RIOS,URDANETA,-1.57264,-79.47171,URBANO,VIA PUBLICA,PUBLICO,DELINCUENCIA COMUN,AMENAZA,24,HOMBRE,MESTIZO/A,SOLTERO,ECUADOR,NINGUNA,2,0,22,NOCHE,ARMA_FUEGO
ZONA 5,GUAYAS,MILAGRO,GUAYAS,MILAGRO,-2.12742,-79.58611,URBANO,RESTAURANTE,PRIVADO,DELINCUENCIA COMUN,AMENAZA,22,HOMBRE,MESTIZO/A,SOLTERO,ECUADOR,NINGUNA,6,1,16,TARDE,ARMA_FUEGO
ZONA 6,AZUAY,CUENCA SUR,AZUAY,CUENCA,-2.93533,-79.0055,RURAL,CENTROS DE REHABILITACION SOCIAL,PRIVADO,DELINCUENCIA COMUN,AMENAZA,37,HOMBRE,AFRO,SOLTERO,ECUADOR,NINGUNA,1,0,8,MANANA,OTRAS
ZONA 1,ESMERALDAS,ELOY ALFARO - ESM,ESMERALDAS,ELOY ALFARO,1.14753599999999,-78.98403,RURAL,COVACHA/CHOZA,PRIVADO,DELINCUENCIA COMUN,AMENAZA,19,HOMBRE,MESTIZO/A,SOLTERO,ECUADOR,NINGUNA,0,0,19,NOCHE,ARMA_FUEGO
ZONA 3,CHIMBORAZO,RIOBAMBA,CHIMBORAZO,CHAMBO,-1.73849,-78.59297,RURAL,RIO,PUBLICO,VIOLENCIA COMUNITARIA,RINAS,21,HOMBRE,MESTIZO/A,SOLTERO,ECUADOR,NINGUNA,2,0,10,MANANA,ARMA_CONTUNDENTE
ZONA 4,MANABI,MANTA,MANABI,MANTA,-0.996392302983198,-80.7362937156067,URBANO,CASA/VILLA,PRIVADO,TRANSNACIONAL,TRAFICO INTERNACIONAL DE DROGA,29,HOMBRE,OTROS,SOLTERO,ECUADOR,NINGUNA,5,1,15,TARDE,ARMA_FUEGO
ZONA 9,D.M. QUITO,LA DELICIA,PICHINCHA,QUITO,-0.08286,-78.51042,URBANO,CASA/VILLA,PRIVADO,VIOLENCIA COMUNITARIA,RINAS,44,MUJER,MESTIZO/A,CASADO,ECUADOR,NINGUNA,3,0,20,NOCHE,ARMA_BLANCA
ZONA 4,MANABI,SUCRE,MANABI,SAN VICENTE,-0.63475,-80.33407,RURAL,CASA/VILLA,PRIVADO,VIOLENCIA COMUNITARIA,RINAS,50,HOMBRE,MESTIZO/A,SOLTERO,ECUADOR,NINGUNA,5,1,11,MANANA,ARMA_CONTUNDENTE
ZONA 1,ESMERALDAS,ESMERALDAS,ESMERALDAS,ESMERALDAS,0.94666,-79.67601,URBANO,VIA PUBLICA,PUBLICO,DELINCUENCIA COMUN,AMENAZA,33,HOMBRE,MESTIZO/A,CASADO,ECUADOR,NINGUNA,3,0,11,MANANA,ARMA_CONTUNDENTE
ZONA 8,D.M. GUAYAQUIL,NUEVA PROSPERINA,GUAYAS,GUAYAQUIL,-2.09248,-79.97402,URBANO,CASA/VILLA,PRIVADO,DELINCUENCIA COMUN,AMENAZA,19,HOMBRE,MESTIZO/A,SOLTERO,ECUADOR,NINGUNA,0,0,10,MANANA,OTRAS
ZONA 3,TUNGURAHUA,AMBATO SUR,TUNGURAHUA,AMBATO,-1.29502,-78.66989,RURAL,CASA/VILLA,PRIVADO,VIOLENCIA INTRAFAMILIAR,SENTIMENTAL,28,MUJER,MESTIZO/A,VIUDO,ECUADOR,NINGUNA,6,1,3,MADRUGADA,OTRAS
ZONA 7,EL ORO,MACHALA,EL ORO,MACHALA,-3.2641,-79.96379,URBANO,CENTROS DE REHABILITACION SOCIAL,PRIVADO,DELINCUENCIA COMUN,AMENAZA,48,HOMBRE,MESTIZO/A,SOLTERO,ECUADOR,NINGUNA,6,1,18,NOCHE,OTRAS
ZONA 5,LOS RIOS,PUEBLO VIEJO,LOS RIOS,PUEBLOVIEJO,-1.63148557200623,-79.5801668882218,RURAL,VIA PUBLICA,PUBLICO,DELINCUENCIA COMUN,AMENAZA,17,HOMBRE,MESTIZO/A,SOLTERO,ECUADOR,NINGUNA,2,0,20,NOCHE,ARMA_FUEGO
ZONA 5,LOS RIOS,QUEVEDO,LOS RIOS,QUEVEDO,-1.02666,-79.46565,URBANO,MERCADOS,PUBLICO,DELINCUENCIA COMUN,TRAFICO INTERNO DE DROGAS (MICROTRAFICO),30,HOMBRE,MESTIZO/A,SOLTERO,ECUADOR,NINGUNA,3,0,15,TARDE,OTRAS
ZONA 5,GUAYAS,NARANJAL BALAO,GUAYAS,NARANJAL,-2.53362,-79.55392,RURAL,FINCA,PRIVADO,DELINCUENCIA COMUN,AMENAZA,32,HOMBRE,MESTIZO/A,SOLTERO,ECUADOR,NINGUNA,6,1,4,MADRUGADA,ARMA_BLANCA
ZONA 4,STO DGO DE LOS TSACHILAS,SANTO DOMINGO OESTE,STO DGO DE LOS TSACHILAS,SANTO DOMINGO,-0.26127,-79.21101,URBANO,VIA PUBLICA,PUBLICO,DELINCUENCIA COMUN,AMENAZA,13,HOMBRE,AFRO,SOLTERO,ECUADOR,NINGUNA,5,1,18,NOCHE,ARMA_FUEGO
ZONA 4,MANABI,EL CARMEN,MANABI,EL CARMEN,-0.28317,-79.46573,URBANO,CANCHAS DE USO MULTIPLE,PUBLICO,DELINCUENCIA COMUN,AMENAZA,29,HOMBRE,MESTIZO/A,SOLTERO,ECUADOR,NINGUNA,3,0,20,NOCHE,ARMA_FUEGO
ZONA 5,GUAYAS,MILAGRO,GUAYAS,MILAGRO,-2.14786,-79.58698,URBANO,VIA PUBLICA,PUBLICO,VIOLENCIA COMUNITARIA,RINAS,36,HOMBRE,MESTIZO/A,SOLTERO,ECUADOR,NINGUNA,1,0,3,MADRUGADA,OTRAS
ZONA 1,SUCUMBIOS,LAGO AGRIO,SUCUMBIOS,LAGO AGRIO,0.05214,-76.58569,RURAL,VIA PUBLICA,PUBLICO,DELINCUENCIA COMUN,TRAFICO INTERNO DE DROGAS (MICROTRAFICO),31,HOMBRE,MESTIZO/A,SOLTERO,ECUADOR,NINGUNA,6,1,2,MADRUGADA,ARMA_BLANCA
ZONA 9,D.M. QUITO,ELOY ALFARO - DMQ,PICHINCHA,QUITO,-0.25821,-78.55529,URBANO,VIA PUBLICA,PUBLICO,VIOLENCIA COMUNITARIA,RINAS,41,HOMBRE,MESTIZO/A,SOLTERO,ECUADOR,NINGUNA,3,0,18,NOCHE,ARMA_BLANCA
ZONA 5,LOS RIOS,PUEBLO VIEJO,LOS RIOS,PUEBLOVIEJO,-1.63855,-79.57034,RURAL,VIA PUBLICA,PUBLICO,DELINCUENCIA COMUN,AMENAZA,26,HOMBRE,MESTIZO/A,SOLTERO,ECUADOR,NINGUNA,5,1,3,MADRUGADA,ARMA_BLANCA
ZONA 5,LOS RIOS,PUEBLO VIEJO,LOS RIOS,PUEBLOVIEJO,-1.67813,-79.53015,RURAL,VIA PUBLICA,PUBLICO,TRANSNACIONAL,SECUESTRO,20,HOMBRE,MESTIZO/A,SOLTERO,ECUADOR,NINGUNA,2,0,15,TARDE,OTRAS
ZONA 5,LOS RIOS,VENTANAS,LOS RIOS,VENTANAS,-1.26404,-79.42621,RURAL,VIA PUBLICA,PUBLICO,DELINCUENCIA COMUN,AMENAZA,22,HOMBRE,MULATO/A,SOLTERO,ECUADOR,NINGUNA,3,0,6,MANANA,ARMA_BLANCA
ZONA 8,D.M. GUAYAQUIL,PORTETE,GUAYAS,GUAYAQUIL,-2.20557,-79.93631,URBANO,VIA PUBLICA,PUBLICO,DELINCUENCIA COMUN,ROBO A PERSONAS,28,HOMBRE,AFRO,SOLTERO,ECUADOR,NINGUNA,5,1,0,MADRUGADA,ARMA_CONTUNDENTE
ZONA 8,D.M. GUAYAQUIL,PASCUALES,GUAYAS,GUAYAQUIL,-2.08482613819949,-79.9401041865349,URBANO,INTERIOR DE VEHICULO PARTICULAR,PRIVADO,VIOLENCIA COMUNITARIA,RINAS,40,HOMBRE,MESTIZO/A,SOLTERO,ECUADOR,NINGUNA,5,1,13,TARDE,ARMA_CONTUNDENTE
ZONA 6,CANAR,LA TRONCAL,CANAR,LA TRONCAL,-2.34938,-79.31205,URBANO,MAR,PUBLICO,DELINCUENCIA COMUN,AMENAZA,19,HOMBRE,MESTIZO/A,SOLTERO,ECUADOR,NINGUNA,1,0,9,MANANA,ARMA_BLANCA
ZONA 1,SUCUMBIOS,LAGO AGRIO,SUCUMBIOS,LAGO AGRIO,0.09377,-76.88854,URBANO,PARQUEADEROS,PUBLICO,DELINCUENCIA COMUN,AMENAZA,31,HOMBRE,MESTIZO/A,SOLTERO,ECUADOR,NINGUNA,4,0,19,NOCHE,ARMA_FUEGO
ZONA 6,MORONA SANTIAGO,CENTRO SUR,MORONA SANTIAGO,SUCUA,-2.48635,-78.22241,RURAL,RIO,PUBLICO,VIOLENCIA INTRAFAMILIAR,SENTIMENTAL,42,MUJER,INDIGENA,SOLTERO,ECUADOR,NINGUNA,0,0,14,TARDE,ARMA_CONTUNDENTE
ZONA 5,GUAYAS,BALZAR,GUAYAS,BALZAR,-1.33775,-79.87788,RURAL,INTERIOR DE VEHICULO PARTICULAR,PRIVADO,DELINCUENCIA COMUN,AMENAZA,31,HOMBRE,MESTIZO/A,SOLTERO,ECUADOR,NINGUNA,5,1,23,NOCHE,ARMA_FUEGO
ZONA 8,D.M. GUAYAQUIL,FLORIDA,GUAYAS,GUAYAQUIL,-2.12837125224168,-79.9357476085424,URBANO,VIA PUBLICA,PUBLICO,DELINCUENCIA COMUN,TRAFICO INTERNO DE DROGAS (MICROTRAFICO),40,HOMBRE,MESTIZO/A,SOLTERO,ECUADOR,NINGUNA,6,1,4,MADRUGADA,ARMA_FUEGO
ZONA 7,EL ORO,MACHALA,EL ORO,MACHALA,-3.26394,-79.96377,URBANO,CENTROS DE REHABILITACION SOCIAL,PRIVADO,DELINCUENCIA COMUN,AMENAZA,27,HOMBRE,MESTIZO/A,SOLTERO,ECUADOR,NINGUNA,3,0,16,TARDE,OTRAS
ZONA 1,SUCUMBIOS,SHUSHUFINDI,SUCUMBIOS,SHUSHUFINDI,-0.18178,-76.61577,RURAL,RIO,PUBLICO,DELINCUENCIA COMUN,AMENAZA,27,HOMBRE,MESTIZO/A,SOLTERO,ECUADOR,NINGUNA,3,0,22,NOCHE,OTRAS
ZONA 4,MANABI,PORTOVIEJO,MANABI,PORTOVIEJO,-1.01562,-80.38616,URBANO,CENTROS DE REHABILITACION SOCIAL,PRIVADO,DELINCUENCIA COMUN,AMENAZA,38,HOMBRE,MESTIZO/A,SOLTERO,ECUADOR,NINGUNA,0,0,18,NOCHE,OTRAS
ZONA 2,ORELLANA,ORELLANA LORETO,ORELLANA,FRANCISCO DE ORELLANA,-0.72213,-77.02936,RURAL,CASA/VILLA,PRIVADO,DELINCUENCIA COMUN,ROBO A DOMICILIOS,58,HOMBRE,MESTIZO/A,SOLTERO,ECUADOR,NINGUNA,0,0,1,MADRUGADA,ARMA_BLANCA
ZONA 4,STO DGO DE LOS TSACHILAS,SANTO DOMINGO OESTE,STO DGO DE LOS TSACHILAS,SANTO DOMINGO,-0.26204,-79.20947,URBANO,CASA/VILLA,PRIVADO,TRANSNACIONAL,SECUESTRO,49,HOMBRE,MESTIZO/A,CASADO,ECUADOR,NINGUNA,2,0,0,MADRUGADA,ARMA_CONTUNDENTE
ZONA 7,EL ORO,PASAJE,EL ORO,EL GUABO,-3.1926559999999906,-79.860162,RURAL,VIA PUBLICA,PUBLICO,DELINCUENCIA COMUN,AMENAZA,25,HOMBRE,MESTIZO/A,SOLTERO,ECUADOR,NINGUNA,4,0,22,NOCHE,ARMA_FUEGO
ZONA 8,D.M. GUAYAQUIL,9 DE OCTUBRE,GUAYAS,GUAYAQUIL,-2.19717,-79.90849,URBANO,VIA PUBLICA,PUBLICO,DELINCUENCIA COMUN,AMENAZA,16,HOMBRE,MESTIZO/A,SOLTERO,ECUADOR,NINGUNA,6,1,15,TARDE,ARMA_FUEGO
ZONA 8,D.M. GUAYAQUIL,PASCUALES,GUAYAS,GUAYAQUIL,-2.10148,-79.92369,URBANO,CASA/VILLA,PRIVADO,DELINCUENCIA COMUN,TRAFICO INTERNO DE DROGAS (MICROTRAFICO),15,HOMBRE,MESTIZO/A,SOLTERO,ECUADOR,NINGUNA,3,0,19,NOCHE,ARMA_FUEGO
ZONA 4,STO DGO DE LOS TSACHILAS,SANTO DOMINGO OESTE,STO DGO DE LOS TSACHILAS,SANTO DOMINGO,-0.36138,-79.37739,RURAL,CASA/VILLA,PRIVADO,DELINCUENCIA COMUN,AMENAZA,80,HOMBRE,MESTIZO/A,SOLTERO,ECUADOR,NINGUNA,1,0,20,NOCHE,ARMA_BLANCA
ZONA 1,ESMERALDAS,ESMERALDAS,ESMERALDAS,ESMERALDAS,0.966319761792211,-79.6678073999647,URBANO,VIA PUBLICA,PUBLICO,DELINCUENCIA COMUN,AMENAZA,24,HOMBRE,MESTIZO/A,SOLTERO,ECUADOR,NINGUNA,2,0,7,MANANA,ARMA_FUEGO
ZONA 7,EL ORO,MACHALA,EL ORO,MACHALA,-3.2639,-79.96387,URBANO,CENTROS DE REHABILITACION SOCIAL,PRIVADO,DELINCUENCIA COMUN,AMENAZA,31,HOMBRE,MESTIZO/A,SOLTERO,ECUADOR,NINGUNA,2,0,16,TARDE,ARMA_BLANCA
ZONA 8,D.M. GUAYAQUIL,MODELO,GUAYAS,GUAYAQUIL,-2.11618,-79.89251,URBANO,VIA PUBLICA,PUBLICO,VIOLENCIA COMUNITARIA,LINCHAMIENTO,31,HOMBRE,MESTIZO/A,SOLTERO,ECUADOR,NINGUNA,3,0,15,TARDE,OTRAS
ZONA 4,MANABI,MANTA,MANABI,MANTA,-0.95667,-80.71004,URBANO,CASA/VILLA,PRIVADO,DELINCUENCIA COMUN,AMENAZA,46,HOMBRE,MESTIZO/A,VIUDO,ECUADOR,NINGUNA,6,1,1,MADRUGADA,ARMA_FUEGO
ZONA 8,D.M. GUAYAQUIL,9 DE OCTUBRE,GUAYAS,GUAYAQUIL,-2.19807,-79.89056,URBANO,VIA PUBLICA,PUBLICO,VIOLENCIA COMUNITARIA,RINAS,22,HOMBRE,MESTIZO/A,SOLTERO,ECUADOR,NINGUNA,3,0,14,TARDE,ARMA_CONTUNDENTE
ZONA 9,D.M. QUITO,LA DELICIA,PICHINCHA,QUITO,-0.01787,-78.44185,URBANO,VIA PUBLICA,PUBLICO,DELINCUENCIA COMUN,ROBO A PERSONAS,77,HOMBRE,MESTIZO/A,CASADO,ECUADOR,NINGUNA,4,0,17,TARDE,ARMA_CONTUNDENTE
ZONA 1,IMBABURA,VALLE DEL AMANECER,IMBABURA,OTAVALO,0.2338832826974399,-78.2583121955395,URBANO,TERRENO BALDIO,PUBLICO,VIOLENCIA COMUNITARIA,RINAS,27,HOMBRE,MESTIZO/A,SOLTERO,ECUADOR,NINGUNA,6,1,21,NOCHE,ARMA_CONTUNDENTE
ZONA 6,CANAR,AZOGUES,CANAR,BIBLIAN,-2.68803,-78.8937,RURAL,CASA/VILLA,PRIVADO,DELINCUENCIA COMUN,AMENAZA,75,HOMBRE,MESTIZO/A,VIUDO,ECUADOR,NINGUNA,1,0,10,MANANA,OTRAS
ZONA 7,EL ORO,MACHALA,EL ORO,MACHALA,-3.267,-79.95163,URBANO,VIA PUBLICA,PUBLICO,DELINCUENCIA COMUN,TRAFICO INTERNO DE DROGAS (MICROTRAFICO),28,HOMBRE,MESTIZO/A,SOLTERO,ECUADOR,NINGUNA,5,1,7,MANANA,ARMA_BLANCA
ZONA 7,EL ORO,PASAJE,EL ORO,PASAJE,-3.32714,-79.80254,URBANO,CONJUNTO HABITACIONAL,PRIVADO,VIOLENCIA INTRAFAMILIAR,SENTIMENTAL,30,MUJER,MESTIZO/A,SOLTERO,ECUADOR,NINGUNA,0,0,1,MADRUGADA,OTRAS
ZONA 5,SANTA ELENA,LIBERTAD SALINAS,SANTA ELENA,LA LIBERTAD,-2.22533010808097,-80.9070936442731,URBANO,MERCADOS,PUBLICO,VIOLENCIA COMUNITARIA,RINAS,56,HOMBRE,MESTIZO/A,SOLTERO,ECUADOR,NINGUNA,6,1,14,TARDE,ARMA_CONTUNDENTE
ZONA 2,PICHINCHA,RUMINAHUI - MEJIA,PICHINCHA,RUMINAHUI,-0.33125,-78.44273,URBANO,FUERZAS DE SEGURIDAD PUBLICA Y DEL ESTADO,PRIVADO,VIOLENCIA COMUNITARIA,LINCHAMIENTO,35,HOMBRE,AFRO,SOLTERO,ECUADOR,NINGUNA,6,1,13,TARDE,ARMA_CONTUNDENTE
ZONA 8,D.M. GUAYAQUIL,NUEVA PROSPERINA,GUAYAS,GUAYAQUIL,-2.11158,-79.99948,URBANO,CASA/VILLA,PRIVADO,DELINCUENCIA COMUN,AMENAZA,29,HOMBRE,MESTIZO/A,SOLTERO,ECUADOR,NINGUNA,1,0,22,NOCHE,ARMA_CONTUNDENTE
ZONA 5,LOS RIOS,BABAHOYO,LOS RIOS,BABAHOYO,-1.81011,-79.51373,URBANO,CASA/VILLA,PRIVADO,DELINCUENCIA COMUN,AMENAZA,26,HOMBRE,MESTIZO/A,SOLTERO,ECUADOR,NINGUNA,1,0,19,NOCHE,ARMA_FUEGO
ZONA 1,IMBABURA,VALLE DEL AMANECER,IMBABURA,ANTONIO ANTE,0.33929,-78.21343,URBANO,CASA/VILLA,PRIVADO,VIOLENCIA COMUNITARIA,RINAS,53,HOMBRE,MESTIZO/A,DIVORCIADO,ECUADOR,NINGUNA,0,0,19,NOCHE,ARMA_CONTUNDENTE
ZONA 8,D.M. GUAYAQUIL,PASCUALES,GUAYAS,GUAYAQUIL,-2.05309,-79.9436,URBANO,CENTROS DE REHABILITACION SOCIAL,PRIVADO,DELINCUENCIA COMUN,AMENAZA,33,HOMBRE,MESTIZO/A,SOLTERO,ECUADOR,NINGUNA,0,0,17,TARDE,OTRAS
ZONA 5,LOS RIOS,BUENA FE,LOS RIOS,BUENA FE,-0.87691,-79.49227,URBANO,VIA PUBLICA,PUBLICO,DELINCUENCIA COMUN,AMENAZA,19,HOMBRE,MESTIZO/A,SOLTERO,ECUADOR,NINGUNA,6,1,22,NOCHE,ARMA_FUEGO
ZONA 8,D.M. GUAYAQUIL,NUEVA PROSPERINA,GUAYAS,GUAYAQUIL,-2.11978218664238,-79.95733570307489,URBANO,VIA PUBLICA,PUBLICO,DELINCUENCIA COMUN,TRAFICO INTERNO DE DROGAS (MICROTRAFICO),28,HOMBRE,MESTIZO/A,SOLTERO,ECUADOR,NINGUNA,6,1,13,TARDE,ARMA_FUEGO
ZONA 9,D.M. QUITO,NANEGAL,PICHINCHA,QUITO,0.086592,-78.78047499999998,URBANO,CASA/VILLA,PRIVADO,DELINCUENCIA COMUN,ABIGEATO,76,HOMBRE,MESTIZO/A,CASADO,ECUADOR,NINGUNA,1,0,1,MADRUGADA,ARMA_FUEGO
ZONA 9,D.M. QUITO,QUITUMBE,PICHINCHA,QUITO,-0.27281,-78.56819,URBANO,VIA PUBLICA,PUBLICO,VIOLENCIA COMUNITARIA,RINAS,44,HOMBRE,MESTIZO/A,SOLTERO,ECUADOR,NINGUNA,2,0,14,TARDE,ARMA_BLANCA
ZONA 8,D.M. GUAYAQUIL,NUEVA PROSPERINA,GUAYAS,GUAYAQUIL,-2.12294619683857,-79.95714090764518,URBANO,VIA PUBLICA,PUBLICO,VIOLENCIA COMUNITARIA,RINAS,31,HOMBRE,MESTIZO/A,SOLTERO,ECUADOR,NINGUNA,6,1,2,MADRUGADA,ARMA_FUEGO
ZONA 8,D.M. GUAYAQUIL,PASCUALES,GUAYAS,GUAYAQUIL,-2.05309,-79.9436,URBANO,CENTROS DE REHABILITACION SOCIAL,PRIVADO,DELINCUENCIA COMUN,AMENAZA,30,HOMBRE,MESTIZO/A,SOLTERO,ECUADOR,NINGUNA,5,1,8,MANANA,OTRAS
ZONA 5,BOLIVAR,SUBTROPICO,BOLIVAR,LAS NAVES,-1.20634,-79.28031,RURAL,VIA PUBLICA,PUBLICO,VIOLENCIA COMUNITARIA,LINCHAMIENTO,42,HOMBRE,MESTIZO/A,SOLTERO,ECUADOR,NINGUNA,4,0,23,NOCHE,OTRAS
ZONA 2,NAPO,TENA,NAPO,TENA,-0.99297,-77.80645,URBANO,CASA/VILLA,PRIVADO,DELINCUENCIA COMUN,TRAFICO INTERNO DE DROGAS (MICROTRAFICO),23,HOMBRE,MESTIZO/A,SOLTERO,ECUADOR,NINGUNA,2,0,11,MANANA,OTRAS
ZONA 5,GUAYAS,BALZAR,GUAYAS,BALZAR,-1.11461,-79.6819,RURAL,VIA PUBLICA,PUBLICO,DELINCUENCIA COMUN,AMENAZA,24,MUJER,MESTIZO/A,SOLTERO,ECUADOR,NINGUNA,4,0,2,MADRUGADA,OTRAS
ZONA 8,D.M. GUAYAQUIL,PASCUALES,GUAYAS,GUAYAQUIL,-2.05139,-79.94489,URBANO,CENTROS DE REHABILITACION SOCIAL,PRIVADO,DELINCUENCIA COMUN,AMENAZA,45,HOMBRE,MESTIZO/A,SOLTERO,ECUADOR,NINGUNA,1,0,3,MADRUGADA,ARMA_BLANCA
ZONA 8,D.M. GUAYAQUIL,NUEVA PROSPERINA,GUAYAS,GUAYAQUIL,-2.09584,-79.97172,URBANO,VIA PUBLICA,PUBLICO,DELINCUENCIA COMUN,TRAFICO INTERNOS DE DROGAS (MICROTRAFICO),18,HOMBRE,MESTIZO/A,SOLTERO,ECUADOR,NINGUNA,5,1,17,TARDE,ARMA_FUEGO
ZONA 1,IMBABURA,TIERRA DEL SOL,IMBABURA,COTACACHI,0.3012,-78.30519,RURAL,CASA/VILLA,PRIVADO,VIOLENCIA INTRAFAMILIAR,MALTRATO,64,HOMBRE,INDIGENA,VIUDO,ECUADOR,NINGUNA,4,0,7,MANANA,ARMA_CONTUNDENTE
ZONA 4,MANABI,PICHINCHA,MANABI,PICHINCHA,-1.00031,-79.82688,RURAL,FINCA,PRIVADO,VIOLENCIA COMUNITARIA,RINAS,61,HOMBRE,MESTIZO/A,SOLTERO,ECUADOR,NINGUNA,3,0,22,NOCHE,ARMA_BLANCA
ZONA 1,SUCUMBIOS,SHUSHUFINDI,SUCUMBIOS,SHUSHUFINDI,-0.18829,-76.64216,URBANO,PARQUES Y PLAZAS,PUBLICO,DELINCUENCIA COMUN,AMENAZA,31,HOMBRE,AFRO,SOLTERO,COLOMBIA,NINGUNA,6,1,2,MADRUGADA,ARMA_FUEGO
ZONA 8,D.M. GUAYAQUIL,ESTEROS,GUAYAS,GUAYAQUIL,-2.23498,-79.91711,URBANO,RIO,PUBLICO,DELINCUENCIA COMUN,ROBO DE CARROS,57,HOMBRE,MESTIZO/A,SOLTERO,ECUADOR,NINGUNA,2,0,17,TARDE,ARMA_CONTUNDENTE
ZONA 5,BOLIVAR,SUBTROPICO,BOLIVAR,LAS NAVES,-1.269644,-79.321234,RURAL,FINCA,PRIVADO,VIOLENCIA COMUNITARIA,ACTOS DE ODIO,57,HOMBRE,MESTIZO/A,SOLTERO,ECUADOR,NINGUNA,3,0,19,NOCHE,ARMA_CONTUNDENTE
ZONA 5,LOS RIOS,VENTANAS,LOS RIOS,VENTANAS,-1.45011,-79.4677,URBANO,CASA/VILLA,PRIVADO,DELINCUENCIA COMUN,TRAFICO INTERNO DE DROGAS (MICROTRAFICO),45,MUJER,MESTIZO/A,SOLTERO,ECUADOR,NINGUNA,2,0,16,TARDE,ARMA_FUEGO
ZONA 5,BOLIVAR,GUARANDA,BOLIVAR,GUARANDA,-1.56713,-79.0067,URBANO,VIA PUBLICA,PUBLICO,DELINCUENCIA COMUN,TRAFICO INTERNO DE DROGAS (MICROTRAFICO),21,HOMBRE,MESTIZO/A,SOLTERO,ECUADOR,NINGUNA,5,1,23,NOCHE,OTRAS
ZONA 1,ESMERALDAS,ESMERALDAS,ESMERALDAS,ESMERALDAS,0.913458973508659,-79.69223773442259,URBANO,VIA PUBLICA,PUBLICO,DELINCUENCIA COMUN,AMENAZA,22,HOMBRE,MESTIZO/A,SOLTERO,ECUADOR,NINGUNA,1,0,15,TARDE,ARMA_FUEGO
ZONA 5,GUAYAS,YAGUACHI,GUAYAS,SAN JACINTO DE YAGUACHI,-2.25486,-79.64894,RURAL,TERRENO BALDIO,PUBLICO,DELINCUENCIA COMUN,ROBO A DOMICILIOS,24,HOMBRE,MESTIZO/A,SOLTERO,ECUADOR,NINGUNA,1,0,21,NOCHE,ARMA_CONTUNDENTE
ZONA 5,GUAYAS,YAGUACHI,GUAYAS,SAN JACINTO DE YAGUACHI,-2.07818,-79.78385,RURAL,RIO,PUBLICO,DELINCUENCIA COMUN,ROBO A PERSONAS,29,HOMBRE,MESTIZO/A,SOLTERO,ECUADOR,NINGUNA,6,1,8,MANANA,OTRAS
ZONA 6,AZUAY,CUENCA NORTE,AZUAY,CUENCA,-2.88505,-78.94995,URBANO,BOSQUE Y RESERVAS ECOLOGICAS,PUBLICO,VIOLENCIA COMUNITARIA,LINCHAMIENTO,27,HOMBRE,AFRO,SOLTERO,VENEZUELA,NINGUNA,4,0,1,MADRUGADA,OTRAS
ZONA 1,ESMERALDAS,QUININDE,ESMERALDAS,QUININDE,0.08537,-79.41954,RURAL,VIA PUBLICA,PUBLICO,DELINCUENCIA COMUN,ROBO EN EJES VIALES O CARRETERAS,32,HOMBRE,MESTIZO/A,CASADO,ECUADOR,NINGUNA,5,1,10,MANANA,ARMA_CONTUNDENTE
ZONA 4,MANABI,MANTA,MANABI,MANTA,-0.968365,-80.721973,URBANO,CASA/VILLA,PRIVADO,TRANSNACIONAL,TRAFICO INTERNACIONAL DE DROGA,33,HOMBRE,MESTIZO/A,SOLTERO,ECUADOR,NINGUNA,5,1,13,TARDE,ARMA_FUEGO
ZONA 8,D.M. GUAYAQUIL,9 DE OCTUBRE,GUAYAS,GUAYAQUIL,-2.19791,-79.88859,URBANO,VIA PUBLICA,PUBLICO,VIOLENCIA COMUNITARIA,RINAS,46,HOMBRE,MESTIZO/A,SOLTERO,ECUADOR,NINGUNA,6,1,4,MADRUGADA,ARMA_BLANCA
ZONA 1,ESMERALDAS,ESMERALDAS,ESMERALDAS,ESMERALDAS,0.91509,-79.69725,URBANO,CENTROS DE REHABILITACION SOCIAL,PRIVADO,DELINCUENCIA COMUN,AMENAZA,23,HOMBRE,MESTIZO/A,SOLTERO,ECUADOR,NINGUNA,3,0,2,MADRUGADA,ARMA_BLANCA
ZONA 8,D.M. GUAYAQUIL,PORTETE,GUAYAS,GUAYAQUIL,-2.2354,-79.94229,URBANO,VIA PUBLICA,PUBLICO,DELINCUENCIA COMUN,TRAFICO INTERNO DE DROGAS (MICROTRAFICO),23,HOMBRE,AFRO,SOLTERO,ECUADOR,NINGUNA,2,0,14,TARDE,OTRAS
ZONA 8,D.M. GUAYAQUIL,DURAN,GUAYAS,DURAN,-2.17066,-79.846,URBANO,CASA/VILLA,PRIVADO,DELINCUENCIA COMUN,AMENAZA,45,HOMBRE,MESTIZO/A,SOLTERO,ECUADOR,NINGUNA,0,0,4,MADRUGADA,ARMA_BLANCA
ZONA 5,LOS RIOS,BUENA FE,LOS RIOS,BUENA FE,-0.60835,-79.38758,RURAL,VIA PUBLICA,PUBLICO,DELINCUENCIA COMUN,AMENAZA,32,HOMBRE,MESTIZO/A,SOLTERO,ECUADOR,NINGUNA,5,1,4,MADRUGADA,OTRAS
ZONA 5,LOS RIOS,QUEVEDO,LOS RIOS,QUEVEDO,-1.033104,-79.422685,URBANO,VIA PUBLICA,PUBLICO,VIOLENCIA COMUNITARIA,RINAS,26,HOMBRE,MESTIZO/A,SOLTERO,ECUADOR,NINGUNA,6,1,5,MADRUGADA,ARMA_FUEGO
ZONA 7,LOJA,LOJA,LOJA,LOJA,-3.99394,-79.20606,RURAL,HOSPITALES,PRIVADO,VIOLENCIA COMUNITARIA,RINAS,22,HOMBRE,MESTIZO/A,SOLTERO,ECUADOR,NINGUNA,4,0,19,NOCHE,ARMA_CONTUNDENTE
ZONA 8,D.M. GUAYAQUIL,DURAN,GUAYAS,DURAN,-2.15811,-79.82103,URBANO,CASA/VILLA,PRIVADO,VIOLENCIA INTRAFAMILIAR,SENTIMENTAL,26,HOMBRE,MESTIZO/A,SOLTERO,ECUADOR,NINGUNA,1,0,19,NOCHE,ARMA_BLANCA
ZONA 5,GUAYAS,DAULE,GUAYAS,DAULE,-1.853939,-79.979601,URBANO,VIA PUBLICA,PUBLICO,DELINCUENCIA COMUN,AMENAZA,50,HOMBRE,MESTIZO/A,VIUDO,ECUADOR,NINGUNA,2,0,13,TARDE,ARMA_FUEGO
ZONA 5,LOS RIOS,BABAHOYO,LOS RIOS,MONTALVO,-1.84203,-79.43526,RURAL,FINCA,PRIVADO,DELINCUENCIA COMUN,AMENAZA,27,HOMBRE,MESTIZO/A,SOLTERO,ECUADOR,NINGUNA,1,0,2,MADRUGADA,OTRAS
ZONA 5,GUAYAS,JUJAN SIMON BOLIVAR,GUAYAS,ALFREDO BAQUERIZO MORENO (JUJAN),-1.9194089999999897,-79.608996,RURAL,ESCUELAS,PRIVADO,DELINCUENCIA COMUN,AMENAZA,33,HOMBRE,MESTIZO/A,CASADO,ECUADOR,NINGUNA,4,0,21,NOCHE,ARMA_FUEGO
ZONA 7,EL ORO,ZARUMA,EL ORO,PORTOVELO,-3.76618,-79.56694,URBANO,IGLESIAS,PRIVADO,VIOLENCIA COMUNITARIA,RINAS,51,HOMBRE,MESTIZO/A,SOLTERO,ECUADOR,NINGUNA,5,1,22,NOCHE,OTRAS
ZONA 7,EL ORO,ZARUMA,EL ORO,PORTOVELO,-3.71591,-79.62188,URBANO,VIA PUBLICA,PUBLICO,VIOLENCIA COMUNITARIA,EMOCIONAL,22,HOMBRE,MESTIZO/A,SOLTERO,VENEZUELA,NINGUNA,1,0,20,NOCHE,ARMA_BLANCA
ZONA 8,D.M. GUAYAQUIL,MODELO,GUAYAS,GUAYAQUIL,-3.00172,-79.78988,RURAL,VIA PUBLICA,PUBLICO,DELINCUENCIA COMUN,AMENAZA,32,HOMBRE,MESTIZO/A,SOLTERO,ECUADOR,NINGUNA,4,0,5,MADRUGADA,ARMA_BLANCA
ZONA 6,CANAR,LA TRONCAL,CANAR,LA TRONCAL,-2.34938,-79.31205,URBANO,MAR,PUBLICO,DELINCUENCIA COMUN,TRAFICO INTERNO DE DROGAS (MICROTRAFICO),42,HOMBRE,MESTIZO/A,SOLTERO,ECUADOR,NINGUNA,4,0,8,MANANA,OTRAS
ZONA 5,GUAYAS,YAGUACHI,GUAYAS,SAN JACINTO DE YAGUACHI,-2.15063,-79.78765,RURAL,TERRENO BALDIO,PUBLICO,DELINCUENCIA COMUN,AMENAZA,24,HOMBRE,MESTIZO/A,SOLTERO,ECUADOR,NINGUNA,3,0,10,MANANA,ARMA_CONTUNDENTE
ZONA 1,SUCUMBIOS,SHUSHUFINDI,SUCUMBIOS,SHUSHUFINDI,-0.18311,-76.64067,URBANO,VIA PUBLICA,PUBLICO,VIOLENCIA COMUNITARIA,RINAS,38,HOMBRE,AFRO,SOLTERO,ECUADOR,NINGUNA,6,1,12,TARDE,ARMA_BLANCA
ZONA 9,D.M. QUITO,TUMBACO,PICHINCHA,QUITO,-0.20922,-78.42451,URBANO,VIA PUBLICA,PUBLICO,VIOLENCIA COMUNITARIA,LINCHAMIENTO,33,HOMBRE,MESTIZO/A,SOLTERO,ECUADOR,NINGUNA,6,1,18,NOCHE,ARMA_CONTUNDENTE
ZONA 8,D.M. GUAYAQUIL,PORTETE,GUAYAS,GUAYAQUIL,-2.2117,-79.93166,URBANO,VIA PUBLICA,PUBLICO,DELINCUENCIA COMUN,AMENAZA,32,HOMBRE,MESTIZO/A,SOLTERO,ECUADOR,NINGUNA,2,0,20,NOCHE,OTRAS
ZONA 8,D.M. GUAYAQUIL,PASCUALES,GUAYAS,GUAYAQUIL,-2.04944,-79.94221,URBANO,CENTROS DE REHABILITACION SOCIAL,PRIVADO,DELINCUENCIA COMUN,AMENAZA,30,HOMBRE,MESTIZO/A,SOLTERO,ECUADOR,NINGUNA,2,0,19,NOCHE,OTRAS
ZONA 1,IMBABURA,VALLE DEL AMANECER,IMBABURA,OTAVALO,0.22574507096832,-78.2248288814023,RURAL,CASA/VILLA,PRIVADO,DELINCUENCIA COMUN,ROBO A DOMICILIOS,65,MUJER,INDIGENA,VIUDO,ECUADOR,NINGUNA,2,0,12,TARDE,ARMA_CONTUNDENTE
ZONA 7,LOJA,LOJA,LOJA,LOJA,-4.00436,-79.19314,URBANO,CENTROS DE REHABILITACION SOCIAL,PRIVADO,DELINCUENCIA COMUN,AMENAZA,32,HOMBRE,MESTIZO/A,SOLTERO,ECUADOR,NINGUNA,6,1,0,MADRUGADA,OTRAS
ZONA 6,CANAR,LA TRONCAL,CANAR,LA TRONCAL,-2.4339,-79.35228,URBANO,BARES,PRIVADO,VIOLENCIA COMUNITARIA,RINAS,43,HOMBRE,MESTIZO/A,SOLTERO,ECUADOR,NINGUNA,5,1,23,NOCHE,ARMA_BLANCA
ZONA 9,D.M. QUITO,CALDERON,PICHINCHA,QUITO,-0.07209,-78.40542,RURAL,TERRENO BALDIO,PUBLICO,DELINCUENCIA COMUN,ROBO DE CARROS,21,HOMBRE,MESTIZO/A,SOLTERO,ECUADOR,NINGUNA,1,0,3,MADRUGADA,ARMA_FUEGO
ZONA 9,D.M. QUITO,EUGENIO ESPEJO,PICHINCHA,QUITO,-0.12131,-78.51014,URBANO,VIA PUBLICA,PUBLICO,VIOLENCIA COMUNITARIA,RINAS,34,HOMBRE,MESTIZO/A,SOLTERO,ECUADOR,NINGUNA,4,0,3,MADRUGADA,ARMA_BLANCA
ZONA 1,ESMERALDAS,ESMERALDAS,ESMERALDAS,ESMERALDAS,0.71632,-79.53378,RURAL,RIO,PUBLICO,DELINCUENCIA COMUN,AMENAZA,28,HOMBRE,MESTIZO/A,SOLTERO,ECUADOR,NINGUNA,1,0,14,TARDE,OTRAS
ZONA 3,COTOPAXI,LATACUNGA,COTOPAXI,LATACUNGA,-0.75996,-78.67382,URBANO,HOSPITALES,PRIVADO,VIOLENCIA COMUNITARIA,RINAS,22,HOMBRE,MESTIZO/A,SOLTERO,ECUADOR,NINGUNA,6,1,21,NOCHE,ARMA_CONTUNDENTE
ZONA 4,MANABI,PORTOVIEJO,MANABI,PORTOVIEJO,-1.0588527086383,-80.4827982187271,URBANO,CASA/VILLA,PRIVADO,VIOLENCIA INTRAFAMILIAR,SENTIMENTAL,45,MUJER,MESTIZO/A,DIVORCIADO,ECUADOR,NINGUNA,3,0,14,TARDE,ARMA_FUEGO
ZONA 8,D.M. GUAYAQUIL,PASCUALES,GUAYAS,GUAYAQUIL,-2.05319,-79.94364,URBANO,CENTROS DE REHABILITACION SOCIAL,PRIVADO,DELINCUENCIA COMUN,AMENAZA,27,HOMBRE,MESTIZO/A,SOLTERO,ECUADOR,NINGUNA,4,0,7,MANANA,OTRAS
ZONA 9,D.M. QUITO,ELOY ALFARO - DMQ,PICHINCHA,QUITO,-0.27611,-78.517,URBANO,CASA/VILLA,PRIVADO,DELINCUENCIA COMUN,AMENAZA,42,HOMBRE,MESTIZO/A,CASADO,ECUADOR,NINGUNA,1,0,15,TARDE,ARMA_BLANCA
ZONA 8,D.M. GUAYAQUIL,9 DE OCTUBRE,GUAYAS,GUAYAQUIL,-2.21389728275488,-79.8969324231803,URBANO,GASOLINERAS,PRIVADO,DELINCUENCIA COMUN,TRAFICO INTERNO DE DROGAS (MICROTRAFICO),34,HOMBRE,MESTIZO/A,SOLTERO,ECUADOR,NINGUNA,2,0,15,TARDE,ARMA_FUEGO
ZONA 7,EL ORO,PASAJE,EL ORO,PASAJE,-3.35776,-79.88689,URBANO,VIA PUBLICA,PUBLICO,DELINCUENCIA COMUN,AMENAZA,54,HOMBRE,MESTIZO/A,CASADO,ECUADOR,NINGUNA,4,0,20,NOCHE,ARMA_BLANCA
ZONA 6,CANAR,LA TRONCAL,CANAR,LA TRONCAL,-2.36258599999999,-79.39353,RURAL,HACIENDAS,PRIVADO,VIOLENCIA COMUNITARIA,RINAS,36,HOMBRE,MESTIZO/A,SOLTERO,ECUADOR,NINGUNA,0,0,8,MANANA,ARMA_CONTUNDENTE
ZONA 8,D.M. GUAYAQUIL,ESTEROS,GUAYAS,GUAYAQUIL,-2.24368087119175,-79.9071314335742,URBANO,CASA/VILLA,PRIVADO,VIOLENCIA COMUNITARIA,DEUDAS,41,HOMBRE,MESTIZO/A,SOLTERO,COLOMBIA,NINGUNA,4,0,13,TARDE,ARMA_FUEGO
ZONA 8,D.M. GUAYAQUIL,SUR - DMG,GUAYAS,GUAYAQUIL,-2.27452,-79.88057,URBANO,VIA PUBLICA,PUBLICO,DELINCUENCIA COMUN,TRAFICO INTERNO DE DROGAS (MICROTRAFICO),33,HOMBRE,AFRO,SOLTERO,ECUADOR,NINGUNA,2,0,0,MADRUGADA,ARMA_FUEGO
ZONA 5,GUAYAS,DAULE,GUAYAS,DAULE,-1.95186,-79.8836,RURAL,VIA PUBLICA,PUBLICO,TRANSNACIONAL,SECUESTRO,62,MUJER,MESTIZO/A,SOLTERO,ECUADOR,NINGUNA,6,1,8,MANANA,OTRAS
ZONA 5,GUAYAS,NARANJAL BALAO,GUAYAS,BALAO,-2.91499,-79.70172,URBANO,HACIENDAS,PRIVADO,DELINCUENCIA COMUN,AMENAZA,20,HOMBRE,MESTIZO/A,SOLTERO,ECUADOR,NINGUNA,4,0,10,MANANA,ARMA_BLANCA
ZONA 4,MANABI,JIPIJAPA,MANABI,JIPIJAPA,-1.36085,-80.58786,URBANO,CENTROS DE REHABILITACION SOCIAL,PRIVADO,DELINCUENCIA COMUN,AMENAZA,21,HOMBRE,MESTIZO/A,SOLTERO,ECUADOR,NINGUNA,3,0,21,NOCHE,OTRAS
ZONA 8,D.M. GUAYAQUIL,FLORIDA,GUAYAS,GUAYAQUIL,-2.14991,-79.93714,URBANO,VIA PUBLICA,PUBLICO,DELINCUENCIA COMUN,ROBO A PERSONAS,20,HOMBRE,MESTIZO/A,SOLTERO,ECUADOR,NINGUNA,6,1,17,TARDE,ARMA_CONTUNDENTE
ZONA 1,ESMERALDAS,QUININDE,ESMERALDAS,QUININDE,0.3315,-79.4697,URBANO,VIA PUBLICA,PUBLICO,DELINCUENCIA COMUN,TRAFICO INTERNO DE DROGAS (MICROTRAFICO),23,HOMBRE,AFRO,SOLTERO,ECUADOR,NINGUNA,0,0,19,NOCHE,ARMA_FUEGO
ZONA 5,GUAYAS,NARANJITO MARCELINO MARIDUENA,GUAYAS,NARANJITO,-2.17835,-79.46002,URBANO,CASA/VILLA,PRIVADO,VIOLENCIA INTRAFAMILIAR,SENTIMENTAL,20,MUJER,MESTIZO/A,SOLTERO,ECUADOR,NINGUNA,6,1,5,MADRUGADA,ARMA_CONTUNDENTE
ZONA 8,D.M. GUAYAQUIL,MODELO,GUAYAS,GUAYAQUIL,-2.14196597114333,-79.8787345737219,URBANO,VIA PUBLICA,PUBLICO,DELINCUENCIA COMUN,TRAFICO INTERNO DE DROGAS (MICROTRAFICO),38,HOMBRE,MONTUBIO/A,SOLTERO,ECUADOR,NINGUNA,3,0,19,NOCHE,ARMA_FUEGO
ZONA 5,LOS RIOS,VINCES,LOS RIOS,VINCES,-1.55509,-79.7515,URBANO,VIA PUBLICA,PUBLICO,DELINCUENCIA COMUN,AMENAZA,21,HOMBRE,MESTIZO/A,SOLTERO,ECUADOR,NINGUNA,1,0,16,TARDE,ARMA_FUEGO
ZONA 6,CANAR,AZOGUES,CANAR,AZOGUES,-2.83522,-78.89696,URBANO,RIO,PUBLICO,VIOLENCIA INTRAFAMILIAR,SENTIMENTAL,34,MUJER,MESTIZO/A,CASADO,ECUADOR,NINGUNA,4,0,23,NOCHE,OTRAS
ZONA 5,LOS RIOS,BABAHOYO,LOS RIOS,BABAHOYO,-1.80483,-79.52973,URBANO,VIA PUBLICA,PUBLICO,DELINCUENCIA COMUN,AMENAZA,49,HOMBRE,MESTIZO/A,CASADO,ECUADOR,NINGUNA,2,0,23,NOCHE,ARMA_FUEGO
ZONA 5,LOS RIOS,VENTANAS,LOS RIOS,QUINSALOMA,-1.13169,-79.33874,RURAL,FINCA,PRIVADO,DELINCUENCIA COMUN,AMENAZA,21,MUJER,MESTIZO/A,SOLTERO,ECUADOR,NINGUNA,2,0,7,MANANA,ARMA_BLANCA
ZONA 8,D.M. GUAYAQUIL,PORTETE,GUAYAS,GUAYAQUIL,-2.2319796573335706,-79.93950270116329,URBANO,VIA PUBLICA,PUBLICO,VIOLENCIA COMUNITARIA,EMOCIONAL,20,HOMBRE,MESTIZO/A,SOLTERO,ECUADOR,NINGUNA,6,1,1,MADRUGADA,ARMA_FUEGO
ZONA 3,COTOPAXI,LATACUNGA,COTOPAXI,LATACUNGA,-0.87226,-78.63112,URBANO,CENTROS DE REHABILITACION SOCIAL,PRIVADO,VIOLENCIA COMUNITARIA,LINCHAMIENTO,51,HOMBRE,BLANCO/A,CASADO,ECUADOR,NINGUNA,3,0,13,TARDE,ARMA_CONTUNDENTE
ZONA 5,GUAYAS,PLAYAS,GUAYAS,PLAYAS,-2.636,-80.38893,URBANO,VIA PUBLICA,PUBLICO,DELINCUENCIA COMUN,AMENAZA,23,HOMBRE,MESTIZO/A,SOLTERO,ECUADOR,NINGUNA,3,0,15,TARDE,ARMA_FUEGO
ZONA 8,D.M. GUAYAQUIL,FLORIDA,GUAYAS,GUAYAQUIL,-2.15056,-79.92821,URBANO,VIA PUBLICA,PUBLICO,DELINCUENCIA COMUN,AMENAZA,64,HOMBRE,MESTIZO/A,CASADO,ECUADOR,NINGUNA,6,1,22,NOCHE,ARMA_CONTUNDENTE
ZONA 3,COTOPAXI,LATACUNGA,COTOPAXI,LATACUNGA,-0.87213,-78.63078,RURAL,CENTROS DE REHABILITACION SOCIAL,PRIVADO,DELINCUENCIA COMUN,AMENAZA,28,HOMBRE,MESTIZO/A,SOLTERO,ECUADOR,NINGUNA,1,0,14,TARDE,OTRAS
ZONA 2,ORELLANA,LA JOYA DE LOS SACHAS,ORELLANA,LA JOYA DE LOS SACHAS,-0.305736932961306,-76.85782944783571,URBANO,CASA/VILLA,PRIVADO,VIOLENCIA COMUNITARIA,RINAS,56,HOMBRE,MESTIZO/A,SOLTERO,ECUADOR,NINGUNA,5,1,13,TARDE,ARMA_CONTUNDENTE
ZONA 6,CANAR,AZOGUES,CANAR,AZOGUES,-2.76542,-78.86594,RURAL,VIA PUBLICA,PUBLICO,DELINCUENCIA COMUN,TRAFICO INTERNO DE DROGAS (MICROTRAFICO),39,HOMBRE,MESTIZO/A,DIVORCIADO,ECUADOR,NINGUNA,3,0,19,NOCHE,OTRAS
ZONA 3,TUNGURAHUA,AMBATO SUR,TUNGURAHUA,AMBATO,-1.29664,-78.64426,URBANO,VIA PUBLICA,PUBLICO,VIOLENCIA INTRAFAMILIAR,MALTRATO,52,MUJER,MESTIZO/A,CASADO,ECUADOR,NINGUNA,1,0,19,NOCHE,ARMA_CONTUNDENTE
ZONA 8,D.M. GUAYAQUIL,SUR - DMG,GUAYAS,GUAYAQUIL,-2.21133,-79.88589,URBANO,VIA PUBLICA,PUBLICO,DELINCUENCIA COMUN,AMENAZA,46,MUJER,MESTIZO/A,SOLTERO,ECUADOR,NINGUNA,3,0,19,NOCHE,OTRAS
ZONA 5,LOS RIOS,BUENA FE,LOS RIOS,VALENCIA,-0.9324,-79.3075,RURAL,VIA PUBLICA,PUBLICO,DELINCUENCIA COMUN,AMENAZA,28,HOMBRE,MESTIZO/A,SOLTERO,ECUADOR,NINGUNA,3,0,2,MADRUGADA,OTRAS
ZONA 6,AZUAY,CUENCA SUR,AZUAY,CUENCA,-2.88326,-79.02517,URBANO,VIA PUBLICA,PUBLICO,DELINCUENCIA COMUN,AMENAZA,34,HOMBRE,MESTIZO/A,SOLTERO,ECUADOR,NINGUNA,4,0,18,NOCHE,ARMA_FUEGO
ZONA 8,D.M. GUAYAQUIL,PASCUALES,GUAYAS,GUAYAQUIL,-2.11766,-79.94778,URBANO,VIA PUBLICA,PUBLICO,DELINCUENCIA COMUN,AMENAZA,46,HOMBRE,MESTIZO/A,SOLTERO,ECUADOR,NINGUNA,6,1,8,MANANA,ARMA_FUEGO
ZONA 8,D.M. GUAYAQUIL,PROGRESO,GUAYAS,GUAYAQUIL,-2.61194,-80.25555,URBANO,HACIENDAS,PRIVADO,DELINCUENCIA COMUN,ROBO A PERSONAS,59,HOMBRE,MESTIZO/A,CASADO,ECUADOR,NINGUNA,0,0,13,TARDE,ARMA_BLANCA
ZONA 7,EL ORO,SANTA ROSA,EL ORO,SANTA ROSA,-3.47623,-79.95173,RURAL,CASA/VILLA,PRIVADO,VIOLENCIA INTRAFAMILIAR,MALTRATO,55,HOMBRE,MESTIZO/A,DIVORCIADO,ECUADOR,NINGUNA,6,1,17,TARDE,ARMA_BLANCA
ZONA 8,D.M. GUAYAQUIL,9 DE OCTUBRE,GUAYAS,GUAYAQUIL,-2.18914749999999,-79.88073939999998,URBANO,VIA PUBLICA,PUBLICO,VIOLENCIA COMUNITARIA,RINAS,21,HOMBRE,MESTIZO/A,SOLTERO,ECUADOR,NINGUNA,4,0,6,MANANA,ARMA_CONTUNDENTE
ZONA 6,AZUAY,PONCE ENRIQUEZ,AZUAY,CAMILO PONCE ENRIQUEZ,-3.06285,-79.74776,URBANO,TERRENO BALDIO,PUBLICO,DELINCUENCIA COMUN,AMENAZA,34,HOMBRE,MESTIZO/A,SOLTERO,ECUADOR,NINGUNA,0,0,4,MADRUGADA,OTRAS
ZONA 5,GUAYAS,NARANJITO MARCELINO MARIDUENA,GUAYAS,NARANJITO,-2.13213,-79.43942,RURAL,FINCA,PRIVADO,DELINCUENCIA COMUN,AMENAZA,31,HOMBRE,MESTIZO/A,SOLTERO,ECUADOR,NINGUNA,6,1,12,TARDE,ARMA_BLANCA
ZONA 8,D.M. GUAYAQUIL,SUR - DMG,GUAYAS,GUAYAQUIL,-2.28502,-79.87656,URBANO,VIA PUBLICA,PUBLICO,DELINCUENCIA COMUN,AMENAZA,34,HOMBRE,MESTIZO/A,SOLTERO,ECUADOR,NINGUNA,5,1,21,NOCHE,ARMA_FUEGO
ZONA 1,CARCHI,ESPEJO,CARCHI,ESPEJO,0.6270099999999988,-77.938524,URBANO,CASA/VILLA,PRIVADO,DELINCUENCIA COMUN,ROBO A DOMICILIOS,44,HOMBRE,MESTIZO/A,CASADO,ECUADOR,NINGUNA,5,1,21,NOCHE,ARMA_CONTUNDENTE
ZONA 5,LOS RIOS,BABAHOYO,LOS RIOS,BABA,-1.63918,-79.58386,RURAL,VIA PUBLICA,PUBLICO,DELINCUENCIA COMUN,AMENAZA,23,HOMBRE,MESTIZO/A,SOLTERO,ECUADOR,NINGUNA,3,0,15,TARDE,OTRAS
ZONA 9,D.M. QUITO,EUGENIO ESPEJO,PICHINCHA,QUITO,-0.12538,-78.51372,URBANO,BOSQUE Y RESERVAS ECOLOGICAS,PUBLICO,DELINCUENCIA COMUN,AMENAZA,40,MUJER,MESTIZO/A,DIVORCIADO,ECUADOR,NINGUNA,0,0,0,MADRUGADA,OTRAS
ZONA 5,SANTA ELENA,SANTA ELENA,SANTA ELENA,SANTA ELENA,-2.14384,-80.76621,RURAL,VIA PUBLICA,PUBLICO,DELINCUENCIA COMUN,AMENAZA,49,HOMBRE,MESTIZO/A,CASADO,ECUADOR,NINGUNA,0,0,2,MADRUGADA,ARMA_BLANCA
ZONA 7,EL ORO,SANTA ROSA,EL ORO,SANTA ROSA,-3.56694,-79.86729,RURAL,BOSQUE Y RESERVAS ECOLOGICAS,PUBLICO,DELINCUENCIA COMUN,AMENAZA,32,HOMBRE,MESTIZO/A,SOLTERO,ECUADOR,NINGUNA,1,0,10,MANANA,OTRAS
ZONA 8,D.M. GUAYAQUIL,FLORIDA,GUAYAS,GUAYAQUIL,-2.14422,-79.94261,URBANO,CASA/VILLA,PRIVADO,VIOLENCIA COMUNITARIA,RINAS,19,MUJER,MESTIZO/A,SOLTERO,ECUADOR,NINGUNA,5,1,13,TARDE,ARMA_FUEGO
ZONA 8,D.M. GUAYAQUIL,FLORIDA,GUAYAS,GUAYAQUIL,-2.12413,-79.92824,URBANO,VIA PUBLICA,PUBLICO,VIOLENCIA COMUNITARIA,RINAS,53,HOMBRE,MESTIZO/A,SOLTERO,ECUADOR,NINGUNA,6,1,5,MADRUGADA,ARMA_CONTUNDENTE
ZONA 5,LOS RIOS,PUEBLO VIEJO,LOS RIOS,PUEBLOVIEJO,-1.62447,-79.56652,RURAL,HACIENDAS,PRIVADO,DELINCUENCIA COMUN,TRAFICO INTERNO DE DROGAS (MICROTRAFICO),29,HOMBRE,MESTIZO/A,EN UNION DE HECHO,ECUADOR,NINGUNA,3,0,7,MANANA,OTRAS
ZONA 9,D.M. QUITO,TUMBACO,PICHINCHA,QUITO,-0.342974,-78.21903899999998,URBANO,BOSQUE Y RESERVAS ECOLOGICAS,PUBLICO,VIOLENCIA INTRAFAMILIAR,SENTIMENTAL,27,MUJER,OTROS,CASADO,ECUADOR,NINGUNA,6,1,17,TARDE,ARMA_CONTUNDENTE
ZONA 1,IMBABURA,CIUDAD BLANCA,IMBABURA,SAN MIGUEL DE URCUQUI,0.68187,-78.35735,RURAL,FINCA,PRIVADO,DELINCUENCIA COMUN,ROBO A PERSONAS,54,HOMBRE,MESTIZO/A,CASADO,ECUADOR,NINGUNA,4,0,17,TARDE,ARMA_CONTUNDENTE
ZONA 2,PICHINCHA,RUMINAHUI - MEJIA,PICHINCHA,MEJIA,-0.47674,-78.58508,RURAL,CASA/VILLA,PRIVADO,VIOLENCIA INTRAFAMILIAR,SENTIMENTAL,44,MUJER,INDIGENA,CASADO,ECUADOR,NINGUNA,4,0,5,MADRUGADA,ARMA_BLANCA
ZONA 2,PICHINCHA,RUMINAHUI - MEJIA,PICHINCHA,MEJIA,-0.37414,-78.53149,URBANO,HACIENDAS,PRIVADO,DELINCUENCIA COMUN,ROBO DE CARROS,38,HOMBRE,MESTIZO/A,CASADO,ECUADOR,NINGUNA,5,1,2,MADRUGADA,ARMA_BLANCA
ZONA 9,D.M. QUITO,CALDERON,PICHINCHA,QUITO,-0.09251,-78.43412,URBANO,CASA/VILLA,PRIVADO,DELINCUENCIA COMUN,AMENAZA,52,MUJER,MESTIZO/A,DIVORCIADO,ECUADOR,NINGUNA,2,0,19,NOCHE,ARMA_CONTUNDENTE
ZONA 1,ESMERALDAS,ESMERALDAS,ESMERALDAS,ESMERALDAS,0.95078,-79.66072,URBANO,VIA PUBLICA,PUBLICO,DELINCUENCIA COMUN,AMENAZA,20,HOMBRE,MESTIZO/A,SOLTERO,ECUADOR,NINGUNA,2,0,20,NOCHE,ARMA_BLANCA
ZONA 4,MANABI,24 DE MAYO,MANABI,OLMEDO,-1.39585,-80.20882,RURAL,CEMENTERIOS,PRIVADO,DELINCUENCIA COMUN,AMENAZA,53,HOMBRE,MESTIZO/A,CASADO,ECUADOR,NINGUNA,0,0,7,MANANA,ARMA_BLANCA
ZONA 8,D.M. GUAYAQUIL,PASCUALES,GUAYAS,GUAYAQUIL,-2.05371,-79.94343,URBANO,CENTROS DE REHABILITACION SOCIAL,PRIVADO,VIOLENCIA COMUNITARIA,RINAS,30,HOMBRE,MULATO/A,SOLTERO,ECUADOR,NINGUNA,1,0,22,NOCHE,ARMA_CONTUNDENTE
ZONA 6,AZUAY,CUENCA SUR,AZUAY,CUENCA,-2.93405,-79.00418,URBANO,CENTROS DE REHABILITACION SOCIAL,PRIVADO,DELINCUENCIA COMUN,AMENAZA,43,HOMBRE,MESTIZO/A,CASADO,PERU,NINGUNA,4,0,14,TARDE,OTRAS
ZONA 1,SUCUMBIOS,SUCUMBIOS,SUCUMBIOS,GONZALO PIZARRO,0.02221,-77.26375,RURAL,CASA/VILLA,PRIVADO,VIOLENCIA INTRAFAMILIAR,MALTRATO,30,MUJER,INDIGENA,CASADO,ECUADOR,NINGUNA,6,1,11,MANANA,OTRAS
ZONA 9,D.M. QUITO,ELOY ALFARO - DMQ,PICHINCHA,QUITO,-0.23305,-78.54057,URBANO,VIA PUBLICA,PUBLICO,VIOLENCIA COMUNITARIA,RINAS,42,HOMBRE,MESTIZO/A,SOLTERO,ECUADOR,NINGUNA,5,1,3,MADRUGADA,ARMA_CONTUNDENTE
ZONA 8,D.M. GUAYAQUIL,DURAN,GUAYAS,DURAN,-2.16107127895049,-79.83603380620478,URBANO,VIA PUBLICA,PUBLICO,VIOLENCIA COMUNITARIA,RINAS,45,HOMBRE,MESTIZO/A,SOLTERO,ECUADOR,NINGUNA,6,1,4,MADRUGADA,ARMA_CONTUNDENTE
ZONA 4,MANABI,MANTA,MANABI,MONTECRISTI,-1.06828,-80.66165,RURAL,NIGHT CLUBS,PRIVADO,DELINCUENCIA COMUN,AMENAZA,57,HOMBRE,MESTIZO/A,SOLTERO,ECUADOR,NINGUNA,0,0,22,NOCHE,ARMA_FUEGO
ZONA 4,MANABI,MANTA,MANABI,MONTECRISTI,-1.10807,-80.58358,RURAL,VIA PUBLICA,PUBLICO,DELINCUENCIA COMUN,AMENAZA,15,MUJER,MESTIZO/A,SOLTERO,ECUADOR,NINGUNA,1,0,3,MADRUGADA,ARMA_FUEGO
ZONA 8,D.M. GUAYAQUIL,PASCUALES,GUAYAS,GUAYAQUIL,-2.07425,-79.91958,URBANO,VIA PUBLICA,PUBLICO,DELINCUENCIA COMUN,AMENAZA,38,HOMBRE,MESTIZO/A,CASADO,COLOMBIA,NINGUNA,1,0,23,NOCHE,OTRAS
ZONA 2,ORELLANA,ORELLANA LORETO,ORELLANA,FRANCISCO DE ORELLANA,-0.43211192969584,-77.0042405091226,URBANO,CASA/VILLA,PRIVADO,DELINCUENCIA COMUN,ROBO A PERSONAS,55,HOMBRE,MESTIZO/A,SOLTERO,ECUADOR,NINGUNA,4,0,20,NOCHE,ARMA_CONTUNDENTE
ZONA 7,EL ORO,MACHALA,EL ORO,MACHALA,-3.27075,-79.95823,URBANO,CASA/VILLA,PRIVADO,DELINCUENCIA COMUN,ROBO A DOMICILIOS,79,HOMBRE,MESTIZO/A,CASADO,ECUADOR,NINGUNA,0,0,17,TARDE,OTRAS
ZONA 1,SUCUMBIOS,SHUSHUFINDI,SUCUMBIOS,SHUSHUFINDI,-0.28333,-76.4683,URBANO,BOSQUE Y RESERVAS ECOLOGICAS,PUBLICO,DELINCUENCIA COMUN,AMENAZA,34,HOMBRE,MESTIZO/A,SOLTERO,ECUADOR,NINGUNA,2,0,23,NOCHE,ARMA_BLANCA
ZONA 6,CANAR,LA TRONCAL,CANAR,LA TRONCAL,-2.43385,-79.33944,URBANO,VIA PUBLICA,PUBLICO,DELINCUENCIA COMUN,AMENAZA,28,HOMBRE,MESTIZO/A,SOLTERO,ECUADOR,NINGUNA,6,1,1,MADRUGADA,ARMA_FUEGO
ZONA 9,D.M. QUITO,CALDERON,PICHINCHA,QUITO,-0.09225,-78.43853,URBANO,HOSPITALES,PRIVADO,DELINCUENCIA COMUN,AMENAZA,34,HOMBRE,MESTIZO/A,SOLTERO,ECUADOR,NINGUNA,4,0,14,TARDE,ARMA_BLANCA
ZONA 5,GUAYAS,DAULE,GUAYAS,DAULE,-1.81922,-79.92929,RURAL,TERRENO BALDIO,PUBLICO,DELINCUENCIA COMUN,TRAFICO INTERNO DE DROGAS (MICROTRAFICO),34,HOMBRE,MESTIZO/A,SOLTERO,ECUADOR,NINGUNA,6,1,0,MADRUGADA,ARMA_BLANCA
ZONA 7,EL ORO,PASAJE,EL ORO,PASAJE,-3.32423886175498,-79.7781874087707,RURAL,HACIENDAS,PRIVADO,DELINCUENCIA COMUN,ROBO A PERSONAS,44,HOMBRE,MESTIZO/A,CASADO,ECUADOR,NINGUNA,5,1,16,TARDE,ARMA_FUEGO
ZONA 8,D.M. GUAYAQUIL,PROGRESO,GUAYAS,GUAYAQUIL,-2.71124,-80.24455,URBANO,VIA PUBLICA,PUBLICO,DELINCUENCIA COMUN,TRAFICO INTERNO DE DROGAS (MICROTRAFICO),18,HOMBRE,MESTIZO/A,SOLTERO,ECUADOR,NINGUNA,5,1,2,MADRUGADA,ARMA_FUEGO
ZONA 7,EL ORO,PASAJE,EL ORO,EL GUABO,-3.24041,-79.83637,URBANO,VIA PUBLICA,PUBLICO,VIOLENCIA COMUNITARIA,RINAS,54,HOMBRE,MESTIZO/A,SOLTERO,ECUADOR,FISICA,6,1,15,TARDE,OTRAS
ZONA 1,ESMERALDAS,ESMERALDAS,ESMERALDAS,ESMERALDAS,0.91472,-79.69807,URBANO,CENTROS DE REHABILITACION SOCIAL,PRIVADO,DELINCUENCIA COMUN,AMENAZA,44,HOMBRE,MESTIZO/A,SOLTERO,ECUADOR,NINGUNA,3,0,0,MADRUGADA,OTRAS
ZONA 9,D.M. QUITO,CALDERON,PICHINCHA,QUITO,-0.06368,-78.44147,URBANO,VIA PUBLICA,PUBLICO,DELINCUENCIA COMUN,AMENAZA,20,HOMBRE,MESTIZO/A,SOLTERO,ECUADOR,NINGUNA,4,0,23,NOCHE,ARMA_BLANCA
ZONA 4,STO DGO DE LOS TSACHILAS,SANTO DOMINGO OESTE,STO DGO DE LOS TSACHILAS,SANTO DOMINGO,-0.25647,-79.2163,RURAL,CASA/VILLA,PRIVADO,VIOLENCIA INTRAFAMILIAR,MALTRATO,53,HOMBRE,MESTIZO/A,SOLTERO,ECUADOR,NINGUNA,6,1,23,NOCHE,ARMA_CONTUNDENTE
ZONA 5,LOS RIOS,VINCES,LOS RIOS,VINCES,-1.56493,-79.75107,URBANO,VIA PUBLICA,PUBLICO,DELINCUENCIA COMUN,ROBO A PERSONAS,25,HOMBRE,BLANCO/A,SOLTERO,ECUADOR,NINGUNA,4,0,3,MADRUGADA,ARMA_BLANCA
ZONA 9,D.M. QUITO,TUMBACO,PICHINCHA,QUITO,-0.20829,-78.42401,URBANO,VIA PUBLICA,PUBLICO,DELINCUENCIA COMUN,ROBO A PERSONAS,49,HOMBRE,MESTIZO/A,CASADO,ECUADOR,NINGUNA,6,1,6,MANANA,ARMA_BLANCA
ZONA 6,CANAR,AZOGUES,CANAR,DELEG,-2.771,-78.9176,RURAL,CASA/VILLA,PRIVADO,DELINCUENCIA COMUN,VIOLACION SEXUAL (DESCONOCIDO),83,MUJER,MESTIZO/A,SOLTERO,ECUADOR,NINGUNA,6,1,4,MADRUGADA,OTRAS
ZONA 7,EL ORO,SANTA ROSA,EL ORO,SANTA ROSA,-3.36666,-79.84238,URBANO,HACIENDAS,PRIVADO,DELINCUENCIA COMUN,AMENAZA,44,HOMBRE,MESTIZO/A,SOLTERO,ECUADOR,NINGUNA,1,0,9,MANANA,ARMA_CONTUNDENTE
ZONA 8,D.M. GUAYAQUIL,DURAN,GUAYAS,DURAN,-2.16946,-79.81393,URBANO,CASA/VILLA,PRIVADO,VIOLENCIA INTRAFAMILIAR,SENTIMENTAL,60,MUJER,MONTUBIO/A,SOLTERO,ECUADOR,NINGUNA,1,0,3,MADRUGADA,ARMA_CONTUNDENTE
ZONA 5,LOS RIOS,BABAHOYO,LOS RIOS,BABA,-1.79726,-79.67737,URBANO,FINCA,PRIVADO,VIOLENCIA COMUNITARIA,RINAS,22,HOMBRE,MESTIZO/A,SOLTERO,ECUADOR,NINGUNA,3,0,10,MANANA,OTRAS
ZONA 7,LOJA,LOJA,LOJA,LOJA,-3.98954,-79.18676,URBANO,CASA/VILLA,PRIVADO,PSICOPATOLOGIAS,TRASTORNOS MENTALES,89,HOMBRE,MESTIZO/A,VIUDO,ECUADOR,NINGUNA,0,0,2,MADRUGADA,ARMA_CONTUNDENTE
ZONA 6,AZUAY,CUENCA NORTE,AZUAY,CUENCA,-2.84743,-79.03073,URBANO,VIA PUBLICA,PUBLICO,VIOLENCIA INTRAFAMILIAR,SENTIMENTAL,28,MUJER,MESTIZO/A,CASADO,ECUADOR,NINGUNA,4,0,18,NOCHE,OTRAS
ZONA 8,D.M. GUAYAQUIL,ESTEROS,GUAYAS,GUAYAQUIL,-2.23641,-79.93331,URBANO,VIA PUBLICA,PUBLICO,DELINCUENCIA COMUN,AMENAZA,50,HOMBRE,MESTIZO/A,CASADO,ECUADOR,NINGUNA,6,1,22,NOCHE,ARMA_BLANCA
ZONA 4,MANABI,CHONE,MANABI,CHONE,-0.69479,-80.09424,URBANO,MERCADOS,PUBLICO,DELINCUENCIA COMUN,TRAFICO INTERNO DE DROGAS (MICROTRAFICO),54,HOMBRE,MESTIZO/A,SOLTERO,ECUADOR,NINGUNA,3,0,9,MANANA,ARMA_FUEGO
ZONA 2,PICHINCHA,RUMINAHUI - MEJIA,PICHINCHA,MEJIA,-0.51224,-78.56896,URBANO,VIA PUBLICA,PUBLICO,VIOLENCIA COMUNITARIA,RINAS,20,HOMBRE,INDIGENA,SOLTERO,ECUADOR,NINGUNA,6,1,1,MADRUGADA,ARMA_BLANCA
ZONA 3,TUNGURAHUA,AMBATO SUR,TUNGURAHUA,AMBATO,-1.30259,-78.65871,RURAL,CASA/VILLA,PRIVADO,VIOLENCIA INTRAFAMILIAR,MALTRATO,0,HOMBRE,MESTIZO/A,SOLTERO,ECUADOR,NINGUNA,0,0,19,NOCHE,OTRAS
ZONA 5,LOS RIOS,BABAHOYO,LOS RIOS,BABAHOYO,-1.70788,-79.39996,RURAL,CASA/VILLA,PRIVADO,VIOLENCIA COMUNITARIA,ACTOS DE ODIO,26,HOMBRE,MESTIZO/A,SOLTERO,ECUADOR,NINGUNA,4,0,4,MADRUGADA,OTRAS
ZONA 1,IMBABURA,CIUDAD BLANCA,IMBABURA,IBARRA,0.36581,-78.13538,URBANO,VIA PUBLICA,PUBLICO,VIOLENCIA COMUNITARIA,RINAS,37,HOMBRE,MESTIZO/A,DIVORCIADO,ECUADOR,NINGUNA,0,0,5,MADRUGADA,ARMA_BLANCA
ZONA 4,MANABI,PORTOVIEJO,MANABI,PORTOVIEJO,-1.13848,-80.39832,URBANO,VIA PUBLICA,PUBLICO,DELINCUENCIA COMUN,TRAFICO INTERNOS DE DROGAS (MICROTRAFICO),37,HOMBRE,MESTIZO/A,SOLTERO,ECUADOR,NINGUNA,5,1,17,TARDE,ARMA_FUEGO
ZONA 8,D.M. GUAYAQUIL,9 DE OCTUBRE,GUAYAS,GUAYAQUIL,-2.19436,-79.90156,URBANO,VIA PUBLICA,PUBLICO,VIOLENCIA COMUNITARIA,RINAS,56,HOMBRE,MESTIZO/A,DIVORCIADO,ECUADOR,NINGUNA,6,1,3,MADRUGADA,ARMA_BLANCA
ZONA 1,ESMERALDAS,ESMERALDAS,ESMERALDAS,ESMERALDAS,0.9002109999999989,-79.68777,URBANO,VIA PUBLICA,PUBLICO,DELINCUENCIA COMUN,AMENAZA,45,HOMBRE,AFRO,DIVORCIADO,ECUADOR,NINGUNA,4,0,19,NOCHE,ARMA_FUEGO
ZONA 4,MANABI,SUCRE,MANABI,SUCRE,-0.63636,-80.42415,URBANO,CENTROS DE REHABILITACION SOCIAL,PRIVADO,DELINCUENCIA COMUN,AMENAZA,35,HOMBRE,MESTIZO/A,SOLTERO,ECUADOR,NINGUNA,1,0,19,NOCHE,OTRAS
ZONA 6,CANAR,LA TRONCAL,CANAR,LA TRONCAL,-2.43081,-79.33554,URBANO,CASA/VILLA,PRIVADO,VIOLENCIA INTRAFAMILIAR,SENTIMENTAL,30,HOMBRE,MESTIZO/A,CASADO,ECUADOR,NINGUNA,1,0,2,MADRUGADA,ARMA_BLANCA
ZONA 5,LOS RIOS,BUENA FE,LOS RIOS,BUENA FE,-0.57607,-79.37394,RURAL,TERRENO BALDIO,PUBLICO,DELINCUENCIA COMUN,AMENAZA,28,HOMBRE,MESTIZO/A,SOLTERO,ECUADOR,NINGUNA,6,1,1,MADRUGADA,ARMA_BLANCA
ZONA 1,SUCUMBIOS,SUCUMBIOS,SUCUMBIOS,SUCUMBIOS,0.64799,-77.67292,RURAL,VIA PUBLICA,PUBLICO,VIOLENCIA COMUNITARIA,RINAS,30,HOMBRE,MESTIZO/A,EN UNION DE HECHO,COLOMBIA,NINGUNA,5,1,4,MADRUGADA,ARMA_CONTUNDENTE
ZONA 7,EL ORO,MACHALA,EL ORO,MACHALA,-3.26412,-79.96377,URBANO,CENTROS DE REHABILITACION SOCIAL,PRIVADO,DELINCUENCIA COMUN,AMENAZA,24,HOMBRE,AFRO,SOLTERO,ECUADOR,NINGUNA,6,1,16,TARDE,OTRAS
ZONA 1,ESMERALDAS,ELOY ALFARO - ESM,ESMERALDAS,ELOY ALFARO,1.25001,-78.98679,URBANO,CASA/VILLA,PRIVADO,VIOLENCIA INTRAFAMILIAR,SENTIMENTAL,33,MUJER,AFRO,SOLTERO,ECUADOR,NINGUNA,4,0,9,MANANA,OTRAS
ZONA 7,EL ORO,PASAJE,EL ORO,PASAJE,-3.33817955412389,-79.791634529829,RURAL,VIA PUBLICA,PUBLICO,DELINCUENCIA COMUN,AMENAZA,33,HOMBRE,MESTIZO/A,SOLTERO,ECUADOR,NINGUNA,5,1,3,MADRUGADA,ARMA_FUEGO
ZONA 1,CARCHI,TULCAN,CARCHI,TULCAN,0.65978,-77.7184,URBANO,VIA PUBLICA,PUBLICO,DELINCUENCIA COMUN,AMENAZA,48,HOMBRE,MESTIZO/A,CASADO,ECUADOR,NINGUNA,0,0,5,MADRUGADA,ARMA_CONTUNDENTE
ZONA 1,ESMERALDAS,ESMERALDAS,ESMERALDAS,ESMERALDAS,0.8926159999999989,-79.71266099999998,URBANO,VIA PUBLICA,PUBLICO,DELINCUENCIA COMUN,DEFENSA PROPIA,22,HOMBRE,MESTIZO/A,SOLTERO,ECUADOR,NINGUNA,3,0,22,NOCHE,ARMA_FUEGO
ZONA 9,D.M. QUITO,EUGENIO ESPEJO,PICHINCHA,QUITO,-0.1274,-78.46084,URBANO,CASA/VILLA,PRIVADO,VIOLENCIA INTRAFAMILIAR,MALTRATO,4,HOMBRE,MESTIZO/A,SOLTERO,ECUADOR,NINGUNA,5,1,8,MANANA,OTRAS
ZONA 4,MANABI,PEDERNALES,MANABI,JAMA,-0.20161,-80.26277,URBANO,MAR,PUBLICO,DELINCUENCIA COMUN,AMENAZA,19,HOMBRE,MONTUBIO/A,SOLTERO,ECUADOR,AUDITIVA,5,1,8,MANANA,OTRAS
ZONA 5,GUAYAS,BALZAR,GUAYAS,BALZAR,-1.24290894831847,-79.7907351288587,RURAL,VIA PUBLICA,PUBLICO,VIOLENCIA COMUNITARIA,ACTOS DE ODIO,26,HOMBRE,MONTUBIO/A,SOLTERO,ECUADOR,NINGUNA,6,1,22,NOCHE,ARMA_FUEGO
ZONA 8,D.M. GUAYAQUIL,PASCUALES,GUAYAS,GUAYAQUIL,-2.04547,-79.94492,URBANO,CENTROS DE REHABILITACION SOCIAL,PRIVADO,DELINCUENCIA COMUN,AMENAZA,22,HOMBRE,MESTIZO/A,SOLTERO,ECUADOR,NINGUNA,1,0,9,MANANA,OTRAS
ZONA 4,MANABI,MANTA,MANABI,MANTA,-0.95421,-80.72234,URBANO,VIA PUBLICA,PUBLICO,DELINCUENCIA COMUN,AMENAZA,30,HOMBRE,MESTIZO/A,SOLTERO,ECUADOR,NINGUNA,0,0,18,NOCHE,ARMA_FUEGO
ZONA 9,D.M. QUITO,MANUELA SAENZ,PICHINCHA,QUITO,-0.230251,-78.53028,URBANO,VIA PUBLICA,PUBLICO,VIOLENCIA COMUNITARIA,RINAS,30,HOMBRE,MESTIZO/A,SOLTERO,ECUADOR,NINGUNA,3,0,23,NOCHE,ARMA_FUEGO
ZONA 7,LOJA,SARAGURO,LOJA,SARAGURO,-3.59864,-79.20897,RURAL,VIA PUBLICA,PUBLICO,DELINCUENCIA COMUN,AMENAZA,60,HOMBRE,MESTIZO/A,VIUDO,ECUADOR,NINGUNA,6,1,22,NOCHE,ARMA_CONTUNDENTE
ZONA 1,ESMERALDAS,QUININDE,ESMERALDAS,QUININDE,0.6604499999999989,-79.54184999999998,RURAL,CASA/VILLA,PRIVADO,DELINCUENCIA COMUN,ROBO A DOMICILIOS,69,MUJER,MESTIZO/A,SOLTERO,ECUADOR,NINGUNA,6,1,15,TARDE,ARMA_CONTUNDENTE
ZONA 2,PICHINCHA,CAYAMBE,PICHINCHA,CAYAMBE,0.08406,-78.13005,RURAL,TERRENO BALDIO,PUBLICO,DELINCUENCIA COMUN,AMENAZA,17,MUJER,MESTIZO/A,SOLTERO,ECUADOR,NINGUNA,4,0,11,MANANA,OTRAS
ZONA 1,ESMERALDAS,ESMERALDAS,ESMERALDAS,ESMERALDAS,0.90572,-79.69077,URBANO,VIA PUBLICA,PUBLICO,VIOLENCIA COMUNITARIA,RINAS,18,HOMBRE,AFRO,SOLTERO,ECUADOR,NINGUNA,5,1,19,NOCHE,ARMA_FUEGO
ZONA 5,LOS RIOS,BABAHOYO,LOS RIOS,BABAHOYO,-1.80422,-79.51278,URBANO,PARQUES Y PLAZAS,PUBLICO,DELINCUENCIA COMUN,ROBO A PERSONAS,41,HOMBRE,MESTIZO/A,SOLTERO,ECUADOR,NINGUNA,6,1,2,MADRUGADA,ARMA_BLANCA
ZONA 4,STO DGO DE LOS TSACHILAS,SANTO DOMINGO ESTE,STO DGO DE LOS TSACHILAS,SANTO DOMINGO,-0.30482,-79.18492,URBANO,CENTROS DE REHABILITACION SOCIAL,PRIVADO,DELINCUENCIA COMUN,AMENAZA,40,HOMBRE,MESTIZO/A,SOLTERO,ECUADOR,NINGUNA,4,0,15,TARDE,OTRAS
ZONA 4,MANABI,MANTA,MANABI,MANTA,-0.95646,-80.70879,URBANO,VIA PUBLICA,PUBLICO,DELINCUENCIA COMUN,TRAFICO INTERNO DE DROGAS (MICROTRAFICO),31,HOMBRE,MESTIZO/A,SOLTERO,ECUADOR,FISICA,0,0,13,TARDE,ARMA_FUEGO
ZONA 4,MANABI,MANTA,MANABI,MONTECRISTI,-1.06582,-80.71198,RURAL,VIA PUBLICA,PUBLICO,DELINCUENCIA COMUN,ROBO DE CARROS,39,HOMBRE,MESTIZO/A,SOLTERO,ECUADOR,NINGUNA,1,0,20,NOCHE,ARMA_BLANCA
ZONA 1,ESMERALDAS,ESMERALDAS,ESMERALDAS,ESMERALDAS,0.89113,-79.67054,RURAL,TERRENO BALDIO,PUBLICO,DELINCUENCIA COMUN,AMENAZA,45,HOMBRE,MESTIZO/A,SOLTERO,ECUADOR,NINGUNA,3,0,14,TARDE,OTRAS
ZONA 7,LOJA,LOJA,LOJA,LOJA,-4.04641,-79.19711,URBANO,CASA/VILLA,PRIVADO,VIOLENCIA INTRAFAMILIAR,SENTIMENTAL,30,MUJER,MESTIZO/A,SOLTERO,ECUADOR,NINGUNA,6,1,9,MANANA,OTRAS
ZONA 8,D.M. GUAYAQUIL,DURAN,GUAYAS,DURAN,-2.16822,-79.77828,RURAL,VIA PUBLICA,PUBLICO,DELINCUENCIA COMUN,AMENAZA,45,HOMBRE,MESTIZO/A,CASADO,ECUADOR,NINGUNA,3,0,7,MANANA,OTRAS
ZONA 4,STO DGO DE LOS TSACHILAS,SANTO DOMINGO ESTE,STO DGO DE LOS TSACHILAS,SANTO DOMINGO,-0.3030999999999989,-79.18559999999998,URBANO,CENTROS DE REHABILITACION SOCIAL,PRIVADO,VIOLENCIA COMUNITARIA,RINAS,24,HOMBRE,MESTIZO/A,SOLTERO,ECUADOR,NINGUNA,6,1,9,MANANA,ARMA_CONTUNDENTE
ZONA 5,LOS RIOS,QUEVEDO,LOS RIOS,MOCACHE,-1.08863,-79.54583,RURAL,VIA PUBLICA,PUBLICO,DELINCUENCIA COMUN,AMENAZA,32,HOMBRE,MESTIZO/A,SOLTERO,ECUADOR,NINGUNA,2,0,0,MADRUGADA,OTRAS
ZONA 8,D.M. GUAYAQUIL,NUEVA PROSPERINA,GUAYAS,GUAYAQUIL,-2.10801,-79.96643,URBANO,VIA PUBLICA,PUBLICO,DELINCUENCIA COMUN,ROBO DE CARROS,61,HOMBRE,MONTUBIO/A,DIVORCIADO,ECUADOR,NINGUNA,4,0,11,MANANA,ARMA_CONTUNDENTE
ZONA 2,ORELLANA,LA JOYA DE LOS SACHAS,ORELLANA,LA JOYA DE LOS SACHAS,-0.14468,-77.09301,RURAL,CASA/VILLA,PRIVADO,VIOLENCIA INTRAFAMILIAR,MALTRATO,9,HOMBRE,INDIGENA,SOLTERO,ECUADOR,NINGUNA,4,0,21,NOCHE,ARMA_CONTUNDENTE
ZONA 1,ESMERALDAS,ESMERALDAS,ESMERALDAS,ESMERALDAS,0.96574,-79.66038,URBANO,CENTROS DE REHABILITACION SOCIAL,PRIVADO,DELINCUENCIA COMUN,AMENAZA,21,MUJER,AFRO,SOLTERO,ECUADOR,NINGUNA,4,0,5,MADRUGADA,OTRAS
ZONA 2,NAPO,TENA,NAPO,TENA,-1.08677,-77.91972,RURAL,RIO,PUBLICO,VIOLENCIA INTRAFAMILIAR,SENTIMENTAL,40,MUJER,MESTIZO/A,DIVORCIADO,ECUADOR,NINGUNA,2,0,9,MANANA,ARMA_CONTUNDENTE
ZONA 7,ZAMORA CHINCHIPE,CHINCHIPE,ZAMORA CHINCHIPE,PALANDA,-4.491525,-79.172267,URBANO,CASA/VILLA,PRIVADO,VIOLENCIA COMUNITARIA,DEUDAS,57,HOMBRE,MESTIZO/A,CASADO,ECUADOR,NINGUNA,2,0,10,MANANA,ARMA_FUEGO
ZONA 1,SUCUMBIOS,SHUSHUFINDI,SUCUMBIOS,SHUSHUFINDI,-0.18899,-76.64912,URBANO,CENTROS COMERCIALES,PRIVADO,DELINCUENCIA COMUN,ROBO A PERSONAS,67,HOMBRE,MESTIZO/A,CASADO,ECUADOR,NINGUNA,1,0,8,MANANA,ARMA_CONTUNDENTE
ZONA 9,D.M. QUITO,QUITUMBE,PICHINCHA,QUITO,-0.35468802557534,-78.5494532436132,URBANO,CASA/VILLA,PRIVADO,VIOLENCIA INTRAFAMILIAR,SENTIMENTAL,54,MUJER,MESTIZO/A,SOLTERO,ECUADOR,NINGUNA,0,0,12,TARDE,ARMA_CONTUNDENTE
ZONA 9,D.M. QUITO,QUITUMBE,PICHINCHA,QUITO,-0.2976,-78.5358,URBANO,CASA/VILLA,PRIVADO,DELINCUENCIA COMUN,ROBO A PERSONAS,71,HOMBRE,MESTIZO/A,SOLTERO,ECUADOR,NINGUNA,4,0,20,NOCHE,OTRAS
ZONA 8,D.M. GUAYAQUIL,NUEVA PROSPERINA,GUAYAS,GUAYAQUIL,-2.1148,-80.01873,URBANO,CASA/VILLA,PRIVADO,VIOLENCIA COMUNITARIA,RINAS,30,HOMBRE,MULATO/A,SOLTERO,ECUADOR,NINGUNA,0,0,0,MADRUGADA,ARMA_BLANCA
ZONA 1,ESMERALDAS,QUININDE,ESMERALDAS,QUININDE,0.65789,-79.54208,URBANO,VIA PUBLICA,PUBLICO,DELINCUENCIA COMUN,AMENAZA,30,HOMBRE,MESTIZO/A,SOLTERO,ECUADOR,NINGUNA,5,1,2,MADRUGADA,ARMA_BLANCA
ZONA 4,MANABI,BOLIVAR JUNIN,MANABI,BOLIVAR,-0.857863200761072,-80.16715961668518,RURAL,VIA PUBLICA,PUBLICO,VIOLENCIA COMUNITARIA,RINAS,52,HOMBRE,MESTIZO/A,SOLTERO,ECUADOR,NINGUNA,5,1,10,MANANA,ARMA_CONTUNDENTE
ZONA 2,ORELLANA,ORELLANA LORETO,ORELLANA,FRANCISCO DE ORELLANA,-0.48312,-76.96752,RURAL,VIA PUBLICA,PUBLICO,DELINCUENCIA COMUN,ROBO DE MOTOS,32,HOMBRE,MESTIZO/A,SOLTERO,ECUADOR,NINGUNA,3,0,22,NOCHE,ARMA_BLANCA
ZONA 8,D.M. GUAYAQUIL,NUEVA PROSPERINA,GUAYAS,GUAYAQUIL,-2.1267,-80.00151,URBANO,VIA PUBLICA,PUBLICO,VIOLENCIA COMUNITARIA,RINAS,29,HOMBRE,MESTIZO/A,SOLTERO,ECUADOR,NINGUNA,5,1,10,MANANA,ARMA_CONTUNDENTE
ZONA 4,MANABI,PAJAN,MANABI,PAJAN,-1.66376,-80.42073,URBANO,HACIENDAS,PRIVADO,DELINCUENCIA COMUN,AMENAZA,17,MUJER,MESTIZO/A,SOLTERO,ECUADOR,NINGUNA,3,0,16,TARDE,OTRAS
ZONA 4,MANABI,MANTA,MANABI,MANTA,-0.98009,-80.68812,URBANO,VIA PUBLICA,PUBLICO,DELINCUENCIA COMUN,AMENAZA,22,HOMBRE,MESTIZO/A,SOLTERO,ECUADOR,NINGUNA,6,1,19,NOCHE,ARMA_FUEGO
ZONA 4,MANABI,JIPIJAPA,MANABI,JIPIJAPA,-1.36033,-80.59202,URBANO,CENTROS DE REHABILITACION SOCIAL,PRIVADO,DELINCUENCIA COMUN,AMENAZA,27,HOMBRE,MESTIZO/A,SOLTERO,ECUADOR,NINGUNA,0,0,17,TARDE,OTRAS
ZONA 6,MORONA SANTIAGO,TAISHA,MORONA SANTIAGO,TAISHA,-2.34099,-77.46246,RURAL,CASA/VILLA,PRIVADO,VIOLENCIA COMUNITARIA,EMOCIONAL,43,MUJER,OTROS,CASADO,ECUADOR,NINGUNA,1,0,16,TARDE,ARMA_CONTUNDENTE
ZONA 6,AZUAY,CUENCA SUR,AZUAY,CUENCA,-2.895541,-79.025085,URBANO,CASA/VILLA,PRIVADO,DELINCUENCIA COMUN,ROBO A DOMICILIOS,88,MUJER,MESTIZO/A,CASADO,ECUADOR,NINGUNA,0,0,10,MANANA,ARMA_CONTUNDENTE
ZONA 8,D.M. GUAYAQUIL,DURAN,GUAYAS,DURAN,-2.1874471,-79.84581079999998,URBANO,VIA PUBLICA,PUBLICO,DELINCUENCIA COMUN,AMENAZA,18,HOMBRE,MULATO/A,SOLTERO,ECUADOR,NINGUNA,4,0,1,MADRUGADA,ARMA_FUEGO
ZONA 2,ORELLANA,ORELLANA LORETO,ORELLANA,FRANCISCO DE ORELLANA,-0.44483,-77.00265,URBANO,VIA PUBLICA,PUBLICO,DELINCUENCIA COMUN,AMENAZA,36,HOMBRE,MESTIZO/A,SOLTERO,ECUADOR,NINGUNA,3,0,1,MADRUGADA,ARMA_BLANCA
ZONA 6,AZUAY,GUALACEO,AZUAY,GUALACEO,-2.88639,-78.77596,URBANO,CASA/VILLA,PRIVADO,VIOLENCIA INTRAFAMILIAR,MALTRATO,38,MUJER,MESTIZO/A,SOLTERO,ECUADOR,NINGUNA,3,0,11,MANANA,ARMA_CONTUNDENTE
ZONA 3,COTOPAXI,LATACUNGA,COTOPAXI,LATACUNGA,-0.93729,-78.61733,URBANO,LOCAL DE EVENTOS,PRIVADO,VIOLENCIA COMUNITARIA,DEUDAS,27,HOMBRE,MESTIZO/A,SOLTERO,ECUADOR,NINGUNA,2,0,11,MANANA,ARMA_BLANCA
ZONA 1,ESMERALDAS,ESMERALDAS,ESMERALDAS,ESMERALDAS,0.91509,-79.69698,URBANO,CENTROS DE REHABILITACION SOCIAL,PRIVADO,DELINCUENCIA COMUN,AMENAZA,50,HOMBRE,MESTIZO/A,DIVORCIADO,ECUADOR,NINGUNA,5,1,0,MADRUGADA,OTRAS
ZONA 1,IMBABURA,CIUDAD BLANCA,IMBABURA,IBARRA,0.3814219999999989,-78.105789,URBANO,CASA/VILLA,PRIVADO,DELINCUENCIA COMUN,AMENAZA,71,MUJER,MESTIZO/A,DIVORCIADO,ECUADOR,NINGUNA,4,0,18,NOCHE,ARMA_CONTUNDENTE
ZONA 4,STO DGO DE LOS TSACHILAS,SANTO DOMINGO OESTE,STO DGO DE LOS TSACHILAS,SANTO DOMINGO,-0.24424,-79.19751,URBANO,VIA PUBLICA,PUBLICO,VIOLENCIA COMUNITARIA,LINCHAMIENTO,29,HOMBRE,MESTIZO/A,SOLTERO,ECUADOR,NINGUNA,1,0,22,NOCHE,ARMA_CONTUNDENTE
ZONA 8,D.M. GUAYAQUIL,ESTEROS,GUAYAS,GUAYAQUIL,-2.24626,-79.91285,URBANO,LAGUNA - LAGO,PUBLICO,DELINCUENCIA COMUN,AMENAZA,20,HOMBRE,MESTIZO/A,SOLTERO,ECUADOR,NINGUNA,3,0,20,NOCHE,ARMA_BLANCA
ZONA 1,SUCUMBIOS,SHUSHUFINDI,SUCUMBIOS,SHUSHUFINDI,-0.19728,-76.62149,RURAL,BOSQUE Y RESERVAS ECOLOGICAS,PUBLICO,DELINCUENCIA COMUN,AMENAZA,17,HOMBRE,MESTIZO/A,SOLTERO,ECUADOR,NINGUNA,0,0,18,NOCHE,ARMA_BLANCA
ZONA 1,SUCUMBIOS,LAGO AGRIO,SUCUMBIOS,LAGO AGRIO,0.1003742449658209,-76.9100837409496,RURAL,QUEBRADAS,PUBLICO,VIOLENCIA COMUNITARIA,DEUDAS,34,MUJER,MESTIZO/A,SOLTERO,ECUADOR,NINGUNA,4,0,13,TARDE,ARMA_CONTUNDENTE
ZONA 5,GUAYAS,EMPALME,GUAYAS,EL EMPALME,-0.8963,-79.64635,RURAL,TERRENO BALDIO,PUBLICO,DELINCUENCIA COMUN,AMENAZA,39,HOMBRE,MESTIZO/A,SOLTERO,ECUADOR,NINGUNA,1,0,16,TARDE,OTRAS
ZONA 5,LOS RIOS,BABAHOYO,LOS RIOS,BABAHOYO,-1.79638,-79.56056,RURAL,HACIENDAS,PRIVADO,DELINCUENCIA COMUN,AMENAZA,32,HOMBRE,MESTIZO/A,SOLTERO,ECUADOR,NINGUNA,3,0,22,NOCHE,OTRAS
ZONA 4,MANABI,SUCRE,MANABI,SUCRE,-0.69915,-80.42958,RURAL,VIA PUBLICA,PUBLICO,DELINCUENCIA COMUN,AMENAZA,28,HOMBRE,MESTIZO/A,SOLTERO,ECUADOR,NINGUNA,3,0,23,NOCHE,ARMA_BLANCA
ZONA 7,EL ORO,MACHALA,EL ORO,MACHALA,-3.25492,-79.90353,RURAL,VIA PUBLICA,PUBLICO,DELINCUENCIA COMUN,TRAFICO INTERNO DE DROGAS (MICROTRAFICO),32,HOMBRE,MESTIZO/A,SOLTERO,ECUADOR,NINGUNA,4,0,5,MADRUGADA,ARMA_BLANCA
ZONA 5,LOS RIOS,BUENA FE,LOS RIOS,VALENCIA,-0.69991,-79.24045,RURAL,FINCA,PRIVADO,DELINCUENCIA COMUN,AMENAZA,24,HOMBRE,MESTIZO/A,SOLTERO,ECUADOR,NINGUNA,2,0,17,TARDE,OTRAS
ZONA 5,GUAYAS,MILAGRO,GUAYAS,MILAGRO,-2.11688259372466,-79.58799742103379,URBANO,VIA PUBLICA,PUBLICO,DELINCUENCIA COMUN,AMENAZA,33,HOMBRE,MESTIZO/A,SOLTERO,ECUADOR,NINGUNA,5,1,21,NOCHE,ARMA_FUEGO
ZONA 8,D.M. GUAYAQUIL,NUEVA PROSPERINA,GUAYAS,GUAYAQUIL,-2.12931,-79.98203,URBANO,TERRENO BALDIO,PUBLICO,DELINCUENCIA COMUN,AMENAZA,35,HOMBRE,MESTIZO/A,SOLTERO,ECUADOR,NINGUNA,5,1,10,MANANA,ARMA_BLANCA
ZONA 5,LOS RIOS,QUEVEDO,LOS RIOS,QUEVEDO,-1.00962,-79.46627,URBANO,CENTROS DE REHABILITACION SOCIAL,PRIVADO,DELINCUENCIA COMUN,AMENAZA,51,HOMBRE,MESTIZO/A,SOLTERO,ECUADOR,NINGUNA,6,1,12,TARDE,OTRAS
ZONA 8,D.M. GUAYAQUIL,MODELO,GUAYAS,GUAYAQUIL,-2.141227,-79.88500001,URBANO,VIA PUBLICA,PUBLICO,DELINCUENCIA COMUN,SECUESTRO EXPRESS,50,HOMBRE,MESTIZO/A,SOLTERO,ECUADOR,NINGUNA,4,0,3,MADRUGADA,ARMA_FUEGO
ZONA 3,TUNGURAHUA,QUERO,TUNGURAHUA,MOCHA,-1.40023,-78.64602,RURAL,VIA PUBLICA,PUBLICO,VIOLENCIA INTRAFAMILIAR,SENTIMENTAL,16,MUJER,MESTIZO/A,SOLTERO,ECUADOR,NINGUNA,1,0,21,NOCHE,ARMA_CONTUNDENTE
ZONA 1,ESMERALDAS,ESMERALDAS,ESMERALDAS,ESMERALDAS,0.91467,-79.69775,URBANO,CENTROS DE REHABILITACION SOCIAL,PRIVADO,VIOLENCIA COMUNITARIA,RINAS,43,HOMBRE,AFRO,SOLTERO,ECUADOR,NINGUNA,0,0,4,MADRUGADA,OTRAS
ZONA 8,D.M. GUAYAQUIL,ESTEROS,GUAYAS,GUAYAQUIL,-2.22369,-79.90944,URBANO,VIA PUBLICA,PUBLICO,DELINCUENCIA COMUN,AMENAZA,36,HOMBRE,MESTIZO/A,SOLTERO,ECUADOR,NINGUNA,3,0,13,TARDE,ARMA_CONTUNDENTE
ZONA 8,D.M. GUAYAQUIL,9 DE OCTUBRE,GUAYAS,GUAYAQUIL,-2.19166399999999,-79.88977,URBANO,VIA PUBLICA,PUBLICO,DELINCUENCIA COMUN,AMENAZA,36,HOMBRE,MESTIZO/A,CASADO,ECUADOR,NINGUNA,2,0,23,NOCHE,ARMA_FUEGO
ZONA 8,D.M. GUAYAQUIL,PASCUALES,GUAYAS,GUAYAQUIL,-2.0523,-79.94375,URBANO,CENTROS DE REHABILITACION SOCIAL,PRIVADO,VIOLENCIA COMUNITARIA,RINAS,30,HOMBRE,MESTIZO/A,SOLTERO,ECUADOR,NINGUNA,2,0,17,TARDE,ARMA_CONTUNDENTE
ZONA 6,CANAR,CANAR,CANAR,CANAR,-2.58671,-78.89144,RURAL,CASA/VILLA,PRIVADO,VIOLENCIA COMUNITARIA,RINAS,38,HOMBRE,MESTIZO/A,DIVORCIADO,ECUADOR,NINGUNA,2,0,21,NOCHE,ARMA_BLANCA
ZONA 9,D.M. QUITO,LA DELICIA,PICHINCHA,QUITO,-0.12,-78.50225,URBANO,MECANICAS,PRIVADO,DELINCUENCIA COMUN,AMENAZA,50,HOMBRE,MESTIZO/A,DIVORCIADO,ECUADOR,NINGUNA,6,1,12,TARDE,ARMA_CONTUNDENTE
ZONA 6,MORONA SANTIAGO,SANGAY,MORONA SANTIAGO,PALORA,-1.70159,-77.96583,URBANO,VIA PUBLICA,PUBLICO,VIOLENCIA COMUNITARIA,LINCHAMIENTO,18,HOMBRE,MESTIZO/A,SOLTERO,VENEZUELA,NINGUNA,6,1,8,MANANA,ARMA_CONTUNDENTE
ZONA 8,D.M. GUAYAQUIL,PROGRESO,GUAYAS,GUAYAQUIL,-2.70993,-80.24493,URBANO,CASA/VILLA,PRIVADO,VIOLENCIA INTRAFAMILIAR,SENTIMENTAL,66,HOMBRE,MESTIZO/A,CASADO,ECUADOR,NINGUNA,2,0,23,NOCHE,ARMA_CONTUNDENTE
ZONA 3,COTOPAXI,LATACUNGA,COTOPAXI,LATACUNGA,-0.96485,-78.60755,URBANO,VIA PUBLICA,PUBLICO,DELINCUENCIA COMUN,TRAFICO INTERNO DE DROGAS (MICROTRAFICO),39,HOMBRE,MESTIZO/A,SOLTERO,ECUADOR,NINGUNA,6,1,1,MADRUGADA,ARMA_FUEGO
ZONA 8,D.M. GUAYAQUIL,PASCUALES,GUAYAS,GUAYAQUIL,-2.07228,-79.93362,URBANO,MECANICAS,PRIVADO,DELINCUENCIA COMUN,AMENAZA,46,HOMBRE,MESTIZO/A,SOLTERO,ECUADOR,NINGUNA,1,0,11,MANANA,ARMA_FUEGO
ZONA 5,SANTA ELENA,SANTA ELENA,SANTA ELENA,SANTA ELENA,-2.15326,-80.77098,URBANO,VIA PUBLICA,PUBLICO,DELINCUENCIA COMUN,AMENAZA,22,HOMBRE,MESTIZO/A,SOLTERO,ECUADOR,NINGUNA,6,1,2,MADRUGADA,ARMA_BLANCA
ZONA 1,ESMERALDAS,ESMERALDAS,ESMERALDAS,ESMERALDAS,0.922,-79.69159999999998,URBANO,VIA PUBLICA,PUBLICO,DELINCUENCIA COMUN,ROBO A PERSONAS,34,HOMBRE,MESTIZO/A,SOLTERO,ECUADOR,NINGUNA,6,1,19,NOCHE,ARMA_FUEGO
ZONA 7,ZAMORA CHINCHIPE,PAQUISHA,ZAMORA CHINCHIPE,NANGARITZA,-4.04325,-78.67274,RURAL,RIO,PUBLICO,VIOLENCIA INTRAFAMILIAR,LITIGIO DE BIENES,29,MUJER,MESTIZO/A,SOLTERO,ECUADOR,NINGUNA,4,0,23,NOCHE,ARMA_CONTUNDENTE
ZONA 1,SUCUMBIOS,SHUSHUFINDI,SUCUMBIOS,SHUSHUFINDI,-0.291276974825738,-76.2972768609889,RURAL,RIO,PUBLICO,DELINCUENCIA COMUN,AMENAZA,50,HOMBRE,MESTIZO/A,SOLTERO,ECUADOR,NINGUNA,4,0,12,TARDE,ARMA_FUEGO
ZONA 5,LOS RIOS,VENTANAS,LOS RIOS,QUINSALOMA,-1.22166,-79.33104,RURAL,RIO,PUBLICO,DELINCUENCIA COMUN,AMENAZA,28,HOMBRE,MESTIZO/A,SOLTERO,ECUADOR,NINGUNA,0,0,23,NOCHE,OTRAS
ZONA 8,D.M. GUAYAQUIL,PASCUALES,GUAYAS,GUAYAQUIL,-1.99821,-79.98246,RURAL,TERRENO BALDIO,PUBLICO,DELINCUENCIA COMUN,ROBO A PERSONAS,30,HOMBRE,MESTIZO/A,SOLTERO,ECUADOR,NINGUNA,3,0,17,TARDE,ARMA_CONTUNDENTE
ZONA 8,D.M. GUAYAQUIL,PASCUALES,GUAYAS,GUAYAQUIL,-2.09784399999999,-79.917704,URBANO,VIA PUBLICA,PUBLICO,DELINCUENCIA COMUN,TRAFICO INTERNO DE DROGAS (MICROTRAFICO),29,MUJER,MESTIZO/A,SOLTERO,ECUADOR,NINGUNA,4,0,20,NOCHE,ARMA_FUEGO
ZONA 8,D.M. GUAYAQUIL,NUEVA PROSPERINA,GUAYAS,GUAYAQUIL,-2.11777,-79.96623,URBANO,VIA PUBLICA,PRIVADO,VIOLENCIA COMUNITARIA,RINAS,37,HOMBRE,MESTIZO/A,SOLTERO,ECUADOR,NINGUNA,6,1,17,TARDE,OTRAS
ZONA 5,SANTA ELENA,LIBERTAD SALINAS,SANTA ELENA,SALINAS,-2.32228,-80.88402,URBANO,VIA PUBLICA,PUBLICO,DELINCUENCIA COMUN,AMENAZA,19,HOMBRE,MESTIZO/A,SOLTERO,ECUADOR,PSICOLOGICA,6,1,17,TARDE,ARMA_FUEGO
ZONA 5,GUAYAS,BALZAR,GUAYAS,PALESTINA,-1.70455,-79.96473,URBANO,VIA PUBLICA,PUBLICO,DELINCUENCIA COMUN,AMENAZA,26,HOMBRE,MESTIZO/A,SOLTERO,ECUADOR,NINGUNA,4,0,2,MADRUGADA,ARMA_FUEGO
ZONA 5,GUAYAS,JUJAN SIMON BOLIVAR,GUAYAS,SIMON BOLIVAR,-2.07763499999999,-79.32675399999998,RURAL,FINCA,PRIVADO,DELINCUENCIA COMUN,ROBO A PERSONAS,65,HOMBRE,MESTIZO/A,CASADO,ECUADOR,NINGUNA,6,1,1,MADRUGADA,ARMA_CONTUNDENTE
ZONA 7,EL ORO,PASAJE,EL ORO,PASAJE,-3.33447,-79.79403,RURAL,CASA/VILLA,PRIVADO,VIOLENCIA COMUNITARIA,DEUDAS,33,HOMBRE,BLANCO/A,CASADO,ECUADOR,NINGUNA,0,0,9,MANANA,ARMA_CONTUNDENTE
ZONA 7,EL ORO,MACHALA,EL ORO,MACHALA,-3.26394,-79.96377,URBANO,CENTROS DE REHABILITACION SOCIAL,PRIVADO,DELINCUENCIA COMUN,AMENAZA,33,HOMBRE,MESTIZO/A,SOLTERO,ECUADOR,NINGUNA,3,0,16,TARDE,OTRAS
ZONA 5,LOS RIOS,BABAHOYO,LOS RIOS,BABAHOYO,-1.8149414334065297,-79.5100919009565,URBANO,VIA PUBLICA,PUBLICO,VIOLENCIA COMUNITARIA,EMOCIONAL,26,HOMBRE,MESTIZO/A,CASADO,ECUADOR,NINGUNA,6,1,23,NOCHE,ARMA_FUEGO
ZONA 4,MANABI,MANTA,MANABI,MANTA,-0.94482,-80.72828,URBANO,DEPARTAMENTO EN CASA O EDIFICIO,PRIVADO,DELINCUENCIA COMUN,ROBO A DOMICILIOS,71,HOMBRE,MESTIZO/A,SOLTERO,ECUADOR,NINGUNA,3,0,23,NOCHE,OTRAS
ZONA 5,LOS RIOS,PUEBLO VIEJO,LOS RIOS,PUEBLOVIEJO,-1.64305,-79.58482,RURAL,VIA PUBLICA,PUBLICO,DELINCUENCIA COMUN,AMENAZA,39,HOMBRE,MESTIZO/A,SOLTERO,ECUADOR,NINGUNA,0,0,17,TARDE,ARMA_FUEGO
ZONA 7,EL ORO,PASAJE,EL ORO,EL GUABO,-3.20788,-79.81909,RURAL,CASA/VILLA,PRIVADO,VIOLENCIA COMUNITARIA,RINAS,72,HOMBRE,MESTIZO/A,SOLTERO,ECUADOR,NINGUNA,2,0,9,MANANA,ARMA_CONTUNDENTE
ZONA 9,D.M. QUITO,TUMBACO,PICHINCHA,QUITO,-0.20067,-78.43539,URBANO,CASA/VILLA,PRIVADO,VIOLENCIA COMUNITARIA,EMOCIONAL,33,MUJER,MESTIZO/A,SOLTERO,ECUADOR,NINGUNA,4,0,17,TARDE,ARMA_BLANCA
ZONA 1,ESMERALDAS,ESMERALDAS,ESMERALDAS,ESMERALDAS,0.91525,-79.69736,URBANO,CENTROS DE REHABILITACION SOCIAL,PRIVADO,DELINCUENCIA COMUN,AMENAZA,35,HOMBRE,AFRO,SOLTERO,ECUADOR,NINGUNA,3,0,6,MANANA,OTRAS
ZONA 8,D.M. GUAYAQUIL,ESTEROS,GUAYAS,GUAYAQUIL,-2.23461,-79.90913,URBANO,VIA PUBLICA,PUBLICO,DELINCUENCIA COMUN,AMENAZA,29,HOMBRE,MESTIZO/A,DIVORCIADO,ECUADOR,NINGUNA,5,1,3,MADRUGADA,OTRAS
ZONA 8,D.M. GUAYAQUIL,PASCUALES,GUAYAS,GUAYAQUIL,-2.08433,-79.92496,URBANO,VIA PUBLICA,PUBLICO,DELINCUENCIA COMUN,AMENAZA,26,HOMBRE,MESTIZO/A,SOLTERO,ECUADOR,NINGUNA,3,0,8,MANANA,ARMA_BLANCA
ZONA 5,LOS RIOS,QUEVEDO,LOS RIOS,QUEVEDO,-1.0309815859683,-79.472099292562,URBANO,VIA PUBLICA,PUBLICO,DELINCUENCIA COMUN,AMENAZA,27,HOMBRE,MESTIZO/A,SOLTERO,ECUADOR,NINGUNA,4,0,18,NOCHE,ARMA_FUEGO
ZONA 7,EL ORO,SANTA ROSA,EL ORO,SANTA ROSA,-3.408313,-80.00453,RURAL,MAR,PUBLICO,DELINCUENCIA COMUN,ROBO A DOMICILIOS,22,HOMBRE,MESTIZO/A,SOLTERO,ECUADOR,NINGUNA,3,0,1,MADRUGADA,ARMA_FUEGO
ZONA 5,LOS RIOS,PUEBLO VIEJO,LOS RIOS,PUEBLOVIEJO,-1.63358,-79.5614,RURAL,HACIENDAS,PRIVADO,DELINCUENCIA COMUN,AMENAZA,26,HOMBRE,MESTIZO/A,SOLTERO,ECUADOR,NINGUNA,1,0,8,MANANA,ARMA_BLANCA
ZONA 3,CHIMBORAZO,GUANO,CHIMBORAZO,GUANO,-1.63896,-78.64561,URBANO,CASA/VILLA,PRIVADO,VIOLENCIA INTRAFAMILIAR,SENTIMENTAL,0,MUJER,MESTIZO/A,SOLTERO,ECUADOR,NINGUNA,5,1,5,MADRUGADA,OTRAS
ZONA 1,ESMERALDAS,SAN LORENZO,ESMERALDAS,SAN LORENZO,1.28722,-78.83562,URBANO,VIA PUBLICA,PUBLICO,DELINCUENCIA COMUN,ROBO A PERSONAS,38,HOMBRE,AFRO,SOLTERO,ECUADOR,NINGUNA,6,1,3,MADRUGADA,ARMA_FUEGO
ZONA 7,EL ORO,MACHALA,EL ORO,MACHALA,-3.2641,-79.96379,URBANO,CENTROS DE REHABILITACION SOCIAL,PRIVADO,DELINCUENCIA COMUN,AMENAZA,28,HOMBRE,AFRO,SOLTERO,ECUADOR,NINGUNA,6,1,18,NOCHE,OTRAS
ZONA 8,D.M. GUAYAQUIL,PORTETE,GUAYAS,GUAYAQUIL,-2.23308,-79.94572,URBANO,VIA PUBLICA,PUBLICO,VIOLENCIA COMUNITARIA,RINAS,30,HOMBRE,AFRO,SOLTERO,ECUADOR,NINGUNA,6,1,7,MANANA,ARMA_CONTUNDENTE
ZONA 1,ESMERALDAS,SAN LORENZO,ESMERALDAS,SAN LORENZO,1.31897,-78.71929,RURAL,VIA PUBLICA,PUBLICO,DELINCUENCIA COMUN,AMENAZA,34,HOMBRE,MESTIZO/A,EN UNION DE HECHO,ECUADOR,NINGUNA,0,0,22,NOCHE,ARMA_BLANCA
ZONA 7,EL ORO,MACHALA,EL ORO,MACHALA,-3.25044,-79.93542,URBANO,VIA PUBLICA,PUBLICO,VIOLENCIA COMUNITARIA,LINCHAMIENTO,29,HOMBRE,MESTIZO/A,SOLTERO,ECUADOR,NINGUNA,2,0,18,NOCHE,ARMA_CONTUNDENTE
ZONA 8,D.M. GUAYAQUIL,ESTEROS,GUAYAS,GUAYAQUIL,-2.23066,-79.91252,URBANO,VIA PUBLICA,PUBLICO,DELINCUENCIA COMUN,AMENAZA,24,HOMBRE,MESTIZO/A,SOLTERO,ECUADOR,FISICA,1,0,21,NOCHE,ARMA_FUEGO
ZONA 9,D.M. QUITO,MANUELA SAENZ,PICHINCHA,QUITO,-0.2264964548718589,-78.51291334256531,URBANO,PARADA DE BUSES,PUBLICO,DELINCUENCIA COMUN,AMENAZA,25,HOMBRE,MESTIZO/A,SOLTERO,OTROS,NINGUNA,6,1,15,TARDE,ARMA_FUEGO
ZONA 6,AZUAY,CUENCA SUR,AZUAY,CUENCA,-2.85008,-79.04024,RURAL,VIA PUBLICA,PUBLICO,DELINCUENCIA COMUN,AMENAZA,31,HOMBRE,MESTIZO/A,SOLTERO,ECUADOR,NINGUNA,5,1,3,MADRUGADA,ARMA_CONTUNDENTE
ZONA 4,STO DGO DE LOS TSACHILAS,LA CONCORDIA,STO DGO DE LOS TSACHILAS,LA CONCORDIA,0.0012,-79.39039,URBANO,CASA/VILLA,PRIVADO,VIOLENCIA COMUNITARIA,RINAS,33,HOMBRE,MESTIZO/A,SOLTERO,ECUADOR,NINGUNA,6,1,14,TARDE,ARMA_BLANCA
ZONA 5,BOLIVAR,GUARANDA,BOLIVAR,GUARANDA,-1.60628575864699,-79.0000939861942,URBANO,TERRENO BALDIO,PUBLICO,DELINCUENCIA COMUN,AMENAZA,21,HOMBRE,MESTIZO/A,SOLTERO,ECUADOR,NINGUNA,3,0,17,TARDE,ARMA_CONTUNDENTE
ZONA 8,D.M. GUAYAQUIL,NUEVA PROSPERINA,GUAYAS,GUAYAQUIL,-2.12391,-79.99278,URBANO,VIA PUBLICA,PUBLICO,DELINCUENCIA COMUN,TRAFICO INTERNO DE DROGAS (MICROTRAFICO),28,HOMBRE,MESTIZO/A,SOLTERO,ECUADOR,NINGUNA,6,1,9,MANANA,ARMA_BLANCA
ZONA 2,NAPO,TENA,NAPO,TENA,-0.99297,-77.80645,URBANO,CASA/VILLA,PRIVADO,DELINCUENCIA COMUN,TRAFICO INTERNO DE DROGAS (MICROTRAFICO),25,HOMBRE,MESTIZO/A,SOLTERO,ECUADOR,NINGUNA,2,0,11,MANANA,OTRAS
ZONA 8,D.M. GUAYAQUIL,NUEVA PROSPERINA,GUAYAS,GUAYAQUIL,-2.12585,-79.99132,URBANO,VIA PUBLICA,PUBLICO,DELINCUENCIA COMUN,AMENAZA,37,MUJER,MESTIZO/A,SOLTERO,ECUADOR,NINGUNA,6,1,2,MADRUGADA,ARMA_BLANCA
ZONA 8,D.M. GUAYAQUIL,NUEVA PROSPERINA,GUAYAS,GUAYAQUIL,-2.13216299999999,-79.96332099999998,URBANO,VIA PUBLICA,PUBLICO,VIOLENCIA COMUNITARIA,RINAS,28,HOMBRE,AFRO,SOLTERO,ECUADOR,NINGUNA,4,0,22,NOCHE,ARMA_FUEGO
ZONA 4,STO DGO DE LOS TSACHILAS,SANTO DOMINGO ESTE,STO DGO DE LOS TSACHILAS,SANTO DOMINGO,-0.30594,-79.18607,RURAL,CENTROS DE REHABILITACION SOCIAL,PRIVADO,DELINCUENCIA COMUN,AMENAZA,27,HOMBRE,MESTIZO/A,SOLTERO,ECUADOR,NINGUNA,6,1,13,TARDE,OTRAS
ZONA 8,D.M. GUAYAQUIL,PASCUALES,GUAYAS,GUAYAQUIL,-2.05309,-79.9436,URBANO,CENTROS DE REHABILITACION SOCIAL,PRIVADO,DELINCUENCIA COMUN,AMENAZA,25,HOMBRE,AFRO,SOLTERO,ECUADOR,NINGUNA,4,0,8,MANANA,OTRAS
ZONA 7,LOJA,LOJA,LOJA,LOJA,-3.9804,-79.285,RURAL,TERRENO BALDIO,PUBLICO,VIOLENCIA INTRAFAMILIAR,SENTIMENTAL,36,MUJER,MESTIZO/A,SOLTERO,ECUADOR,NINGUNA,3,0,3,MADRUGADA,OTRAS
ZONA 7,LOJA,LOJA,LOJA,LOJA,-3.96779,-79.25513,URBANO,TERRENO BALDIO,PUBLICO,DELINCUENCIA COMUN,ROBO DE CARROS,28,HOMBRE,MESTIZO/A,SOLTERO,ECUADOR,NINGUNA,4,0,2,MADRUGADA,ARMA_CONTUNDENTE
ZONA 5,LOS RIOS,VENTANAS,LOS RIOS,QUINSALOMA,-1.06711701613985,-79.31542944163078,RURAL,FINCA,PRIVADO,DELINCUENCIA COMUN,ABIGEATO,27,HOMBRE,MONTUBIO/A,SOLTERO,ECUADOR,NINGUNA,0,0,19,NOCHE,ARMA_FUEGO
ZONA 5,LOS RIOS,BUENA FE,LOS RIOS,VALENCIA,-0.89005,-79.4791,RURAL,HACIENDAS,PRIVADO,DELINCUENCIA COMUN,AMENAZA,27,HOMBRE,MESTIZO/A,SOLTERO,ECUADOR,NINGUNA,4,0,10,MANANA,ARMA_BLANCA
ZONA 1,ESMERALDAS,ESMERALDAS,ESMERALDAS,ESMERALDAS,0.95094856477701,-79.6494380230433,URBANO,VIA PUBLICA,PUBLICO,DELINCUENCIA COMUN,AMENAZA,52,HOMBRE,MONTUBIO/A,SOLTERO,ECUADOR,NINGUNA,6,1,5,MADRUGADA,ARMA_FUEGO
ZONA 9,D.M. QUITO,ELOY ALFARO - DMQ,PICHINCHA,QUITO,-0.28512,-78.53037,URBANO,CASA/VILLA,PRIVADO,DELINCUENCIA COMUN,ROBO A DOMICILIOS,65,HOMBRE,MESTIZO/A,CASADO,ECUADOR,NINGUNA,0,0,1,MADRUGADA,ARMA_BLANCA
ZONA 8,D.M. GUAYAQUIL,9 DE OCTUBRE,GUAYAS,GUAYAQUIL,-2.1965,-79.88532,URBANO,VIA PUBLICA,PUBLICO,DELINCUENCIA COMUN,AMENAZA,44,HOMBRE,MESTIZO/A,SOLTERO,ECUADOR,NINGUNA,3,0,1,MADRUGADA,ARMA_CONTUNDENTE
ZONA 8,D.M. GUAYAQUIL,DURAN,GUAYAS,DURAN,-2.1713731496704,-79.8494143411517,URBANO,VIA PUBLICA,PUBLICO,VIOLENCIA COMUNITARIA,RINAS,19,HOMBRE,MESTIZO/A,SOLTERO,ECUADOR,NINGUNA,6,1,8,MANANA,ARMA_CONTUNDENTE
ZONA 7,EL ORO,PINAS,EL ORO,PINAS,-3.68252751557679,-79.8595118522644,RURAL,CASA/VILLA,PRIVADO,DELINCUENCIA COMUN,ROBO DE CARROS,45,HOMBRE,MESTIZO/A,SOLTERO,ECUADOR,NINGUNA,5,1,9,MANANA,ARMA_CONTUNDENTE
ZONA 3,PASTAZA,PASTAZA,PASTAZA,MERA,-1.48077,-78.07035,RURAL,RIO,PUBLICO,DELINCUENCIA COMUN,AMENAZA,25,HOMBRE,MESTIZO/A,SOLTERO,PERU,NINGUNA,1,0,2,MADRUGADA,ARMA_BLANCA
ZONA 5,LOS RIOS,BABAHOYO,LOS RIOS,BABAHOYO,-1.80442854404203,-79.53548382172099,URBANO,VIA PUBLICA,PUBLICO,DELINCUENCIA COMUN,TRAFICO INTERNO DE DROGAS (MICROTRAFICO),25,HOMBRE,MESTIZO/A,SOLTERO,ECUADOR,NINGUNA,0,0,22,NOCHE,ARMA_FUEGO
ZONA 8,D.M. GUAYAQUIL,SUR - DMG,GUAYAS,GUAYAQUIL,-2.24889,-79.87774,URBANO,VIA PUBLICA,PUBLICO,DELINCUENCIA COMUN,TRAFICO INTERNO DE DROGAS (MICROTRAFICO),34,HOMBRE,MESTIZO/A,SOLTERO,ECUADOR,NINGUNA,2,0,14,TARDE,ARMA_FUEGO
ZONA 7,EL ORO,MACHALA,EL ORO,MACHALA,-3.2641,-79.96379,URBANO,CENTROS DE REHABILITACION SOCIAL,PRIVADO,DELINCUENCIA COMUN,AMENAZA,28,HOMBRE,AFRO,SOLTERO,ECUADOR,NINGUNA,6,1,18,NOCHE,OTRAS
ZONA 8,D.M. GUAYAQUIL,FLORIDA,GUAYAS,GUAYAQUIL,-2.18286,-79.91202,URBANO,CASA/VILLA,PRIVADO,VIOLENCIA COMUNITARIA,ACTOS DE ODIO,21,HOMBRE,MESTIZO/A,SOLTERO,ECUADOR,NINGUNA,3,0,5,MADRUGADA,ARMA_CONTUNDENTE
ZONA 3,TUNGURAHUA,QUERO,TUNGURAHUA,TISALEO,-1.39506,-78.62859,RURAL,VIA PUBLICA,PUBLICO,VIOLENCIA COMUNITARIA,LINCHAMIENTO,42,HOMBRE,MESTIZO/A,CASADO,ECUADOR,NINGUNA,1,0,21,NOCHE,ARMA_CONTUNDENTE
ZONA 9,D.M. QUITO,CALDERON,PICHINCHA,QUITO,-0.04262,-78.43356,URBANO,CASA/VILLA,PRIVADO,DELINCUENCIA COMUN,AMENAZA,40,HOMBRE,MESTIZO/A,CASADO,ECUADOR,NINGUNA,4,0,5,MADRUGADA,OTRAS
ZONA 4,MANABI,PEDERNALES,MANABI,PEDERNALES,0.07135,-80.04335,URBANO,VIA PUBLICA,PUBLICO,VIOLENCIA COMUNITARIA,RINAS,31,HOMBRE,MESTIZO/A,SOLTERO,ECUADOR,NINGUNA,5,1,19,NOCHE,ARMA_BLANCA
ZONA 8,D.M. GUAYAQUIL,ESTEROS,GUAYAS,GUAYAQUIL,-2.23643,-79.93314,URBANO,VIA PUBLICA,PUBLICO,DELINCUENCIA COMUN,ROBO A PERSONAS,22,HOMBRE,MULATO/A,SOLTERO,ECUADOR,NINGUNA,5,1,20,NOCHE,ARMA_BLANCA
ZONA 8,D.M. GUAYAQUIL,PROGRESO,GUAYAS,GUAYAQUIL,-2.63597,-80.35446,URBANO,VIA PUBLICA,PUBLICO,DELINCUENCIA COMUN,TRAFICO INTERNO DE DROGAS (MICROTRAFICO),22,HOMBRE,MESTIZO/A,SOLTERO,ECUADOR,NINGUNA,2,0,22,NOCHE,OTRAS
ZONA 3,TUNGURAHUA,AMBATO NORTE,TUNGURAHUA,AMBATO,-1.20841,-78.59437,URBANO,VIA PUBLICA,PUBLICO,DELINCUENCIA COMUN,ROBO A PERSONAS,32,HOMBRE,MESTIZO/A,SOLTERO,ECUADOR,NINGUNA,6,1,4,MADRUGADA,ARMA_BLANCA
ZONA 4,MANABI,PORTOVIEJO,MANABI,PORTOVIEJO,-1.01776,-80.46135,URBANO,INTERIOR DE VEHICULO PARTICULAR,PRIVADO,DELINCUENCIA COMUN,AMENAZA,58,MUJER,MONTUBIO/A,DIVORCIADO,ECUADOR,NINGUNA,3,0,0,MADRUGADA,ARMA_FUEGO
ZONA 5,LOS RIOS,BUENA FE,LOS RIOS,BUENA FE,-0.62124,-79.35802,RURAL,HACIENDAS,PRIVADO,DELINCUENCIA COMUN,AMENAZA,24,HOMBRE,MESTIZO/A,SOLTERO,ECUADOR,NINGUNA,4,0,5,MADRUGADA,ARMA_BLANCA
ZONA 8,D.M. GUAYAQUIL,DURAN,GUAYAS,DURAN,-2.17181,-79.83499,URBANO,VIA PUBLICA,PUBLICO,DELINCUENCIA COMUN,AMENAZA,32,HOMBRE,MESTIZO/A,SOLTERO,ECUADOR,NINGUNA,3,0,5,MADRUGADA,ARMA_FUEGO
ZONA 8,D.M. GUAYAQUIL,NUEVA PROSPERINA,GUAYAS,GUAYAQUIL,-2.09248,-79.96799,URBANO,VIA PUBLICA,PUBLICO,DELINCUENCIA COMUN,TRAFICO INTERNO DE DROGAS (MICROTRAFICO),17,HOMBRE,MESTIZO/A,SOLTERO,ECUADOR,NINGUNA,6,1,7,MANANA,ARMA_CONTUNDENTE
ZONA 4,MANABI,PORTOVIEJO,MANABI,PORTOVIEJO,-1.01558,-80.38591,RURAL,CENTROS DE REHABILITACION SOCIAL,PRIVADO,DELINCUENCIA COMUN,AMENAZA,30,HOMBRE,BLANCO/A,SOLTERO,ECUADOR,NINGUNA,2,0,18,NOCHE,OTRAS
ZONA 1,ESMERALDAS,ELOY ALFARO - ESM,ESMERALDAS,ELOY ALFARO,0.99723,-79.06025,RURAL,FINCA,PRIVADO,VIOLENCIA COMUNITARIA,RINAS,18,HOMBRE,MESTIZO/A,SOLTERO,ECUADOR,NINGUNA,0,0,1,MADRUGADA,OTRAS
ZONA 5,GUAYAS,EMPALME,GUAYAS,EL EMPALME,-1.04072,-79.63631,URBANO,VIA PUBLICA,PUBLICO,DELINCUENCIA COMUN,AMENAZA,27,HOMBRE,MESTIZO/A,SOLTERO,ECUADOR,NINGUNA,4,0,16,TARDE,ARMA_FUEGO
ZONA 5,GUAYAS,MILAGRO,GUAYAS,MILAGRO,-2.13289,-79.59524,URBANO,CENTROS COMERCIALES,PRIVADO,DELINCUENCIA COMUN,ROBO A PERSONAS,42,HOMBRE,MESTIZO/A,SOLTERO,ECUADOR,NINGUNA,3,0,21,NOCHE,ARMA_FUEGO
ZONA 8,D.M. GUAYAQUIL,PROGRESO,GUAYAS,GUAYAQUIL,-2.19499,-80.09998,URBANO,RIO,PUBLICO,DELINCUENCIA COMUN,AMENAZA,39,HOMBRE,MESTIZO/A,SOLTERO,ECUADOR,NINGUNA,2,0,0,MADRUGADA,ARMA_BLANCA
ZONA 3,COTOPAXI,LATACUNGA,COTOPAXI,LATACUNGA,-0.87277,-78.6311,URBANO,CENTROS DE REHABILITACION SOCIAL,PRIVADO,VIOLENCIA COMUNITARIA,RINAS,22,HOMBRE,MONTUBIO/A,SOLTERO,ECUADOR,NINGUNA,3,0,9,MANANA,OTRAS
ZONA 1,SUCUMBIOS,LAGO AGRIO,SUCUMBIOS,LAGO AGRIO,0.104128,-76.83405899999998,RURAL,RIO,PUBLICO,VIOLENCIA COMUNITARIA,ACTOS DE ODIO,48,HOMBRE,MESTIZO/A,SOLTERO,COLOMBIA,NINGUNA,5,1,20,NOCHE,ARMA_CONTUNDENTE
ZONA 6,AZUAY,PONCE ENRIQUEZ,AZUAY,CAMILO PONCE ENRIQUEZ,-3.03106,-79.63406,RURAL,CASA/VILLA,PRIVADO,VIOLENCIA INTRAFAMILIAR,SENTIMENTAL,41,MUJER,MESTIZO/A,SOLTERO,ECUADOR,NINGUNA,4,0,22,NOCHE,ARMA_BLANCA
ZONA 4,STO DGO DE LOS TSACHILAS,SANTO DOMINGO OESTE,STO DGO DE LOS TSACHILAS,SANTO DOMINGO,-0.47009,-79.40681,RURAL,FINCA,PRIVADO,VIOLENCIA COMUNITARIA,RINAS,17,HOMBRE,INDIGENA,SOLTERO,ECUADOR,NINGUNA,5,1,22,NOCHE,ARMA_BLANCA
ZONA 5,GUAYAS,EMPALME,GUAYAS,EL EMPALME,-0.90067,-79.64655,RURAL,FINCA,PRIVADO,DELINCUENCIA COMUN,AMENAZA,38,HOMBRE,MESTIZO/A,SOLTERO,ECUADOR,NINGUNA,0,0,11,MANANA,ARMA_BLANCA
ZONA 8,D.M. GUAYAQUIL,SUR - DMG,GUAYAS,GUAYAQUIL,-2.26391,-79.88422,URBANO,CASA/VILLA,PRIVADO,VIOLENCIA INTRAFAMILIAR,MALTRATO,31,MUJER,MESTIZO/A,CASADO,ECUADOR,NINGUNA,0,0,10,MANANA,ARMA_BLANCA
ZONA 8,D.M. GUAYAQUIL,PASCUALES,GUAYAS,GUAYAQUIL,-2.05309,-79.9436,URBANO,CENTROS DE REHABILITACION SOCIAL,PRIVADO,DELINCUENCIA COMUN,AMENAZA,22,HOMBRE,AFRO,SOLTERO,ECUADOR,NINGUNA,4,0,8,MANANA,OTRAS
ZONA 8,D.M. GUAYAQUIL,PASCUALES,GUAYAS,GUAYAQUIL,-2.07204,-79.92318,URBANO,VIA PUBLICA,PUBLICO,DELINCUENCIA COMUN,TRAFICO INTERNO DE DROGAS (MICROTRAFICO),14,HOMBRE,MESTIZO/A,SOLTERO,ECUADOR,NINGUNA,0,0,21,NOCHE,ARMA_FUEGO
ZONA 4,MANABI,EL CARMEN,MANABI,EL CARMEN,-0.3634,-79.559758,URBANO,VIA PUBLICA,PUBLICO,VIOLENCIA COMUNITARIA,RINAS,45,HOMBRE,MESTIZO/A,CASADO,ECUADOR,NINGUNA,2,0,8,MANANA,ARMA_CONTUNDENTE
ZONA 5,GUAYAS,NARANJAL BALAO,GUAYAS,NARANJAL,-2.71776,-79.67853,RURAL,VIA PUBLICA,PUBLICO,DELINCUENCIA COMUN,AMENAZA,65,HOMBRE,MESTIZO/A,CASADO,ECUADOR,NINGUNA,5,1,13,TARDE,ARMA_FUEGO
ZONA 5,LOS RIOS,QUEVEDO,LOS RIOS,QUEVEDO,-1.02471,-79.46403,URBANO,VIA PUBLICA,PUBLICO,VIOLENCIA COMUNITARIA,RINAS,43,HOMBRE,MESTIZO/A,SOLTERO,ECUADOR,NINGUNA,2,0,23,NOCHE,ARMA_CONTUNDENTE
ZONA 5,LOS RIOS,BABAHOYO,LOS RIOS,MONTALVO,-1.753414,-79.302414,RURAL,FINCA,PRIVADO,VIOLENCIA COMUNITARIA,EMOCIONAL,15,MUJER,MESTIZO/A,SOLTERO,ECUADOR,NINGUNA,5,1,10,MANANA,ARMA_CONTUNDENTE
ZONA 8,D.M. GUAYAQUIL,NUEVA PROSPERINA,GUAYAS,GUAYAQUIL,-2.10603,-79.97467,URBANO,VIA PUBLICA,PUBLICO,DELINCUENCIA COMUN,TRAFICO INTERNO DE DROGAS (MICROTRAFICO),43,HOMBRE,MESTIZO/A,SOLTERO,ECUADOR,NINGUNA,0,0,8,MANANA,ARMA_FUEGO
ZONA 5,GUAYAS,NARANJITO MARCELINO MARIDUENA,GUAYAS,NARANJITO,-2.13295,-79.43841,RURAL,RIO,PUBLICO,VIOLENCIA COMUNITARIA,RINAS,40,HOMBRE,MESTIZO/A,SOLTERO,ECUADOR,NINGUNA,3,0,6,MANANA,ARMA_CONTUNDENTE
ZONA 9,D.M. QUITO,ELOY ALFARO - DMQ,PICHINCHA,QUITO,-0.23519,-78.53039,URBANO,VIA PUBLICA,PUBLICO,DELINCUENCIA COMUN,ROBO A PERSONAS,40,HOMBRE,MESTIZO/A,DIVORCIADO,ECUADOR,NINGUNA,4,0,23,NOCHE,ARMA_BLANCA
ZONA 4,MANABI,PICHINCHA,MANABI,PICHINCHA,-0.82957021585196,-79.7265547513962,RURAL,VIA PUBLICA,PUBLICO,VIOLENCIA COMUNITARIA,ACTOS DE ODIO,19,HOMBRE,MESTIZO/A,SOLTERO,ECUADOR,NINGUNA,4,0,17,TARDE,ARMA_FUEGO
ZONA 8,D.M. GUAYAQUIL,NUEVA PROSPERINA,GUAYAS,GUAYAQUIL,-2.09379,-80.00097,URBANO,VIA PUBLICA,PUBLICO,DELINCUENCIA COMUN,AMENAZA,21,HOMBRE,MESTIZO/A,SOLTERO,ECUADOR,NINGUNA,2,0,22,NOCHE,OTRAS
ZONA 8,D.M. GUAYAQUIL,MODELO,GUAYAS,GUAYAQUIL,-2.14241,-79.89117,URBANO,VIA PUBLICA,PUBLICO,VIOLENCIA COMUNITARIA,RINAS,19,HOMBRE,MESTIZO/A,SOLTERO,ECUADOR,NINGUNA,6,1,2,MADRUGADA,ARMA_FUEGO
ZONA 4,STO DGO DE LOS TSACHILAS,SANTO DOMINGO ESTE,STO DGO DE LOS TSACHILAS,SANTO DOMINGO,-0.24515,-79.16346,URBANO,RESTAURANTE,PRIVADO,VIOLENCIA COMUNITARIA,RINAS,61,HOMBRE,MESTIZO/A,SOLTERO,ECUADOR,NINGUNA,5,1,23,NOCHE,ARMA_BLANCA
ZONA 6,AZUAY,CUENCA SUR,AZUAY,CUENCA,-2.91154,-78.99319,URBANO,HOSPITALES,PRIVADO,VIOLENCIA INTRAFAMILIAR,MALTRATO,25,MUJER,MESTIZO/A,SOLTERO,ECUADOR,NINGUNA,4,0,2,MADRUGADA,OTRAS
ZONA 1,SUCUMBIOS,SHUSHUFINDI,SUCUMBIOS,SHUSHUFINDI,-0.1808912504449539,-76.6401867488802,URBANO,VIA PUBLICA,PUBLICO,DELINCUENCIA COMUN,AMENAZA,49,HOMBRE,MESTIZO/A,DIVORCIADO,ECUADOR,NINGUNA,6,1,9,MANANA,ARMA_FUEGO
ZONA 8,D.M. GUAYAQUIL,SUR - DMG,GUAYAS,GUAYAQUIL,-2.25683,-79.87719,URBANO,VIA PUBLICA,PUBLICO,DELINCUENCIA COMUN,ROBO DE CARROS,52,HOMBRE,MESTIZO/A,CASADO,ECUADOR,NINGUNA,6,1,5,MADRUGADA,OTRAS
ZONA 7,LOJA,LOJA,LOJA,LOJA,-4.00449,-79.19315,URBANO,CENTROS DE REHABILITACION SOCIAL,PRIVADO,DELINCUENCIA COMUN,AMENAZA,36,HOMBRE,MESTIZO/A,SOLTERO,ECUADOR,NINGUNA,0,0,5,MADRUGADA,OTRAS
ZONA 5,LOS RIOS,QUEVEDO,LOS RIOS,QUEVEDO,-1.13063,-79.42428,RURAL,CASA/VILLA,PRIVADO,DELINCUENCIA COMUN,AMENAZA,37,HOMBRE,MESTIZO/A,SOLTERO,ECUADOR,NINGUNA,4,0,0,MADRUGADA,ARMA_BLANCA
ZONA 9,D.M. QUITO,ELOY ALFARO - DMQ,PICHINCHA,QUITO,-0.25137,-78.56954,RURAL,QUEBRADAS,PUBLICO,VIOLENCIA INTRAFAMILIAR,SENTIMENTAL,73,MUJER,MESTIZO/A,DIVORCIADO,ECUADOR,NINGUNA,4,0,21,NOCHE,ARMA_BLANCA
ZONA 4,MANABI,PORTOVIEJO,MANABI,PORTOVIEJO,-1.04866,-80.4602,URBANO,HOSTALES,PRIVADO,VIOLENCIA INTRAFAMILIAR,MALTRATO,38,MUJER,MESTIZO/A,CASADO,ECUADOR,NINGUNA,6,1,0,MADRUGADA,OTRAS
ZONA 7,EL ORO,SANTA ROSA,EL ORO,SANTA ROSA,-3.4859,-80.00259,RURAL,LAGUNA - LAGO,PUBLICO,VIOLENCIA INTRAFAMILIAR,SENTIMENTAL,38,MUJER,MESTIZO/A,SOLTERO,ECUADOR,NINGUNA,3,0,20,NOCHE,ARMA_BLANCA
ZONA 5,GUAYAS,NARANJAL BALAO,GUAYAS,NARANJAL,-2.55608,-79.54682,RURAL,VIA PUBLICA,PUBLICO,DELINCUENCIA COMUN,AMENAZA,63,HOMBRE,MESTIZO/A,SOLTERO,ECUADOR,NINGUNA,6,1,1,MADRUGADA,ARMA_CONTUNDENTE
ZONA 8,D.M. GUAYAQUIL,NUEVA PROSPERINA,GUAYAS,GUAYAQUIL,-2.12216,-79.98452,URBANO,VIA PUBLICA,PUBLICO,DELINCUENCIA COMUN,TRAFICO INTERNO DE DROGAS (MICROTRAFICO),25,MUJER,MESTIZO/A,SOLTERO,ECUADOR,NINGUNA,6,1,22,NOCHE,ARMA_BLANCA
ZONA 4,MANABI,PEDERNALES,MANABI,PEDERNALES,0.07312,-80.05139,URBANO,VIA PUBLICA,PUBLICO,VIOLENCIA COMUNITARIA,RINAS,52,HOMBRE,MESTIZO/A,SOLTERO,ECUADOR,NINGUNA,5,1,17,TARDE,ARMA_BLANCA
ZONA 8,D.M. GUAYAQUIL,9 DE OCTUBRE,GUAYAS,GUAYAQUIL,-2.2249,-79.91373,URBANO,VIA PUBLICA,PUBLICO,DELINCUENCIA COMUN,TRAFICO INTERNO DE DROGAS (MICROTRAFICO),26,HOMBRE,MESTIZO/A,SOLTERO,ECUADOR,NINGUNA,6,1,2,MADRUGADA,OTRAS
ZONA 1,CARCHI,TULCAN,CARCHI,TULCAN,0.81507,-77.71659,URBANO,VIA PUBLICA,PUBLICO,DELINCUENCIA COMUN,AMENAZA,33,HOMBRE,MESTIZO/A,SOLTERO,ECUADOR,NINGUNA,4,0,23,NOCHE,ARMA_CONTUNDENTE
ZONA 7,EL ORO,PASAJE,EL ORO,EL GUABO,-3.25499,-79.8119,RURAL,VIA PUBLICA,PUBLICO,DELINCUENCIA COMUN,AMENAZA,27,HOMBRE,MESTIZO/A,SOLTERO,ECUADOR,NINGUNA,5,1,23,NOCHE,ARMA_FUEGO
ZONA 7,LOJA,LOJA,LOJA,LOJA,-4.00433,-79.19287,URBANO,CENTROS DE REHABILITACION SOCIAL,PRIVADO,DELINCUENCIA COMUN,AMENAZA,39,HOMBRE,MESTIZO/A,SOLTERO,ECUADOR,NINGUNA,5,1,4,MADRUGADA,OTRAS
ZONA 3,COTOPAXI,DANSANTE,COTOPAXI,PUJILI,-0.95084,-78.68544,RURAL,VIA PUBLICA,PUBLICO,VIOLENCIA INTRAFAMILIAR,SENTIMENTAL,46,MUJER,MESTIZO/A,DIVORCIADO,ECUADOR,NINGUNA,4,0,23,NOCHE,ARMA_BLANCA
ZONA 5,LOS RIOS,VINCES,LOS RIOS,PALENQUE,-1.3519,-79.77832,RURAL,CASA/VILLA,PRIVADO,DELINCUENCIA COMUN,DEFENSA PROPIA,76,HOMBRE,MESTIZO/A,SOLTERO,ECUADOR,NINGUNA,6,1,10,MANANA,ARMA_BLANCA
ZONA 8,D.M. GUAYAQUIL,PASCUALES,GUAYAS,GUAYAQUIL,-2.05439,-79.94379,URBANO,CENTROS DE REHABILITACION SOCIAL,PRIVADO,VIOLENCIA COMUNITARIA,RINAS,25,HOMBRE,MESTIZO/A,SOLTERO,ECUADOR,NINGUNA,5,1,4,MADRUGADA,OTRAS
ZONA 4,MANABI,CHONE,MANABI,CHONE,-0.7021699999999989,-80.132703,RURAL,CASA/VILLA,PRIVADO,VIOLENCIA INTRAFAMILIAR,MALTRATO,43,MUJER,MESTIZO/A,SOLTERO,ECUADOR,NINGUNA,3,0,11,MANANA,ARMA_FUEGO
ZONA 4,MANABI,EL CARMEN,MANABI,EL CARMEN,-0.2714362,-79.4647633,URBANO,CASA/VILLA,PRIVADO,VIOLENCIA INTRAFAMILIAR,SENTIMENTAL,28,MUJER,MESTIZO/A,SOLTERO,ECUADOR,NINGUNA,2,0,8,MANANA,ARMA_CONTUNDENTE
ZONA 8,D.M. GUAYAQUIL,9 DE OCTUBRE,GUAYAS,GUAYAQUIL,-2.21206,-79.90078,URBANO,VIA PUBLICA,PUBLICO,DELINCUENCIA COMUN,ROBO A PERSONAS,31,MUJER,MESTIZO/A,SOLTERO,ECUADOR,NINGUNA,6,1,3,MADRUGADA,ARMA_FUEGO
ZONA 8,D.M. GUAYAQUIL,SUR - DMG,GUAYAS,GUAYAQUIL,-2.26651,-79.89552,URBANO,CASA/VILLA,PRIVADO,VIOLENCIA COMUNITARIA,RINAS,22,HOMBRE,MESTIZO/A,SOLTERO,ECUADOR,NINGUNA,6,1,5,MADRUGADA,OTRAS
ZONA 9,D.M. QUITO,QUITUMBE,PICHINCHA,QUITO,-0.30302,-78.55166,URBANO,CASA/VILLA,PRIVADO,DELINCUENCIA COMUN,ROBO A PERSONAS,40,HOMBRE,MESTIZO/A,DIVORCIADO,ECUADOR,NINGUNA,2,0,23,NOCHE,ARMA_CONTUNDENTE
ZONA 6,CANAR,CANAR,CANAR,CANAR,-2.48868,-79.20438,RURAL,CASA/VILLA,PRIVADO,VIOLENCIA COMUNITARIA,DEUDAS,36,HOMBRE,MESTIZO/A,SOLTERO,ECUADOR,NINGUNA,5,1,5,MADRUGADA,ARMA_CONTUNDENTE
ZONA 8,D.M. GUAYAQUIL,NUEVA PROSPERINA,GUAYAS,GUAYAQUIL,-2.12551,-79.96723,URBANO,VIA PUBLICA,PUBLICO,DELINCUENCIA COMUN,TRAFICO INTERNO DE DROGAS (MICROTRAFICO),28,HOMBRE,MESTIZO/A,SOLTERO,ECUADOR,NINGUNA,3,0,13,TARDE,ARMA_FUEGO
ZONA 1,CARCHI,ESPEJO,CARCHI,MIRA,0.80568,-78.31142,RURAL,QUINTAS,PRIVADO,VIOLENCIA INTRAFAMILIAR,SENTIMENTAL,24,MUJER,MESTIZO/A,CASADO,ECUADOR,NINGUNA,5,1,4,MADRUGADA,ARMA_CONTUNDENTE
ZONA 7,EL ORO,HUAQUILLAS,EL ORO,ARENILLAS,-3.68156999999999,-80.18513,RURAL,VIA PUBLICA,PUBLICO,VIOLENCIA COMUNITARIA,EMOCIONAL,24,HOMBRE,MESTIZO/A,SOLTERO,ECUADOR,NINGUNA,5,1,14,TARDE,ARMA_FUEGO
ZONA 2,NAPO,TENA,NAPO,TENA,-0.97702,-77.8278,RURAL,INTERIOR DE TAXI,PRIVADO,DELINCUENCIA COMUN,ROBO DE CARROS,48,HOMBRE,MESTIZO/A,CASADO,ECUADOR,NINGUNA,4,0,22,NOCHE,ARMA_BLANCA
ZONA 8,D.M. GUAYAQUIL,PASCUALES,GUAYAS,GUAYAQUIL,-2.0943673,-79.91930329999998,URBANO,CASA/VILLA,PRIVADO,DELINCUENCIA COMUN,ROBO A PERSONAS,65,HOMBRE,BLANCO/A,DIVORCIADO,ESTADOS UNIDOS,NINGUNA,4,0,5,MADRUGADA,ARMA_CONTUNDENTE
ZONA 7,EL ORO,PASAJE,EL ORO,PASAJE,-3.32135,-79.80647,RURAL,FINCA,PRIVADO,VIOLENCIA COMUNITARIA,RINAS,54,HOMBRE,MESTIZO/A,SOLTERO,ECUADOR,NINGUNA,5,1,23,NOCHE,ARMA_BLANCA
ZONA 9,D.M. QUITO,CALDERON,PICHINCHA,QUITO,-0.10515,-78.39593,URBANO,CASA/VILLA,PRIVADO,VIOLENCIA COMUNITARIA,RINAS,17,HOMBRE,MESTIZO/A,SOLTERO,ECUADOR,NINGUNA,6,1,22,NOCHE,ARMA_BLANCA
ZONA 8,D.M. GUAYAQUIL,MODELO,GUAYAS,GUAYAQUIL,-2.14923,-79.89934,URBANO,VIA PUBLICA,PUBLICO,VIOLENCIA INTRAFAMILIAR,SENTIMENTAL,48,MUJER,MESTIZO/A,SOLTERO,ECUADOR,NINGUNA,0,0,23,NOCHE,ARMA_CONTUNDENTE
ZONA 5,LOS RIOS,QUEVEDO,LOS RIOS,QUEVEDO,-0.95469,-79.4227,URBANO,CASA/VILLA,PRIVADO,VIOLENCIA INTRAFAMILIAR,SENTIMENTAL,59,MUJER,MESTIZO/A,DIVORCIADO,ECUADOR,NINGUNA,6,1,19,NOCHE,OTRAS
ZONA 5,SANTA ELENA,SANTA ELENA,SANTA ELENA,SANTA ELENA,-2.39822,-80.69302,URBANO,VIA PUBLICA,PUBLICO,DELINCUENCIA COMUN,TRAFICO INTERNOS DE DROGAS (MICROTRAFICO),44,HOMBRE,MESTIZO/A,CASADO,ECUADOR,NINGUNA,4,0,21,NOCHE,ARMA_FUEGO
ZONA 1,SUCUMBIOS,LAGO AGRIO,SUCUMBIOS,LAGO AGRIO,0.09764,-76.88401,URBANO,CASA/VILLA,PRIVADO,DELINCUENCIA COMUN,TRAFICO INTERNO DE DROGAS (MICROTRAFICO),28,HOMBRE,MESTIZO/A,SOLTERO,ECUADOR,NINGUNA,3,0,16,TARDE,ARMA_FUEGO
ZONA 5,LOS RIOS,PUEBLO VIEJO,LOS RIOS,PUEBLOVIEJO,-1.63328,-79.55857,RURAL,HACIENDAS,PRIVADO,DELINCUENCIA COMUN,AMENAZA,28,HOMBRE,MESTIZO/A,SOLTERO,ECUADOR,NINGUNA,0,0,8,MANANA,ARMA_BLANCA
ZONA 3,CHIMBORAZO,RIOBAMBA,CHIMBORAZO,RIOBAMBA,-1.65803,-78.6895,URBANO,CASA/VILLA,PRIVADO,VIOLENCIA INTRAFAMILIAR,MALTRATO,58,HOMBRE,MESTIZO/A,VIUDO,ECUADOR,NINGUNA,3,0,6,MANANA,ARMA_CONTUNDENTE
ZONA 8,D.M. GUAYAQUIL,SUR - DMG,GUAYAS,GUAYAQUIL,-2.24575,-79.89444,URBANO,VIA PUBLICA,PUBLICO,DELINCUENCIA COMUN,TRAFICO INTERNO DE DROGAS (MICROTRAFICO),50,HOMBRE,MESTIZO/A,SOLTERO,ECUADOR,NINGUNA,3,0,19,NOCHE,ARMA_FUEGO
ZONA 7,EL ORO,SANTA ROSA,EL ORO,SANTA ROSA,-3.37980486942855,-79.843772649765,RURAL,HACIENDAS,PRIVADO,DELINCUENCIA COMUN,AMENAZA,31,HOMBRE,MESTIZO/A,SOLTERO,ECUADOR,NINGUNA,3,0,12,TARDE,ARMA_CONTUNDENTE
ZONA 8,D.M. GUAYAQUIL,NUEVA PROSPERINA,GUAYAS,GUAYAQUIL,-2.12319,-79.98435,URBANO,VIA PUBLICA,PUBLICO,DELINCUENCIA COMUN,AMENAZA,27,HOMBRE,MESTIZO/A,DIVORCIADO,ECUADOR,NINGUNA,3,0,5,MADRUGADA,ARMA_BLANCA
ZONA 8,D.M. GUAYAQUIL,DURAN,GUAYAS,DURAN,-2.16014,-79.84063,URBANO,VIA PUBLICA,PUBLICO,DELINCUENCIA COMUN,TRAFICO INTERNO DE DROGAS (MICROTRAFICO),31,HOMBRE,MESTIZO/A,SOLTERO,ECUADOR,NINGUNA,6,1,13,TARDE,ARMA_FUEGO
ZONA 1,ESMERALDAS,RIO VERDE,ESMERALDAS,RIOVERDE,0.95569,-79.33804,RURAL,VIA PUBLICA,PUBLICO,DELINCUENCIA COMUN,AMENAZA,33,HOMBRE,AFRO,SOLTERO,ECUADOR,NINGUNA,3,0,7,MANANA,ARMA_BLANCA
ZONA 8,D.M. GUAYAQUIL,PORTETE,GUAYAS,GUAYAQUIL,-2.22127,-79.94196,URBANO,VIA PUBLICA,PUBLICO,VIOLENCIA INTRAFAMILIAR,SENTIMENTAL,31,MUJER,MESTIZO/A,SOLTERO,VENEZUELA,NINGUNA,5,1,21,NOCHE,ARMA_CONTUNDENTE
ZONA 6,CANAR,CANAR,CANAR,CANAR,-2.303707723521,-79.17005538940428,RURAL,TERRENO BALDIO,PUBLICO,DELINCUENCIA COMUN,VIOLACION SEXUAL (DESCONOCIDO),18,MUJER,MESTIZO/A,SOLTERO,ECUADOR,NINGUNA,6,1,9,MANANA,ARMA_CONTUNDENTE
ZONA 1,ESMERALDAS,ESMERALDAS,ESMERALDAS,ESMERALDAS,0.94944,-79.64909,URBANO,CASA/VILLA,PRIVADO,DELINCUENCIA COMUN,AMENAZA,23,HOMBRE,MULATO/A,SOLTERO,ECUADOR,NINGUNA,2,0,1,MADRUGADA,ARMA_CONTUNDENTE
ZONA 8,D.M. GUAYAQUIL,DURAN,GUAYAS,DURAN,-2.15228,-79.80808,URBANO,VIA PUBLICA,PUBLICO,DELINCUENCIA COMUN,AMENAZA,41,HOMBRE,MESTIZO/A,CASADO,ECUADOR,NINGUNA,6,1,16,TARDE,ARMA_FUEGO
ZONA 4,MANABI,ROCAFUERTE,MANABI,ROCAFUERTE,-0.91062,-80.31026,RURAL,VIA PUBLICA,PUBLICO,DELINCUENCIA COMUN,TRAFICO INTERNO DE DROGAS (MICROTRAFICO),30,HOMBRE,MESTIZO/A,SOLTERO,ECUADOR,NINGUNA,4,0,8,MANANA,OTRAS
ZONA 4,MANABI,CHONE,MANABI,CHONE,-0.695208,-80.0896,URBANO,VIA PUBLICA,PUBLICO,VIOLENCIA COMUNITARIA,ACTOS DE ODIO,21,HOMBRE,MESTIZO/A,SOLTERO,ECUADOR,NINGUNA,6,1,12,TARDE,ARMA_FUEGO
ZONA 8,D.M. GUAYAQUIL,PROGRESO,GUAYAS,GUAYAQUIL,-2.19602,-80.1058,URBANO,RIO,PUBLICO,DELINCUENCIA COMUN,AMENAZA,41,MUJER,MESTIZO/A,SOLTERO,ECUADOR,NINGUNA,6,1,23,NOCHE,OTRAS
ZONA 5,LOS RIOS,BABAHOYO,LOS RIOS,BABAHOYO,-1.79435,-79.52829,URBANO,VIA PUBLICA,PUBLICO,DELINCUENCIA COMUN,AMENAZA,33,HOMBRE,MESTIZO/A,SOLTERO,ECUADOR,NINGUNA,0,0,14,TARDE,ARMA_FUEGO
ZONA 1,ESMERALDAS,QUININDE,ESMERALDAS,QUININDE,0.13579,-79.40308,URBANO,CASA/VILLA,PRIVADO,DELINCUENCIA COMUN,AMENAZA,32,HOMBRE,MESTIZO/A,SOLTERO,ECUADOR,NINGUNA,3,0,3,MADRUGADA,OTRAS
ZONA 8,D.M. GUAYAQUIL,PASCUALES,GUAYAS,GUAYAQUIL,-2.05309,-79.9436,URBANO,CENTROS DE REHABILITACION SOCIAL,PRIVADO,DELINCUENCIA COMUN,AMENAZA,29,HOMBRE,MESTIZO/A,SOLTERO,ECUADOR,NINGUNA,4,0,7,MANANA,OTRAS
ZONA 5,GUAYAS,EL TRIUNFO BUCAY,GUAYAS,EL TRIUNFO,-2.33028,-79.3335,RURAL,FINCA,PRIVADO,DELINCUENCIA COMUN,AMENAZA,24,HOMBRE,MESTIZO/A,SOLTERO,ECUADOR,NINGUNA,4,0,9,MANANA,OTRAS
ZONA 4,MANABI,JIPIJAPA,MANABI,JIPIJAPA,-1.35986,-80.64126,RURAL,VIA PUBLICA,PUBLICO,DELINCUENCIA COMUN,AMENAZA,74,HOMBRE,MESTIZO/A,VIUDO,ECUADOR,NINGUNA,5,1,14,TARDE,OTRAS
ZONA 8,D.M. GUAYAQUIL,PROGRESO,GUAYAS,GUAYAQUIL,-2.69874,-80.26405,RURAL,FINCA,PRIVADO,DELINCUENCIA COMUN,TRAFICO INTERNO DE DROGAS (MICROTRAFICO),24,HOMBRE,MESTIZO/A,SOLTERO,ECUADOR,NINGUNA,4,0,0,MADRUGADA,ARMA_BLANCA
ZONA 4,MANABI,EL CARMEN,MANABI,EL CARMEN,-0.28723,-79.4656,RURAL,TERRENO BALDIO,PUBLICO,VIOLENCIA COMUNITARIA,ACTOS DE ODIO,27,HOMBRE,MESTIZO/A,SOLTERO,ECUADOR,NINGUNA,4,0,15,TARDE,ARMA_FUEGO
ZONA 7,LOJA,ZAPOTILLO,LOJA,ZAPOTILLO,-4.28147,-80.23268,RURAL,QUEBRADAS,PUBLICO,DELINCUENCIA COMUN,ROBO DE CARROS,54,HOMBRE,MESTIZO/A,CASADO,ECUADOR,NINGUNA,2,0,9,MANANA,OTRAS
ZONA 5,GUAYAS,JUJAN SIMON BOLIVAR,GUAYAS,ALFREDO BAQUERIZO MORENO (JUJAN),-1.94748434795144,-79.5983165565866,URBANO,FINCA,PRIVADO,DELINCUENCIA COMUN,AMENAZA,27,HOMBRE,MESTIZO/A,SOLTERO,ECUADOR,NINGUNA,0,0,21,NOCHE,ARMA_FUEGO
ZONA 8,D.M. GUAYAQUIL,NUEVA PROSPERINA,GUAYAS,GUAYAQUIL,-2.12517,-79.99385,URBANO,VIA PUBLICA,PUBLICO,DELINCUENCIA COMUN,ROBO A PERSONAS,54,HOMBRE,MESTIZO/A,SOLTERO,ECUADOR,NINGUNA,1,0,4,MADRUGADA,ARMA_BLANCA
ZONA 2,ORELLANA,ORELLANA LORETO,ORELLANA,FRANCISCO DE ORELLANA,-0.44232,-77.0077,URBANO,RIO,PUBLICO,VIOLENCIA COMUNITARIA,ACTOS DE ODIO,34,HOMBRE,MESTIZO/A,SOLTERO,COLOMBIA,NINGUNA,2,0,1,MADRUGADA,OTRAS
ZONA 4,MANABI,MANTA,MANABI,MANTA,-0.9587069333414688,-80.71910535916689,URBANO,VIA PUBLICA,PUBLICO,DELINCUENCIA COMUN,AMENAZA,28,HOMBRE,MESTIZO/A,SOLTERO,ECUADOR,NINGUNA,0,0,12,TARDE,ARMA_FUEGO
ZONA 9,D.M. QUITO,CALDERON,PICHINCHA,QUITO,-0.12066,-78.44602,URBANO,VIA PUBLICA,PUBLICO,DELINCUENCIA COMUN,ROBO A PERSONAS,27,HOMBRE,MESTIZO/A,SOLTERO,ECUADOR,NINGUNA,2,0,3,MADRUGADA,ARMA_BLANCA
ZONA 9,D.M. QUITO,CALDERON,PICHINCHA,QUITO,-0.09134,-78.45268,URBANO,CASA/VILLA,PRIVADO,DELINCUENCIA COMUN,ROBO A DOMICILIOS,70,MUJER,MESTIZO/A,CASADO,ECUADOR,NINGUNA,0,0,11,MANANA,OTRAS
ZONA 1,SUCUMBIOS,SHUSHUFINDI,SUCUMBIOS,SHUSHUFINDI,-0.32515,-76.61815,RURAL,BOSQUE Y RESERVAS ECOLOGICAS,PUBLICO,DELINCUENCIA COMUN,AMENAZA,15,HOMBRE,INDIGENA,SOLTERO,ECUADOR,NINGUNA,5,1,0,MADRUGADA,ARMA_BLANCA
ZONA 8,D.M. GUAYAQUIL,PASCUALES,GUAYAS,GUAYAQUIL,-2.05309,-79.9436,URBANO,CENTROS DE REHABILITACION SOCIAL,PRIVADO,DELINCUENCIA COMUN,AMENAZA,48,HOMBRE,MESTIZO/A,DIVORCIADO,ECUADOR,INTELECTUAL,4,0,8,MANANA,OTRAS
ZONA 6,CANAR,LA TRONCAL,CANAR,LA TRONCAL,-2.450545,-79.33198299999998,RURAL,TERRENO BALDIO,PUBLICO,DELINCUENCIA COMUN,ROBO DE MOTOS,26,HOMBRE,MESTIZO/A,SOLTERO,ECUADOR,NINGUNA,4,0,12,TARDE,ARMA_FUEGO
ZONA 8,D.M. GUAYAQUIL,PASCUALES,GUAYAS,GUAYAQUIL,-2.08597,-79.93559,URBANO,VIA PUBLICA,PUBLICO,DELINCUENCIA COMUN,ROBO A PERSONAS,25,HOMBRE,MESTIZO/A,SOLTERO,ECUADOR,NINGUNA,3,0,4,MADRUGADA,ARMA_BLANCA
ZONA 5,SANTA ELENA,LIBERTAD SALINAS,SANTA ELENA,LA LIBERTAD,-2.2355,-80.91955,URBANO,VIA PUBLICA,PUBLICO,VIOLENCIA COMUNITARIA,RINAS,32,HOMBRE,MESTIZO/A,CASADO,ECUADOR,NINGUNA,0,0,5,MADRUGADA,OTRAS
ZONA 5,LOS RIOS,BUENA FE,LOS RIOS,VALENCIA,-0.9522709999999988,-79.334911,RURAL,FINCA,PRIVADO,VIOLENCIA COMUNITARIA,ACTOS DE ODIO,60,HOMBRE,MESTIZO/A,DIVORCIADO,ECUADOR,NINGUNA,2,0,2,MADRUGADA,ARMA_FUEGO
ZONA 1,SUCUMBIOS,LAGO AGRIO,SUCUMBIOS,LAGO AGRIO,0.0749640325412274,-76.88489377498628,URBANO,VIA PUBLICA,PUBLICO,DELINCUENCIA COMUN,TRAFICO INTERNO DE DROGAS (MICROTRAFICO),18,HOMBRE,MESTIZO/A,SOLTERO,ECUADOR,NINGUNA,1,0,17,TARDE,ARMA_FUEGO
ZONA 9,D.M. QUITO,MANUELA SAENZ,PICHINCHA,QUITO,-0.22621,-78.5174,URBANO,VIA PUBLICA,PUBLICO,VIOLENCIA COMUNITARIA,RINAS,31,HOMBRE,MESTIZO/A,SOLTERO,ECUADOR,NINGUNA,4,0,22,NOCHE,ARMA_BLANCA
ZONA 5,BOLIVAR,SAN MIGUEL,BOLIVAR,SAN MIGUEL,-1.77222,-79.22977,RURAL,CASA/VILLA,PRIVADO,DELINCUENCIA COMUN,ROBO A DOMICILIOS,79,HOMBRE,MESTIZO/A,CASADO,ECUADOR,NINGUNA,6,1,22,NOCHE,OTRAS
ZONA 6,CANAR,LA TRONCAL,CANAR,LA TRONCAL,-2.50645,-79.49573,RURAL,VIA PUBLICA,PUBLICO,VIOLENCIA COMUNITARIA,RINAS,18,HOMBRE,MESTIZO/A,SOLTERO,ECUADOR,NINGUNA,6,1,0,MADRUGADA,ARMA_CONTUNDENTE
ZONA 4,MANABI,CHONE,MANABI,CHONE,-0.56926,-80.17745,RURAL,VIA PUBLICA,PUBLICO,DELINCUENCIA COMUN,AMENAZA,25,HOMBRE,MESTIZO/A,SOLTERO,ECUADOR,NINGUNA,4,0,13,TARDE,ARMA_FUEGO
ZONA 2,PICHINCHA,NOROCCIDENTE,PICHINCHA,PUERTO QUITO,0.11693,-79.25535,RURAL,CASA/VILLA,PRIVADO,VIOLENCIA COMUNITARIA,RINAS,25,HOMBRE,MESTIZO/A,SOLTERO,ECUADOR,NINGUNA,2,0,10,MANANA,ARMA_BLANCA
ZONA 5,LOS RIOS,BUENA FE,LOS RIOS,BUENA FE,-0.54592,-79.37353,URBANO,VIA PUBLICA,PUBLICO,DELINCUENCIA COMUN,AMENAZA,51,HOMBRE,MESTIZO/A,CASADO,ECUADOR,FISICA,5,1,10,MANANA,ARMA_BLANCA
ZONA 4,MANABI,PEDERNALES,MANABI,PEDERNALES,0.07135,-79.99888,RURAL,VIA PUBLICA,PUBLICO,VIOLENCIA COMUNITARIA,RINAS,31,HOMBRE,MESTIZO/A,SOLTERO,ECUADOR,NINGUNA,6,1,5,MADRUGADA,ARMA_CONTUNDENTE
ZONA 8,D.M. GUAYAQUIL,NUEVA PROSPERINA,GUAYAS,GUAYAQUIL,-2.12036,-79.97115,URBANO,VIA PUBLICA,PUBLICO,DELINCUENCIA COMUN,TRAFICO INTERNO DE DROGAS (MICROTRAFICO),26,HOMBRE,MESTIZO/A,SOLTERO,ECUADOR,NINGUNA,3,0,17,TARDE,ARMA_BLANCA
ZONA 3,CHIMBORAZO,RIOBAMBA,CHIMBORAZO,RIOBAMBA,-1.67807597599925,-78.64153062924741,URBANO,CASA/VILLA,PRIVADO,VIOLENCIA COMUNITARIA,RINAS,49,HOMBRE,MESTIZO/A,CASADO,ECUADOR,NINGUNA,6,1,12,TARDE,ARMA_CONTUNDENTE
ZONA 8,D.M. GUAYAQUIL,PASCUALES,GUAYAS,GUAYAQUIL,-2.05233,-79.94374,URBANO,CENTROS DE REHABILITACION SOCIAL,PRIVADO,DELINCUENCIA COMUN,AMENAZA,23,HOMBRE,MESTIZO/A,CASADO,ECUADOR,NINGUNA,1,0,3,MADRUGADA,OTRAS
ZONA 5,GUAYAS,NARANJAL BALAO,GUAYAS,NARANJAL,-2.67583,-79.61865,URBANO,VIA PUBLICA,PUBLICO,VIOLENCIA COMUNITARIA,RINAS,24,HOMBRE,MESTIZO/A,SOLTERO,ECUADOR,NINGUNA,5,1,21,NOCHE,ARMA_BLANCA
ZONA 5,GUAYAS,NARANJAL BALAO,GUAYAS,NARANJAL,-2.692,-79.61986,URBANO,VIA PUBLICA,PUBLICO,DELINCUENCIA COMUN,AMENAZA,35,MUJER,MESTIZO/A,SOLTERO,ECUADOR,NINGUNA,6,1,2,MADRUGADA,ARMA_BLANCA
ZONA 7,EL ORO,HUAQUILLAS,EL ORO,HUAQUILLAS,-3.48441,-80.23714,URBANO,CASA/VILLA,PRIVADO,VIOLENCIA SEXUAL,VIOLACION FAMILIAR DIRECTO (PERSONA CONOCIDA),42,MUJER,MESTIZO/A,DIVORCIADO,ECUADOR,NINGUNA,6,1,17,TARDE,ARMA_CONTUNDENTE
ZONA 5,SANTA ELENA,LIBERTAD SALINAS,SANTA ELENA,LA LIBERTAD,-2.23187,-80.89386,URBANO,CASA/VILLA,PRIVADO,VIOLENCIA INTRAFAMILIAR,MALTRATO,26,MUJER,MESTIZO/A,DIVORCIADO,ECUADOR,NINGUNA,2,0,22,NOCHE,ARMA_CONTUNDENTE
ZONA 8,D.M. GUAYAQUIL,PROGRESO,GUAYAS,GUAYAQUIL,-2.71219,-80.24218,URBANO,PLAYA,PUBLICO,DELINCUENCIA COMUN,ROBO A PERSONAS,56,HOMBRE,MESTIZO/A,SOLTERO,ECUADOR,NINGUNA,3,0,3,MADRUGADA,OTRAS
ZONA 7,EL ORO,HUAQUILLAS,EL ORO,HUAQUILLAS,-3.48005491432535,-80.2408353585467,URBANO,VIA PUBLICA,PUBLICO,DELINCUENCIA COMUN,AMENAZA,46,HOMBRE,MULATO/A,EN UNION DE HECHO,PERU,NINGUNA,4,0,8,MANANA,ARMA_FUEGO
ZONA 5,LOS RIOS,VENTANAS,LOS RIOS,VENTANAS,-1.45857,-79.44638,RURAL,HACIENDAS,PRIVADO,DELINCUENCIA COMUN,ROBO A DOMICILIOS,26,HOMBRE,MESTIZO/A,EN UNION DE HECHO,ECUADOR,NINGUNA,2,0,17,TARDE,ARMA_BLANCA
ZONA 5,GUAYAS,BALZAR,GUAYAS,BALZAR,-1.33775,-79.87788,RURAL,INTERIOR DE VEHICULO PARTICULAR,PRIVADO,DELINCUENCIA COMUN,AMENAZA,38,HOMBRE,MESTIZO/A,CASADO,ECUADOR,NINGUNA,5,1,23,NOCHE,ARMA_FUEGO
ZONA 4,MANABI,PORTOVIEJO,MANABI,PORTOVIEJO,-1.03140009999999,-80.49100099999998,URBANO,TERRENO BALDIO,PUBLICO,VIOLENCIA COMUNITARIA,ACTOS DE ODIO,25,HOMBRE,MESTIZO/A,SOLTERO,ECUADOR,NINGUNA,6,1,8,MANANA,ARMA_CONTUNDENTE
ZONA 1,ESMERALDAS,QUININDE,ESMERALDAS,QUININDE,0.3270899999999989,-79.63854999999998,RURAL,CASA/VILLA,PRIVADO,DELINCUENCIA COMUN,ROBO A DOMICILIOS,33,HOMBRE,MESTIZO/A,SOLTERO,ECUADOR,NINGUNA,5,1,3,MADRUGADA,ARMA_FUEGO
ZONA 6,AZUAY,GUALACEO,AZUAY,CHORDELEG,-2.93315,-78.77873,RURAL,VIA PUBLICA,PUBLICO,VIOLENCIA COMUNITARIA,LINCHAMIENTO,38,HOMBRE,MESTIZO/A,CASADO,ECUADOR,NINGUNA,3,0,15,TARDE,ARMA_CONTUNDENTE
ZONA 2,PICHINCHA,RUMINAHUI - MEJIA,PICHINCHA,MEJIA,-0.406505,-78.564588,URBANO,TERRENO BALDIO,PUBLICO,DELINCUENCIA COMUN,VIOLACION SEXUAL (DESCONOCIDO),14,HOMBRE,INDIGENA,SOLTERO,ECUADOR,NINGUNA,6,1,20,NOCHE,ARMA_CONTUNDENTE
ZONA 5,LOS RIOS,QUEVEDO,LOS RIOS,QUEVEDO,-0.98733,-79.47212,URBANO,VIA PUBLICA,PUBLICO,DELINCUENCIA COMUN,AMENAZA,41,HOMBRE,MESTIZO/A,SOLTERO,ECUADOR,NINGUNA,2,0,18,NOCHE,ARMA_FUEGO
ZONA 7,EL ORO,PASAJE,EL ORO,PASAJE,-3.33131816555337,-79.8300896287128,RURAL,HACIENDAS,PRIVADO,DELINCUENCIA COMUN,ROBO A PERSONAS,48,HOMBRE,MESTIZO/A,SOLTERO,ECUADOR,NINGUNA,1,0,14,TARDE,ARMA_FUEGO
ZONA 4,MANABI,PAJAN,MANABI,PAJAN,-1.54506,-80.42349,RURAL,RIO,PUBLICO,DELINCUENCIA COMUN,AMENAZA,33,HOMBRE,MESTIZO/A,SOLTERO,ECUADOR,NINGUNA,2,0,18,NOCHE,ARMA_BLANCA
ZONA 5,GUAYAS,SALITRE,GUAYAS,SALITRE,-1.82426,-79.80654,URBANO,RIO,PUBLICO,DELINCUENCIA COMUN,AMENAZA,22,HOMBRE,MESTIZO/A,SOLTERO,ECUADOR,NINGUNA,1,0,13,TARDE,OTRAS
ZONA 5,GUAYAS,NARANJAL BALAO,GUAYAS,NARANJAL,-2.68359,-79.61554,RURAL,VIA PUBLICA,PUBLICO,DELINCUENCIA COMUN,AMENAZA,34,HOMBRE,MESTIZO/A,SOLTERO,ECUADOR,NINGUNA,0,0,5,MADRUGADA,ARMA_BLANCA
ZONA 4,MANABI,MANTA,MANABI,MONTECRISTI,-1.0017,-80.69206,URBANO,VIA PUBLICA,PUBLICO,DELINCUENCIA COMUN,AMENAZA,33,HOMBRE,MESTIZO/A,SOLTERO,ECUADOR,NINGUNA,3,0,8,MANANA,OTRAS
ZONA 6,AZUAY,PONCE ENRIQUEZ,AZUAY,CAMILO PONCE ENRIQUEZ,-3.05312,-79.70997,RURAL,FINCA,PRIVADO,DELINCUENCIA COMUN,AMENAZA,27,HOMBRE,MESTIZO/A,SOLTERO,ECUADOR,NINGUNA,1,0,9,MANANA,ARMA_BLANCA
ZONA 2,PICHINCHA,CAYAMBE,PICHINCHA,CAYAMBE,0.00086,-78.12246,URBANO,HOSPITALES,PRIVADO,DELINCUENCIA COMUN,ABIGEATO,86,HOMBRE,MESTIZO/A,VIUDO,ECUADOR,NINGUNA,0,0,12,TARDE,OTRAS
ZONA 1,IMBABURA,VALLE DEL AMANECER,IMBABURA,ANTONIO ANTE,0.338064945577744,-78.1929642331031,URBANO,CASA/VILLA,PRIVADO,VIOLENCIA COMUNITARIA,ACTOS DE ODIO,77,HOMBRE,MESTIZO/A,DIVORCIADO,ECUADOR,NINGUNA,3,0,22,NOCHE,ARMA_CONTUNDENTE
ZONA 3,COTOPAXI,LA MANA,COTOPAXI,LA MANA,-0.94454,-79.24384,URBANO,VIA PUBLICA,PUBLICO,VIOLENCIA COMUNITARIA,LINCHAMIENTO,28,HOMBRE,MESTIZO/A,SOLTERO,ECUADOR,NINGUNA,5,1,21,NOCHE,OTRAS
ZONA 4,MANABI,MANTA,MANABI,MANTA,-1.0093,-80.72835,RURAL,VIA PUBLICA,PUBLICO,VIOLENCIA COMUNITARIA,EMOCIONAL,19,HOMBRE,MESTIZO/A,SOLTERO,ECUADOR,NINGUNA,0,0,19,NOCHE,OTRAS
ZONA 1,ESMERALDAS,ELOY ALFARO - ESM,ESMERALDAS,ELOY ALFARO,0.97709,-78.89004,RURAL,CASA/VILLA,PRIVADO,DELINCUENCIA COMUN,AMENAZA,14,MUJER,AFRO,SOLTERO,ECUADOR,NINGUNA,6,1,3,MADRUGADA,OTRAS
ZONA 1,ESMERALDAS,ESMERALDAS,ESMERALDAS,ESMERALDAS,0.97652,-79.65129,RURAL,TERRENO BALDIO,PUBLICO,VIOLENCIA COMUNITARIA,ACTOS DE ODIO,17,HOMBRE,AFRO,SOLTERO,ECUADOR,NINGUNA,3,0,21,NOCHE,ARMA_BLANCA
ZONA 8,D.M. GUAYAQUIL,SUR - DMG,GUAYAS,GUAYAQUIL,-2.23583,-79.89541,URBANO,CASA/VILLA,PRIVADO,DELINCUENCIA COMUN,ROBO A DOMICILIOS,71,HOMBRE,MESTIZO/A,VIUDO,ECUADOR,NINGUNA,3,0,18,NOCHE,OTRAS
ZONA 1,IMBABURA,CIUDAD BLANCA,IMBABURA,IBARRA,0.34127,-78.13174,URBANO,VIA PUBLICA,PUBLICO,VIOLENCIA COMUNITARIA,RINAS,62,HOMBRE,MESTIZO/A,CASADO,ECUADOR,NINGUNA,0,0,16,TARDE,ARMA_CONTUNDENTE
ZONA 5,LOS RIOS,PUEBLO VIEJO,LOS RIOS,PUEBLOVIEJO,-1.47378,-79.50939,RURAL,VIA PUBLICA,PUBLICO,DELINCUENCIA COMUN,AMENAZA,20,HOMBRE,MESTIZO/A,SOLTERO,ECUADOR,NINGUNA,5,1,7,MANANA,ARMA_BLANCA
ZONA 5,BOLIVAR,CHILLANES,BOLIVAR,CHILLANES,-2.15984,-79.09014,RURAL,TERRENO BALDIO,PUBLICO,DELINCUENCIA COMUN,AMENAZA,29,HOMBRE,MESTIZO/A,SOLTERO,ECUADOR,NINGUNA,4,0,18,NOCHE,OTRAS
ZONA 3,CHIMBORAZO,RIOBAMBA,CHIMBORAZO,RIOBAMBA,-1.65783,-78.69102,URBANO,VIA PUBLICA,PUBLICO,VIOLENCIA COMUNITARIA,RINAS,27,HOMBRE,INDIGENA,SOLTERO,ECUADOR,NINGUNA,2,0,20,NOCHE,ARMA_CONTUNDENTE
ZONA 2,ORELLANA,ORELLANA LORETO,ORELLANA,FRANCISCO DE ORELLANA,-0.43105,-76.99425,URBANO,BARES,PRIVADO,DELINCUENCIA COMUN,AMENAZA,23,MUJER,MESTIZO/A,SOLTERO,VENEZUELA,NINGUNA,2,0,22,NOCHE,OTRAS
ZONA 8,D.M. GUAYAQUIL,PASCUALES,GUAYAS,GUAYAQUIL,-2.05234,-79.9446,URBANO,CENTROS DE REHABILITACION SOCIAL,PRIVADO,DELINCUENCIA COMUN,AMENAZA,38,HOMBRE,MESTIZO/A,SOLTERO,ISRAEL,NINGUNA,5,1,5,MADRUGADA,ARMA_CONTUNDENTE
ZONA 2,PICHINCHA,RUMINAHUI - MEJIA,PICHINCHA,MEJIA,-0.38909,-78.5473,URBANO,CASA/VILLA,PRIVADO,DELINCUENCIA COMUN,ROBO A DOMICILIOS,30,HOMBRE,MESTIZO/A,SOLTERO,ECUADOR,NINGUNA,4,0,0,MADRUGADA,OTRAS
ZONA 9,D.M. QUITO,MANUELA SAENZ,PICHINCHA,QUITO,-0.21474,-78.49722,URBANO,HOSPITALES,PRIVADO,DELINCUENCIA COMUN,AMENAZA,48,HOMBRE,MESTIZO/A,DIVORCIADO,ECUADOR,NINGUNA,3,0,14,TARDE,ARMA_CONTUNDENTE
ZONA 6,CANAR,CANAR,CANAR,CANAR,-2.31817,-79.19285,RURAL,VIA PUBLICA,PUBLICO,DELINCUENCIA COMUN,TRAFICO INTERNO DE DROGAS (MICROTRAFICO),24,HOMBRE,MESTIZO/A,SOLTERO,ECUADOR,NINGUNA,3,0,4,MADRUGADA,ARMA_BLANCA
ZONA 6,MORONA SANTIAGO,MORONA,MORONA SANTIAGO,MORONA,-2.30046,-78.12453,URBANO,VIA PUBLICA,PUBLICO,DELINCUENCIA COMUN,TRAFICO INTERNO DE DROGAS (MICROTRAFICO),37,HOMBRE,MESTIZO/A,SOLTERO,ECUADOR,NINGUNA,4,0,0,MADRUGADA,ARMA_BLANCA
ZONA 9,D.M. QUITO,LA DELICIA,PICHINCHA,QUITO,-0.11541,-78.48969,URBANO,VIA PUBLICA,PUBLICO,DELINCUENCIA COMUN,ROBO A PERSONAS,22,HOMBRE,MESTIZO/A,SOLTERO,ECUADOR,NINGUNA,4,0,23,NOCHE,ARMA_BLANCA
ZONA 4,MANABI,MANTA,MANABI,MANTA,-1.00965,-80.72839,URBANO,VIA PUBLICA,PUBLICO,VIOLENCIA COMUNITARIA,RINAS,44,HOMBRE,MESTIZO/A,SOLTERO,ECUADOR,NINGUNA,0,0,6,MANANA,OTRAS
ZONA 1,SUCUMBIOS,SHUSHUFINDI,SUCUMBIOS,SHUSHUFINDI,-0.28333,-76.4683,URBANO,BOSQUE Y RESERVAS ECOLOGICAS,PUBLICO,DELINCUENCIA COMUN,AMENAZA,39,HOMBRE,MESTIZO/A,CASADO,ECUADOR,NINGUNA,2,0,23,NOCHE,ARMA_BLANCA
ZONA 8,D.M. GUAYAQUIL,SUR - DMG,GUAYAS,GUAYAQUIL,-2.27728,-79.88345,URBANO,VIA PUBLICA,PUBLICO,DELINCUENCIA COMUN,TRAFICO INTERNO DE DROGAS (MICROTRAFICO),20,HOMBRE,MESTIZO/A,SOLTERO,ECUADOR,NINGUNA,5,1,21,NOCHE,OTRAS
ZONA 8,D.M. GUAYAQUIL,PORTETE,GUAYAS,GUAYAQUIL,-2.21721,-79.92322,URBANO,CASA/VILLA,PRIVADO,DELINCUENCIA COMUN,AMENAZA,59,HOMBRE,MESTIZO/A,SOLTERO,ECUADOR,NINGUNA,6,1,22,NOCHE,ARMA_CONTUNDENTE
ZONA 9,D.M. QUITO,ELOY ALFARO - DMQ,PICHINCHA,QUITO,-0.24808,-78.53354,URBANO,CASA/VILLA,PRIVADO,DELINCUENCIA COMUN,ROBO A DOMICILIOS,59,HOMBRE,MESTIZO/A,CASADO,ECUADOR,NINGUNA,6,1,11,MANANA,OTRAS
ZONA 6,MORONA SANTIAGO,MENDEZ,MORONA SANTIAGO,LIMON INDANZA,-2.96988154263185,-78.4241370856762,RURAL,VIA PUBLICA,PUBLICO,DELINCUENCIA COMUN,AMENAZA,29,HOMBRE,MESTIZO/A,SOLTERO,ECUADOR,NINGUNA,2,0,23,NOCHE,ARMA_FUEGO
ZONA 5,GUAYAS,DAULE,GUAYAS,DAULE,-1.78615,-79.90664,URBANO,VIA PUBLICA,PUBLICO,DELINCUENCIA COMUN,AMENAZA,23,HOMBRE,MESTIZO/A,SOLTERO,ECUADOR,NINGUNA,3,0,22,NOCHE,ARMA_BLANCA
ZONA 2,PICHINCHA,CAYAMBE,PICHINCHA,CAYAMBE,0.01498,-78.1318,RURAL,QUEBRADAS,PUBLICO,VIOLENCIA INTRAFAMILIAR,MALTRATO,44,MUJER,MESTIZO/A,CASADO,ECUADOR,NINGUNA,0,0,17,TARDE,ARMA_CONTUNDENTE
ZONA 5,LOS RIOS,BABAHOYO,LOS RIOS,BABA,-1.560996,-79.635323,RURAL,CASA/VILLA,PRIVADO,VIOLENCIA COMUNITARIA,EMOCIONAL,25,HOMBRE,MONTUBIO/A,SOLTERO,ECUADOR,NINGUNA,4,0,20,NOCHE,ARMA_FUEGO
ZONA 8,D.M. GUAYAQUIL,PORTETE,GUAYAS,GUAYAQUIL,-2.20621,-79.91661,URBANO,VIA PUBLICA,PUBLICO,DELINCUENCIA COMUN,TRAFICO INTERNO DE DROGAS (MICROTRAFICO),30,HOMBRE,MESTIZO/A,SOLTERO,ECUADOR,NINGUNA,4,0,21,NOCHE,ARMA_FUEGO
ZONA 7,LOJA,LOJA,LOJA,LOJA,-3.98486,-79.20033,URBANO,CASA/VILLA,PRIVADO,DELINCUENCIA COMUN,AMENAZA,17,HOMBRE,MESTIZO/A,SOLTERO,ECUADOR,NINGUNA,6,1,15,TARDE,OTRAS
ZONA 8,D.M. GUAYAQUIL,NUEVA PROSPERINA,GUAYAS,GUAYAQUIL,-2.12896,-79.97091,URBANO,VIA PUBLICA,PUBLICO,DELINCUENCIA COMUN,TRAFICO INTERNO DE DROGAS (MICROTRAFICO),24,HOMBRE,AFRO,SOLTERO,ECUADOR,NINGUNA,1,0,21,NOCHE,ARMA_FUEGO
ZONA 7,EL ORO,ZARUMA,EL ORO,ZARUMA,-3.69696,-79.61498,URBANO,TERRENO BALDIO,PUBLICO,DELINCUENCIA COMUN,TRAFICO INTERNO DE DROGAS (MICROTRAFICO),16,HOMBRE,MESTIZO/A,SOLTERO,ECUADOR,NINGUNA,6,1,14,TARDE,OTRAS
ZONA 7,EL ORO,MACHALA,EL ORO,MACHALA,-3.2641,-79.96379,URBANO,CENTROS DE REHABILITACION SOCIAL,PRIVADO,DELINCUENCIA COMUN,AMENAZA,37,HOMBRE,MESTIZO/A,SOLTERO,ECUADOR,NINGUNA,6,1,18,NOCHE,OTRAS
ZONA 1,ESMERALDAS,ESMERALDAS,ESMERALDAS,ESMERALDAS,0.97554,-79.65272,URBANO,VIA PUBLICA,PUBLICO,DELINCUENCIA COMUN,AMENAZA,55,HOMBRE,AFRO,SOLTERO,ECUADOR,NINGUNA,4,0,18,NOCHE,ARMA_FUEGO
ZONA 8,D.M. GUAYAQUIL,SUR - DMG,GUAYAS,GUAYAQUIL,-2.27019,-79.89002,URBANO,VIA PUBLICA,PUBLICO,DELINCUENCIA COMUN,TRAFICO INTERNO DE DROGAS (MICROTRAFICO),20,HOMBRE,MESTIZO/A,SOLTERO,ECUADOR,NINGUNA,2,0,0,MADRUGADA,OTRAS
ZONA 4,MANABI,CHONE,MANABI,CHONE,-0.68942,-80.09945,URBANO,VIA PUBLICA,PUBLICO,DELINCUENCIA COMUN,TRAFICO INTERNO DE DROGAS (MICROTRAFICO),32,HOMBRE,MESTIZO/A,SOLTERO,ECUADOR,NINGUNA,1,0,18,NOCHE,ARMA_FUEGO
ZONA 5,GUAYAS,YAGUACHI,GUAYAS,SAN JACINTO DE YAGUACHI,-2.24894,-79.64534,URBANO,VIA PUBLICA,PUBLICO,VIOLENCIA COMUNITARIA,RINAS,34,HOMBRE,MESTIZO/A,SOLTERO,ECUADOR,NINGUNA,3,0,12,TARDE,ARMA_BLANCA
ZONA 4,STO DGO DE LOS TSACHILAS,SANTO DOMINGO ESTE,STO DGO DE LOS TSACHILAS,SANTO DOMINGO,-0.21617,-79.14528,RURAL,VIA PUBLICA,PUBLICO,DELINCUENCIA COMUN,AMENAZA,30,HOMBRE,MESTIZO/A,DIVORCIADO,ECUADOR,NINGUNA,6,1,18,NOCHE,OTRAS
ZONA 2,PICHINCHA,CAYAMBE,PICHINCHA,PEDRO MONCAYO,0.04777,-78.21548,URBANO,VIA PUBLICA,PUBLICO,DELINCUENCIA COMUN,ROBO A PERSONAS,20,HOMBRE,MESTIZO/A,SOLTERO,ECUADOR,NINGUNA,4,0,4,MADRUGADA,ARMA_BLANCA
ZONA 4,STO DGO DE LOS TSACHILAS,SANTO DOMINGO ESTE,STO DGO DE LOS TSACHILAS,SANTO DOMINGO,-0.315182,-79.22721,RURAL,FINCA,PRIVADO,DELINCUENCIA COMUN,ROBO A PERSONAS,42,HOMBRE,MESTIZO/A,CASADO,ECUADOR,NINGUNA,0,0,21,NOCHE,ARMA_FUEGO
ZONA 8,D.M. GUAYAQUIL,FLORIDA,GUAYAS,GUAYAQUIL,-2.18804,-79.90763,URBANO,VIA PUBLICA,PUBLICO,DELINCUENCIA COMUN,AMENAZA,22,HOMBRE,MESTIZO/A,SOLTERO,ECUADOR,NINGUNA,0,0,22,NOCHE,ARMA_FUEGO
ZONA 5,GUAYAS,SALITRE,GUAYAS,SALITRE,-1.8269,-79.81403,RURAL,VIA PUBLICA,PUBLICO,DELINCUENCIA COMUN,ROBO A PERSONAS,62,HOMBRE,MESTIZO/A,CASADO,ECUADOR,NINGUNA,5,1,19,NOCHE,ARMA_CONTUNDENTE
ZONA 2,ORELLANA,LA JOYA DE LOS SACHAS,ORELLANA,LA JOYA DE LOS SACHAS,-0.365232,-76.78270999999998,RURAL,CASA/VILLA,PRIVADO,VIOLENCIA COMUNITARIA,RINAS,16,HOMBRE,MESTIZO/A,SOLTERO,COLOMBIA,NINGUNA,6,1,20,NOCHE,ARMA_FUEGO
ZONA 7,EL ORO,MACHALA,EL ORO,MACHALA,-3.26394,-79.96377,URBANO,CENTROS DE REHABILITACION SOCIAL,PRIVADO,DELINCUENCIA COMUN,AMENAZA,27,HOMBRE,MESTIZO/A,SOLTERO,ECUADOR,NINGUNA,1,0,21,NOCHE,OTRAS
ZONA 5,GUAYAS,NARANJITO MARCELINO MARIDUENA,GUAYAS,CORONEL MARCELINO MARIDUENA,-2.19383,-79.35937,RURAL,VIA PUBLICA,PUBLICO,DELINCUENCIA COMUN,AMENAZA,26,HOMBRE,MESTIZO/A,SOLTERO,ECUADOR,NINGUNA,1,0,6,MANANA,ARMA_BLANCA
ZONA 1,SUCUMBIOS,LAGO AGRIO,SUCUMBIOS,LAGO AGRIO,0.0591599999999999,-76.879517,RURAL,VIA PUBLICA,PUBLICO,DELINCUENCIA COMUN,AMENAZA,43,HOMBRE,MESTIZO/A,EN UNION DE HECHO,COLOMBIA,NINGUNA,4,0,8,MANANA,ARMA_FUEGO
ZONA 4,STO DGO DE LOS TSACHILAS,SANTO DOMINGO ESTE,STO DGO DE LOS TSACHILAS,SANTO DOMINGO,-0.30594,-79.18607,RURAL,CENTROS DE REHABILITACION SOCIAL,PRIVADO,DELINCUENCIA COMUN,AMENAZA,28,HOMBRE,MESTIZO/A,SOLTERO,ECUADOR,NINGUNA,2,0,16,TARDE,OTRAS
ZONA 8,D.M. GUAYAQUIL,NUEVA PROSPERINA,GUAYAS,GUAYAQUIL,-2.0778,-79.98012,URBANO,CASA/VILLA,PRIVADO,DELINCUENCIA COMUN,AMENAZA,17,HOMBRE,MESTIZO/A,SOLTERO,ECUADOR,NINGUNA,3,0,16,TARDE,ARMA_BLANCA
ZONA 6,AZUAY,PAUTE,AZUAY,PAUTE,-2.73952,-78.76599,RURAL,VIA PUBLICA,PUBLICO,DELINCUENCIA COMUN,ROBO A PERSONAS,57,HOMBRE,MESTIZO/A,CASADO,ECUADOR,NINGUNA,6,1,1,MADRUGADA,ARMA_BLANCA
ZONA 7,EL ORO,MACHALA,EL ORO,MACHALA,-3.2641,-79.96379,URBANO,CENTROS DE REHABILITACION SOCIAL,PRIVADO,DELINCUENCIA COMUN,AMENAZA,33,HOMBRE,MESTIZO/A,SOLTERO,ECUADOR,NINGUNA,6,1,18,NOCHE,OTRAS
ZONA 5,LOS RIOS,BABAHOYO,LOS RIOS,BABAHOYO,-1.91549,-79.44452,RURAL,FINCA,PRIVADO,DELINCUENCIA COMUN,ROBO A DOMICILIOS,31,HOMBRE,MESTIZO/A,SOLTERO,ECUADOR,NINGUNA,3,0,19,NOCHE,ARMA_FUEGO
ZONA 7,EL ORO,HUAQUILLAS,EL ORO,ARENILLAS,-3.56563,-80.0622,URBANO,VIA PUBLICA,PUBLICO,DELINCUENCIA COMUN,AMENAZA,18,HOMBRE,MESTIZO/A,SOLTERO,ECUADOR,NINGUNA,4,0,10,MANANA,ARMA_BLANCA
ZONA 5,GUAYAS,NARANJAL BALAO,GUAYAS,NARANJAL,-2.35164,-79.67439,RURAL,CASA/VILLA,PRIVADO,VIOLENCIA INTRAFAMILIAR,SENTIMENTAL,32,HOMBRE,MESTIZO/A,SOLTERO,ECUADOR,NINGUNA,6,1,0,MADRUGADA,ARMA_BLANCA
ZONA 3,TUNGURAHUA,PATATE,TUNGURAHUA,PATATE,-1.33503,-78.46318,RURAL,CASA/VILLA,PRIVADO,DELINCUENCIA COMUN,AMENAZA,48,HOMBRE,MESTIZO/A,SOLTERO,ECUADOR,NINGUNA,3,0,12,TARDE,ARMA_BLANCA
ZONA 1,SUCUMBIOS,SHUSHUFINDI,SUCUMBIOS,SHUSHUFINDI,-0.20147,-76.62798,URBANO,TERRENO BALDIO,PUBLICO,DELINCUENCIA COMUN,AMENAZA,30,HOMBRE,AFRO,SOLTERO,ECUADOR,NINGUNA,5,1,23,NOCHE,ARMA_BLANCA
ZONA 9,D.M. QUITO,CALDERON,PICHINCHA,QUITO,-0.07777,-78.35461,RURAL,TERRENO BALDIO,PUBLICO,DELINCUENCIA COMUN,AMENAZA,46,HOMBRE,MESTIZO/A,SOLTERO,ECUADOR,NINGUNA,6,1,18,NOCHE,OTRAS
ZONA 4,MANABI,CHONE,MANABI,CHONE,-0.04653,-79.87019,RURAL,VIA PUBLICA,PUBLICO,VIOLENCIA COMUNITARIA,LINCHAMIENTO,31,HOMBRE,MESTIZO/A,SOLTERO,ECUADOR,NINGUNA,2,0,6,MANANA,OTRAS
ZONA 5,LOS RIOS,BABAHOYO,LOS RIOS,BABAHOYO,-1.77961,-79.54125,RURAL,RIO,PUBLICO,DELINCUENCIA COMUN,AMENAZA,25,HOMBRE,MESTIZO/A,SOLTERO,ECUADOR,NINGUNA,3,0,12,TARDE,ARMA_BLANCA
ZONA 5,LOS RIOS,BUENA FE,LOS RIOS,BUENA FE,-0.89339,-79.4681,RURAL,HACIENDAS,PRIVADO,DELINCUENCIA COMUN,AMENAZA,17,HOMBRE,INDIGENA,SOLTERO,ECUADOR,FISICA,4,0,22,NOCHE,ARMA_BLANCA
ZONA 8,D.M. GUAYAQUIL,SUR - DMG,GUAYAS,GUAYAQUIL,-2.28535,-79.88577,URBANO,VIA PUBLICA,PUBLICO,DELINCUENCIA COMUN,AMENAZA,32,HOMBRE,MESTIZO/A,SOLTERO,ECUADOR,NINGUNA,2,0,7,MANANA,ARMA_BLANCA
ZONA 9,D.M. QUITO,MANUELA SAENZ,PICHINCHA,QUITO,-0.21258,-78.49785,URBANO,CASA/VILLA,PRIVADO,VIOLENCIA INTRAFAMILIAR,MALTRATO,27,HOMBRE,MESTIZO/A,SOLTERO,ECUADOR,NINGUNA,6,1,3,MADRUGADA,ARMA_BLANCA
ZONA 8,D.M. GUAYAQUIL,PASCUALES,GUAYAS,GUAYAQUIL,-2.05339,-79.94599,URBANO,FUERZAS DE SEGURIDAD PUBLICA Y DEL ESTADO,PRIVADO,DELINCUENCIA COMUN,AMENAZA,29,HOMBRE,MESTIZO/A,SOLTERO,ECUADOR,NINGUNA,5,1,7,MANANA,OTRAS
ZONA 8,D.M. GUAYAQUIL,NUEVA PROSPERINA,GUAYAS,GUAYAQUIL,-2.13388,-79.96803,URBANO,CASA/VILLA,PRIVADO,DELINCUENCIA COMUN,AMENAZA,34,HOMBRE,AFRO,SOLTERO,ECUADOR,NINGUNA,3,0,21,NOCHE,ARMA_CONTUNDENTE
ZONA 5,LOS RIOS,BUENA FE,LOS RIOS,BUENA FE,-0.5695,-79.37133,URBANO,CASA/VILLA,PRIVADO,DELINCUENCIA COMUN,AMENAZA,38,HOMBRE,AFRO,SOLTERO,ECUADOR,NINGUNA,4,0,10,MANANA,ARMA_FUEGO
ZONA 4,MANABI,MANTA,MANABI,MANTA,-0.950161712721305,-80.7263572812735,URBANO,VIA PUBLICA,PUBLICO,VIOLENCIA COMUNITARIA,RINAS,62,HOMBRE,MESTIZO/A,SOLTERO,ECUADOR,NINGUNA,6,1,14,TARDE,ARMA_FUEGO
ZONA 4,STO DGO DE LOS TSACHILAS,SANTO DOMINGO ESTE,STO DGO DE LOS TSACHILAS,SANTO DOMINGO,-0.63099,-79.28731,RURAL,VIA PUBLICA,PUBLICO,VIOLENCIA COMUNITARIA,LINCHAMIENTO,23,HOMBRE,MESTIZO/A,SOLTERO,ECUADOR,NINGUNA,0,0,8,MANANA,OTRAS
ZONA 5,LOS RIOS,BUENA FE,LOS RIOS,BUENA FE,-0.7144454,-79.4915849,RURAL,HACIENDAS,PRIVADO,DELINCUENCIA COMUN,ROBO A DOMICILIOS,38,HOMBRE,MESTIZO/A,DIVORCIADO,ECUADOR,NINGUNA,5,1,2,MADRUGADA,ARMA_FUEGO
ZONA 7,LOJA,LOJA,LOJA,LOJA,-4.02698129534702,-79.21503972262141,URBANO,CASA/VILLA,PRIVADO,VIOLENCIA COMUNITARIA,EMOCIONAL,19,MUJER,MESTIZO/A,SOLTERO,ECUADOR,NINGUNA,1,0,19,NOCHE,ARMA_CONTUNDENTE
ZONA 8,D.M. GUAYAQUIL,ESTEROS,GUAYAS,GUAYAQUIL,-2.24852,-79.90264,URBANO,CASA/VILLA,PRIVADO,DELINCUENCIA COMUN,ROBO A DOMICILIOS,71,HOMBRE,MESTIZO/A,DIVORCIADO,ECUADOR,NINGUNA,1,0,5,MADRUGADA,OTRAS
ZONA 9,D.M. QUITO,ELOY ALFARO - DMQ,PICHINCHA,QUITO,-0.281741,-78.5352457,URBANO,VIA PUBLICA,PUBLICO,VIOLENCIA INTRAFAMILIAR,SENTIMENTAL,38,MUJER,MESTIZO/A,SOLTERO,ECUADOR,NINGUNA,0,0,20,NOCHE,ARMA_FUEGO
ZONA 9,D.M. QUITO,ELOY ALFARO - DMQ,PICHINCHA,QUITO,-0.26743,-78.54451,URBANO,CASA/VILLA,PRIVADO,VIOLENCIA COMUNITARIA,RINAS,34,HOMBRE,MESTIZO/A,SOLTERO,VENEZUELA,NINGUNA,6,1,15,TARDE,ARMA_BLANCA
ZONA 6,AZUAY,CUENCA SUR,AZUAY,CUENCA,-2.89301,-79.01891,URBANO,VIA PUBLICA,PUBLICO,DELINCUENCIA COMUN,TRAFICO INTERNO DE DROGAS (MICROTRAFICO),22,HOMBRE,MESTIZO/A,SOLTERO,ECUADOR,NINGUNA,2,0,22,NOCHE,OTRAS
ZONA 1,ESMERALDAS,ESMERALDAS,ESMERALDAS,ESMERALDAS,0.91438,-79.69163,URBANO,CENTROS Y SUBCENTROS DE SALUD,PRIVADO,DELINCUENCIA COMUN,AMENAZA,46,HOMBRE,MESTIZO/A,SOLTERO,ECUADOR,NINGUNA,6,1,15,TARDE,OTRAS
ZONA 1,ESMERALDAS,ATACAMES,ESMERALDAS,ATACAMES,0.85424,-79.84903,RURAL,VIA PUBLICA,PUBLICO,DELINCUENCIA COMUN,AMENAZA,35,HOMBRE,MESTIZO/A,SOLTERO,ECUADOR,NINGUNA,2,0,19,NOCHE,OTRAS
ZONA 3,COTOPAXI,LATACUNGA,COTOPAXI,LATACUNGA,-0.74045,-78.62573,RURAL,RIO,PUBLICO,VIOLENCIA INTRAFAMILIAR,SENTIMENTAL,19,MUJER,MESTIZO/A,SOLTERO,ECUADOR,NINGUNA,5,1,23,NOCHE,OTRAS
ZONA 3,CHIMBORAZO,RIOBAMBA,CHIMBORAZO,RIOBAMBA,-1.661229,-78.64291,URBANO,CASA/VILLA,PRIVADO,DELINCUENCIA COMUN,ROBO DE MOTOS,86,HOMBRE,MESTIZO/A,VIUDO,ECUADOR,NINGUNA,5,1,12,TARDE,ARMA_CONTUNDENTE
ZONA 6,MORONA SANTIAGO,SUR - MORONA,MORONA SANTIAGO,GUALAQUIZA,-3.41989,-78.56589,RURAL,NIGHT CLUBS,PRIVADO,VIOLENCIA INTRAFAMILIAR,SENTIMENTAL,34,MUJER,MESTIZO/A,SOLTERO,ECUADOR,NINGUNA,2,0,0,MADRUGADA,OTRAS
ZONA 3,TUNGURAHUA,AMBATO NORTE,TUNGURAHUA,AMBATO,-1.23728,-78.6873,RURAL,CASA/VILLA,PRIVADO,VIOLENCIA INTRAFAMILIAR,SENTIMENTAL,38,MUJER,MESTIZO/A,DIVORCIADO,ECUADOR,NINGUNA,6,1,4,MADRUGADA,ARMA_CONTUNDENTE
ZONA 5,LOS RIOS,PUEBLO VIEJO,LOS RIOS,PUEBLOVIEJO,-1.63148557200623,-79.5801668882218,RURAL,FINCA,PRIVADO,DELINCUENCIA COMUN,AMENAZA,27,HOMBRE,MESTIZO/A,SOLTERO,ECUADOR,NINGUNA,2,0,20,NOCHE,ARMA_FUEGO
ZONA 2,PICHINCHA,CAYAMBE,PICHINCHA,CAYAMBE,0.04555,-78.14713,URBANO,VIA PUBLICA,PUBLICO,DELINCUENCIA COMUN,ROBO A PERSONAS,22,HOMBRE,MESTIZO/A,SOLTERO,ECUADOR,NINGUNA,6,1,4,MADRUGADA,ARMA_BLANCA
ZONA 2,NAPO,TENA,NAPO,TENA,-1.04574059470884,-77.77387976646419,RURAL,FINCA,PRIVADO,VIOLENCIA INTRAFAMILIAR,SENTIMENTAL,20,MUJER,MESTIZO/A,EN UNION DE HECHO,ECUADOR,NINGUNA,0,0,14,TARDE,ARMA_CONTUNDENTE
ZONA 8,D.M. GUAYAQUIL,DURAN,GUAYAS,DURAN,-2.16014,-79.84063,URBANO,VIA PUBLICA,PUBLICO,DELINCUENCIA COMUN,TRAFICO INTERNO DE DROGAS (MICROTRAFICO),24,HOMBRE,MESTIZO/A,SOLTERO,ECUADOR,NINGUNA,6,1,13,TARDE,ARMA_FUEGO
ZONA 3,PASTAZA,PASTAZA,PASTAZA,PASTAZA,-1.51939,-77.97482,RURAL,VIA PUBLICA,PUBLICO,DELINCUENCIA COMUN,AMENAZA,17,HOMBRE,MESTIZO/A,SOLTERO,ECUADOR,NINGUNA,3,0,3,MADRUGADA,ARMA_BLANCA
ZONA 7,EL ORO,HUAQUILLAS,EL ORO,HUAQUILLAS,-3.4659179,-80.23027059999998,URBANO,CASA/VILLA,PRIVADO,VIOLENCIA INTRAFAMILIAR,SENTIMENTAL,24,HOMBRE,MESTIZO/A,SOLTERO,ECUADOR,NINGUNA,2,0,11,MANANA,ARMA_FUEGO
ZONA 9,D.M. QUITO,TUMBACO,PICHINCHA,QUITO,-0.22957,-78.40203,RURAL,CASA/VILLA,PRIVADO,VIOLENCIA INTRAFAMILIAR,MALTRATO,40,HOMBRE,MESTIZO/A,CASADO,ECUADOR,NINGUNA,6,1,5,MADRUGADA,ARMA_BLANCA
ZONA 8,D.M. GUAYAQUIL,DURAN,GUAYAS,DURAN,-2.18459,-79.85412,URBANO,VIA PUBLICA,PUBLICO,DELINCUENCIA COMUN,ROBO A PERSONAS,47,HOMBRE,MESTIZO/A,CASADO,ECUADOR,NINGUNA,4,0,6,MANANA,ARMA_FUEGO
ZONA 8,D.M. GUAYAQUIL,NUEVA PROSPERINA,GUAYAS,GUAYAQUIL,-2.10936,-79.97347,URBANO,VIA PUBLICA,PUBLICO,DELINCUENCIA COMUN,AMENAZA,32,HOMBRE,MESTIZO/A,SOLTERO,ECUADOR,NINGUNA,4,0,9,MANANA,ARMA_CONTUNDENTE
ZONA 4,MANABI,MANTA,MANABI,MANTA,-0.9496,-80.70258,URBANO,TERRENO BALDIO,PUBLICO,DELINCUENCIA COMUN,AMENAZA,34,HOMBRE,MESTIZO/A,SOLTERO,ECUADOR,NINGUNA,1,0,11,MANANA,OTRAS
ZONA 1,SUCUMBIOS,LAGO AGRIO,SUCUMBIOS,LAGO AGRIO,0.08197,-76.88598,URBANO,HOSPITALES,PRIVADO,DELINCUENCIA COMUN,ROBO A DOMICILIOS,44,HOMBRE,MESTIZO/A,SOLTERO,ECUADOR,NINGUNA,3,0,20,NOCHE,ARMA_FUEGO
ZONA 1,ESMERALDAS,SAN LORENZO,ESMERALDAS,SAN LORENZO,1.28020399999999,-78.838762,URBANO,VIA PUBLICA,PUBLICO,DELINCUENCIA COMUN,AMENAZA,34,HOMBRE,MESTIZO/A,CASADO,ECUADOR,NINGUNA,5,1,14,TARDE,ARMA_FUEGO
ZONA 2,NAPO,TENA,NAPO,TENA,-0.99297,-77.80645,URBANO,CASA/VILLA,PRIVADO,DELINCUENCIA COMUN,TRAFICO INTERNO DE DROGAS (MICROTRAFICO),22,MUJER,MESTIZO/A,SOLTERO,ECUADOR,NINGUNA,2,0,11,MANANA,OTRAS
ZONA 3,TUNGURAHUA,AMBATO SUR,TUNGURAHUA,AMBATO,-1.27829,-78.62788,URBANO,CASA/VILLA,PRIVADO,DELINCUENCIA COMUN,ROBO A DOMICILIOS,58,HOMBRE,ASIATICO/A,CASADO,CHINA POPULAR,NINGUNA,5,1,16,TARDE,OTRAS
ZONA 9,D.M. QUITO,CALDERON,PICHINCHA,QUITO,-0.12481,-78.41526,URBANO,TERRENO BALDIO,PUBLICO,DELINCUENCIA COMUN,ROBO DE CARROS,47,HOMBRE,MESTIZO/A,SOLTERO,ECUADOR,NINGUNA,6,1,20,NOCHE,ARMA_BLANCA
ZONA 7,EL ORO,MACHALA,EL ORO,MACHALA,-3.27067,-79.9418,URBANO,CENTROS COMERCIALES,PRIVADO,DELINCUENCIA COMUN,TRAFICO INTERNO DE DROGAS (MICROTRAFICO),31,HOMBRE,MESTIZO/A,EN UNION DE HECHO,ECUADOR,NINGUNA,1,0,19,NOCHE,ARMA_FUEGO
ZONA 1,SUCUMBIOS,SHUSHUFINDI,SUCUMBIOS,SHUSHUFINDI,-0.17891,-76.64835,URBANO,TERRENO BALDIO,PUBLICO,DELINCUENCIA COMUN,TRAFICO INTERNO DE DROGAS (MICROTRAFICO),19,HOMBRE,MESTIZO/A,SOLTERO,ECUADOR,NINGUNA,3,0,18,NOCHE,ARMA_BLANCA
ZONA 9,D.M. QUITO,LOS CHILLOS,PICHINCHA,QUITO,-0.30154,-78.38884,URBANO,CASA/VILLA,PRIVADO,DELINCUENCIA COMUN,AMENAZA,43,HOMBRE,MESTIZO/A,SOLTERO,ECUADOR,NINGUNA,6,1,23,NOCHE,OTRAS
ZONA 7,EL ORO,PASAJE,EL ORO,EL GUABO,-3.12681,-79.7958,RURAL,RIO,PUBLICO,DELINCUENCIA COMUN,AMENAZA,34,HOMBRE,MESTIZO/A,SOLTERO,ECUADOR,NINGUNA,4,0,23,NOCHE,OTRAS
ZONA 1,ESMERALDAS,ESMERALDAS,ESMERALDAS,ESMERALDAS,0.94696,-79.65068,URBANO,CASA/VILLA,PRIVADO,DELINCUENCIA COMUN,AMENAZA,17,HOMBRE,AFRO,SOLTERO,ECUADOR,NINGUNA,5,1,20,NOCHE,ARMA_FUEGO
ZONA 8,D.M. GUAYAQUIL,NUEVA PROSPERINA,GUAYAS,GUAYAQUIL,-2.10254,-79.95503,URBANO,TERRENO BALDIO,PUBLICO,DELINCUENCIA COMUN,TRAFICO INTERNO DE DROGAS (MICROTRAFICO),28,HOMBRE,MESTIZO/A,SOLTERO,ECUADOR,NINGUNA,3,0,15,TARDE,ARMA_BLANCA
ZONA 3,COTOPAXI,LATACUNGA,COTOPAXI,LATACUNGA,-0.888870727301032,-78.6251985308627,RURAL,TERRENO BALDIO,PUBLICO,DELINCUENCIA COMUN,ROBO DE CARROS,28,HOMBRE,INDIGENA,SOLTERO,ECUADOR,NINGUNA,4,0,13,TARDE,ARMA_CONTUNDENTE
ZONA 4,STO DGO DE LOS TSACHILAS,SANTO DOMINGO OESTE,STO DGO DE LOS TSACHILAS,SANTO DOMINGO,-0.3817,-79.3739,RURAL,QUEBRADAS,PUBLICO,DELINCUENCIA COMUN,AMENAZA,61,HOMBRE,MESTIZO/A,CASADO,ECUADOR,NINGUNA,4,0,2,MADRUGADA,OTRAS
ZONA 9,D.M. QUITO,ELOY ALFARO - DMQ,PICHINCHA,QUITO,-0.269359,-78.54344899999998,URBANO,CASA/VILLA,PRIVADO,VIOLENCIA INTRAFAMILIAR,MALTRATO,4,MUJER,MESTIZO/A,SOLTERO,ECUADOR,NINGUNA,0,0,15,TARDE,ARMA_CONTUNDENTE
ZONA 1,ESMERALDAS,ATACAMES,ESMERALDAS,ATACAMES,0.8866918,-79.81286489999998,URBANO,TERRENO BALDIO,PUBLICO,DELINCUENCIA COMUN,ROBO DE CARROS,59,HOMBRE,MESTIZO/A,CASADO,ECUADOR,NINGUNA,2,0,12,TARDE,ARMA_CONTUNDENTE
ZONA 4,MANABI,MANTA,MANABI,MONTECRISTI,-1.10807,-80.58358,RURAL,VIA PUBLICA,PUBLICO,DELINCUENCIA COMUN,AMENAZA,41,MUJER,MESTIZO/A,SOLTERO,ECUADOR,NINGUNA,1,0,3,MADRUGADA,ARMA_FUEGO
ZONA 5,GUAYAS,BALZAR,GUAYAS,BALZAR,-1.34465,-80.07321,RURAL,VIA PUBLICA,PUBLICO,DELINCUENCIA COMUN,AMENAZA,19,HOMBRE,MESTIZO/A,SOLTERO,ECUADOR,NINGUNA,4,0,16,TARDE,OTRAS
ZONA 5,LOS RIOS,PUEBLO VIEJO,LOS RIOS,URDANETA,-1.58677,-79.39811,RURAL,FINCA,PRIVADO,DELINCUENCIA COMUN,AMENAZA,33,HOMBRE,MESTIZO/A,SOLTERO,ECUADOR,NINGUNA,2,0,14,TARDE,OTRAS
ZONA 2,PICHINCHA,NOROCCIDENTE,PICHINCHA,PEDRO VICENTE MALDONADO,0.088,-79.05418,URBANO,VIA PUBLICA,PUBLICO,DELINCUENCIA COMUN,ROBO A PERSONAS,81,HOMBRE,MESTIZO/A,CASADO,ECUADOR,NINGUNA,5,1,0,MADRUGADA,ARMA_BLANCA
ZONA 5,LOS RIOS,PUEBLOVIEJO,LOS RIOS,URDANETA,-1.58956,-79.42222,RURAL,CASA/VILLA,PRIVADO,DELINCUENCIA COMUN,AMENAZA,35,HOMBRE,MESTIZO/A,CASADO,ECUADOR,NINGUNA,6,1,4,MADRUGADA,ARMA_FUEGO
ZONA 3,COTOPAXI,LATACUNGA,COTOPAXI,LATACUNGA,-0.92819,-78.62869,URBANO,VIA PUBLICA,PUBLICO,DELINCUENCIA COMUN,AMENAZA,46,HOMBRE,MESTIZO/A,CASADO,ECUADOR,NINGUNA,0,0,13,TARDE,ARMA_FUEGO
ZONA 5,BOLIVAR,SUBTROPICO,BOLIVAR,LAS NAVES,-1.2838,-79.31362,URBANO,CASA/VILLA,PRIVADO,VIOLENCIA COMUNITARIA,RINAS,44,HOMBRE,MESTIZO/A,SOLTERO,ECUADOR,NINGUNA,6,1,17,TARDE,ARMA_BLANCA
ZONA 8,D.M. GUAYAQUIL,NUEVA PROSPERINA,GUAYAS,GUAYAQUIL,-2.11838219340888,-79.98827598989011,URBANO,TERRENO BALDIO,PUBLICO,DELINCUENCIA COMUN,AMENAZA,31,MUJER,MESTIZO/A,SOLTERO,ECUADOR,NINGUNA,0,0,19,NOCHE,ARMA_CONTUNDENTE
ZONA 5,BOLIVAR,GUARANDA,BOLIVAR,GUARANDA,-1.4619,-79.03669,RURAL,VIA PUBLICA,PUBLICO,VIOLENCIA INTRAFAMILIAR,MALTRATO,2,MUJER,MESTIZO/A,SOLTERO,ECUADOR,NINGUNA,5,1,12,TARDE,ARMA_CONTUNDENTE
ZONA 7,EL ORO,MACHALA,EL ORO,MACHALA,-3.26374,-79.96388,URBANO,CENTROS DE REHABILITACION SOCIAL,PRIVADO,DELINCUENCIA COMUN,TRAFICO INTERNO DE DROGAS (MICROTRAFICO),38,HOMBRE,MESTIZO/A,SOLTERO,ECUADOR,NINGUNA,0,0,7,MANANA,OTRAS
ZONA 8,D.M. GUAYAQUIL,NUEVA PROSPERINA,GUAYAS,GUAYAQUIL,-2.06522,-79.97726,URBANO,VIA PUBLICA,PUBLICO,DELINCUENCIA COMUN,TRAFICO INTERNOS DE DROGAS (MICROTRAFICO),29,HOMBRE,MESTIZO/A,SOLTERO,ECUADOR,NINGUNA,5,1,11,MANANA,ARMA_FUEGO
ZONA 3,PASTAZA,PASTAZA,PASTAZA,PASTAZA,-1.50213,-78.00347,URBANO,HOSPITALES,PRIVADO,VIOLENCIA COMUNITARIA,RINAS,19,HOMBRE,MESTIZO/A,SOLTERO,COLOMBIA,NINGUNA,0,0,5,MADRUGADA,ARMA_BLANCA
ZONA 5,LOS RIOS,BUENA FE,LOS RIOS,VALENCIA,-0.95288,-79.35638,URBANO,VIA PUBLICA,PUBLICO,DELINCUENCIA COMUN,AMENAZA,19,HOMBRE,MESTIZO/A,SOLTERO,ECUADOR,NINGUNA,3,0,15,TARDE,ARMA_FUEGO
ZONA 8,D.M. GUAYAQUIL,FLORIDA,GUAYAS,GUAYAQUIL,-2.18504,-79.92809,URBANO,CASA/VILLA,PRIVADO,VIOLENCIA INTRAFAMILIAR,SENTIMENTAL,44,MUJER,MESTIZO/A,SOLTERO,ECUADOR,NINGUNA,4,0,16,TARDE,ARMA_CONTUNDENTE
ZONA 4,MANABI,PORTOVIEJO,MANABI,PORTOVIEJO,-0.98097,-80.423928,RURAL,FINCA,PRIVADO,VIOLENCIA INTRAFAMILIAR,LITIGIO DE BIENES,53,HOMBRE,MESTIZO/A,SOLTERO,ECUADOR,NINGUNA,6,1,20,NOCHE,ARMA_CONTUNDENTE
ZONA 1,ESMERALDAS,SAN LORENZO,ESMERALDAS,SAN LORENZO,1.28712,-78.83538,URBANO,VIA PUBLICA,PUBLICO,DELINCUENCIA COMUN,AMENAZA,28,HOMBRE,MESTIZO/A,SOLTERO,ECUADOR,NINGUNA,6,1,2,MADRUGADA,ARMA_FUEGO
ZONA 6,CANAR,LA TRONCAL,CANAR,LA TRONCAL,-2.39173,-79.29498,RURAL,TERRENO BALDIO,PUBLICO,DELINCUENCIA COMUN,ROBO A PERSONAS,46,MUJER,MESTIZO/A,SOLTERO,ECUADOR,NINGUNA,6,1,4,MADRUGADA,ARMA_CONTUNDENTE
ZONA 6,CANAR,LA TRONCAL,CANAR,LA TRONCAL,-2.46555,-79.30954,URBANO,VIA PUBLICA,PUBLICO,DELINCUENCIA COMUN,TRAFICO INTERNO DE DROGAS (MICROTRAFICO),22,MUJER,MESTIZO/A,SOLTERO,ECUADOR,NINGUNA,2,0,3,MADRUGADA,ARMA_CONTUNDENTE
ZONA 8,D.M. GUAYAQUIL,NUEVA PROSPERINA,GUAYAS,GUAYAQUIL,-2.10417,-79.95951,URBANO,VIA PUBLICA,PUBLICO,DELINCUENCIA COMUN,AMENAZA,29,HOMBRE,MESTIZO/A,SOLTERO,ECUADOR,NINGUNA,3,0,6,MANANA,ARMA_BLANCA
ZONA 2,PICHINCHA,NOROCCIDENTE,PICHINCHA,PUERTO QUITO,0.26802,-79.19258,RURAL,TERRENO BALDIO,PUBLICO,DELINCUENCIA COMUN,AMENAZA,33,HOMBRE,MESTIZO/A,SOLTERO,ECUADOR,NINGUNA,0,0,10,MANANA,ARMA_BLANCA
ZONA 9,D.M. QUITO,LOS CHILLOS,PICHINCHA,QUITO,-0.388965,-78.46926999999998,RURAL,HACIENDAS,PRIVADO,DELINCUENCIA COMUN,ROBO DE CARROS,71,HOMBRE,MESTIZO/A,CASADO,ECUADOR,NINGUNA,3,0,20,NOCHE,ARMA_CONTUNDENTE
ZONA 8,D.M. GUAYAQUIL,PASCUALES,GUAYAS,GUAYAQUIL,-2.01747,-79.98199,URBANO,VIA PUBLICA,PUBLICO,DELINCUENCIA COMUN,AMENAZA,16,HOMBRE,AFRO,SOLTERO,ECUADOR,NINGUNA,1,0,3,MADRUGADA,OTRAS
ZONA 8,D.M. GUAYAQUIL,NUEVA PROSPERINA,GUAYAS,GUAYAQUIL,-2.08821,-79.95939,URBANO,CASA/VILLA,PRIVADO,VIOLENCIA INTRAFAMILIAR,SENTIMENTAL,33,MUJER,MESTIZO/A,CASADO,ECUADOR,NINGUNA,0,0,10,MANANA,ARMA_BLANCA
ZONA 5,GUAYAS,EMPALME,GUAYAS,EL EMPALME,-1.05148,-79.62765,URBANO,CASA/VILLA,PRIVADO,DELINCUENCIA COMUN,AMENAZA,22,HOMBRE,MESTIZO/A,SOLTERO,ECUADOR,NINGUNA,2,0,20,NOCHE,ARMA_FUEGO
ZONA 1,IMBABURA,VALLE DEL AMANECER,IMBABURA,OTAVALO,0.2606812070918599,-78.20642137579851,RURAL,CASA/VILLA,PRIVADO,DELINCUENCIA COMUN,ROBO A DOMICILIOS,74,HOMBRE,INDIGENA,DIVORCIADO,ECUADOR,NINGUNA,0,0,15,TARDE,ARMA_CONTUNDENTE
ZONA 4,MANABI,MANTA,MANABI,MANTA,-0.95445,-80.7192,URBANO,VIA PUBLICA,PUBLICO,DELINCUENCIA COMUN,TRAFICO INTERNO DE DROGAS (MICROTRAFICO),26,HOMBRE,MESTIZO/A,SOLTERO,ECUADOR,NINGUNA,2,0,15,TARDE,ARMA_FUEGO
ZONA 5,GUAYAS,PEDRO CARBO,GUAYAS,PEDRO CARBO,-1.7166,-80.17654,RURAL,VIA PUBLICA,PUBLICO,DELINCUENCIA COMUN,AMENAZA,18,HOMBRE,MESTIZO/A,SOLTERO,ECUADOR,NINGUNA,0,0,0,MADRUGADA,ARMA_FUEGO
ZONA 2,ORELLANA,LA JOYA DE LOS SACHAS,ORELLANA,LA JOYA DE LOS SACHAS,-0.44844,-76.67476,RURAL,RIO,PUBLICO,VIOLENCIA COMUNITARIA,RINAS,42,HOMBRE,MESTIZO/A,SOLTERO,ECUADOR,NINGUNA,2,0,21,NOCHE,OTRAS
ZONA 8,D.M. GUAYAQUIL,SUR - DMG,GUAYAS,GUAYAQUIL,-2.27375,-79.87682,URBANO,VIA PUBLICA,PUBLICO,DELINCUENCIA COMUN,AMENAZA,35,HOMBRE,MESTIZO/A,SOLTERO,ECUADOR,NINGUNA,3,0,0,MADRUGADA,ARMA_BLANCA
ZONA 5,LOS RIOS,PUEBLO VIEJO,LOS RIOS,URDANETA,-1.55271,-79.46899,URBANO,VIA PUBLICA,PUBLICO,DELINCUENCIA COMUN,AMENAZA,29,HOMBRE,MESTIZO/A,SOLTERO,ECUADOR,NINGUNA,6,1,6,MANANA,ARMA_FUEGO
ZONA 8,D.M. GUAYAQUIL,NUEVA PROSPERINA,GUAYAS,GUAYAQUIL,-2.11478,-79.96897,URBANO,VIA PUBLICA,PUBLICO,DELINCUENCIA COMUN,TRAFICO INTERNO DE DROGAS (MICROTRAFICO),23,HOMBRE,MESTIZO/A,SOLTERO,ECUADOR,NINGUNA,0,0,14,TARDE,ARMA_BLANCA
ZONA 6,AZUAY,GIRON,AZUAY,SANTA ISABEL,-3.27822,-79.31496,URBANO,HOSPITALES,PRIVADO,VIOLENCIA COMUNITARIA,ACTOS DE ODIO,86,HOMBRE,MESTIZO/A,CASADO,ECUADOR,NINGUNA,6,1,3,MADRUGADA,ARMA_CONTUNDENTE
ZONA 5,LOS RIOS,VENTANAS,LOS RIOS,QUINSALOMA,-1.2048,-79.31211,URBANO,VIA PUBLICA,PUBLICO,DELINCUENCIA COMUN,ROBO A PERSONAS,33,HOMBRE,MESTIZO/A,SOLTERO,ECUADOR,NINGUNA,5,1,20,NOCHE,ARMA_FUEGO
ZONA 5,LOS RIOS,BUENA FE,LOS RIOS,BUENA FE,-0.57251,-79.36067,RURAL,RIO,PUBLICO,DELINCUENCIA COMUN,AMENAZA,29,HOMBRE,MESTIZO/A,SOLTERO,ECUADOR,NINGUNA,4,0,14,TARDE,ARMA_BLANCA
ZONA 7,EL ORO,PASAJE,EL ORO,PASAJE,-3.3382,-79.82727,RURAL,FINCA,PRIVADO,DELINCUENCIA COMUN,TRAFICO INTERNO DE DROGAS (MICROTRAFICO),17,HOMBRE,MESTIZO/A,SOLTERO,ECUADOR,NINGUNA,6,1,15,TARDE,ARMA_BLANCA
ZONA 8,D.M. GUAYAQUIL,PASCUALES,GUAYAS,GUAYAQUIL,-2.08635,-79.93166,URBANO,CASA/VILLA,PRIVADO,VIOLENCIA COMUNITARIA,RINAS,34,HOMBRE,MESTIZO/A,SOLTERO,ECUADOR,NINGUNA,4,0,4,MADRUGADA,ARMA_BLANCA
ZONA 7,EL ORO,HUAQUILLAS,EL ORO,HUAQUILLAS,-3.47678832081514,-80.2105842521816,URBANO,VIA PUBLICA,PUBLICO,DELINCUENCIA COMUN,AMENAZA,31,HOMBRE,AFRO,SOLTERO,ECUADOR,NINGUNA,5,1,1,MADRUGADA,ARMA_FUEGO
ZONA 8,D.M. GUAYAQUIL,SUR - DMG,GUAYAS,GUAYAQUIL,-2.26974,-79.90073,URBANO,VIA PUBLICA,PUBLICO,DELINCUENCIA COMUN,AMENAZA,33,HOMBRE,MESTIZO/A,SOLTERO,ECUADOR,NINGUNA,0,0,5,MADRUGADA,ARMA_BLANCA
ZONA 4,MANABI,MANTA,MANABI,MONTECRISTI,-1.04576,-80.65889,URBANO,NIGHT CLUBS,PRIVADO,DELINCUENCIA COMUN,AMENAZA,46,HOMBRE,MESTIZO/A,SOLTERO,ECUADOR,NINGUNA,6,1,1,MADRUGADA,ARMA_FUEGO
ZONA 4,STO DGO DE LOS TSACHILAS,SANTO DOMINGO OESTE,STO DGO DE LOS TSACHILAS,SANTO DOMINGO,-0.2443,-79.3465,URBANO,VIA PUBLICA,PUBLICO,VIOLENCIA COMUNITARIA,LINCHAMIENTO,26,HOMBRE,MESTIZO/A,SOLTERO,ECUADOR,NINGUNA,1,0,3,MADRUGADA,ARMA_CONTUNDENTE
ZONA 7,LOJA,CATAMAYO,LOJA,CHAGUARPAMBA,-3.75945,-79.62932,URBANO,VIA PUBLICA,PUBLICO,DELINCUENCIA COMUN,AMENAZA,39,HOMBRE,MESTIZO/A,SOLTERO,ECUADOR,NINGUNA,5,1,19,NOCHE,ARMA_BLANCA
ZONA 4,MANABI,CHONE,MANABI,CHONE,-0.04653,-79.87019,RURAL,VIA PUBLICA,PUBLICO,VIOLENCIA COMUNITARIA,LINCHAMIENTO,42,HOMBRE,MESTIZO/A,SOLTERO,ECUADOR,NINGUNA,2,0,6,MANANA,OTRAS
ZONA 8,D.M. GUAYAQUIL,PROGRESO,GUAYAS,GUAYAQUIL,-2.70901,-80.24041,URBANO,MAR,PUBLICO,DELINCUENCIA COMUN,SECUESTRO EXPRESS,32,HOMBRE,MESTIZO/A,SOLTERO,ECUADOR,NINGUNA,0,0,1,MADRUGADA,OTRAS
ZONA 3,COTOPAXI,LATACUNGA,COTOPAXI,LATACUNGA,-0.93308,-78.61712,URBANO,PARQUEADEROS,PUBLICO,VIOLENCIA INTRAFAMILIAR,SENTIMENTAL,62,HOMBRE,MESTIZO/A,DIVORCIADO,ECUADOR,NINGUNA,6,1,1,MADRUGADA,ARMA_BLANCA
ZONA 2,PICHINCHA,RUMINAHUI - MEJIA,PICHINCHA,MEJIA,-0.33395,-78.87816,RURAL,VIA PUBLICA,PUBLICO,VIOLENCIA INTRAFAMILIAR,SENTIMENTAL,23,MUJER,MESTIZO/A,SOLTERO,ECUADOR,NINGUNA,6,1,22,NOCHE,ARMA_BLANCA
ZONA 6,MORONA SANTIAGO,CENTRO SUR,MORONA SANTIAGO,SUCUA,-2.46014,-78.17201,URBANO,VIA PUBLICA,PUBLICO,VIOLENCIA COMUNITARIA,RINAS,24,HOMBRE,MESTIZO/A,SOLTERO,ECUADOR,NINGUNA,6,1,0,MADRUGADA,ARMA_BLANCA
ZONA 4,MANABI,MANTA,MANABI,MANTA,-0.992739,-80.707176,URBANO,VIA PUBLICA,PUBLICO,TRANSNACIONAL,TRAFICO INTERNACIONAL DE DROGA,33,HOMBRE,MESTIZO/A,CASADO,ECUADOR,NINGUNA,2,0,7,MANANA,ARMA_FUEGO
ZONA 9,D.M. QUITO,CALDERON,PICHINCHA,QUITO,-0.07708,-78.44465,URBANO,VIA PUBLICA,PUBLICO,DELINCUENCIA COMUN,ROBO A PERSONAS,40,HOMBRE,MESTIZO/A,CASADO,ECUADOR,NINGUNA,1,0,5,MADRUGADA,ARMA_BLANCA
ZONA 2,ORELLANA,LA JOYA DE LOS SACHAS,ORELLANA,LA JOYA DE LOS SACHAS,-0.2283449999999989,-76.835391,RURAL,SERVICIOS PUBLICOS,PRIVADO,VIOLENCIA COMUNITARIA,EMOCIONAL,25,HOMBRE,MESTIZO/A,SOLTERO,ECUADOR,NINGUNA,1,0,16,TARDE,ARMA_FUEGO
ZONA 8,D.M. GUAYAQUIL,NUEVA PROSPERINA,GUAYAS,GUAYAQUIL,-2.11017,-79.95795,URBANO,CASA/VILLA,PRIVADO,PSICOPATOLOGIAS,TRASTORNOS MENTALES,39,MUJER,MESTIZO/A,SOLTERO,ECUADOR,NINGUNA,2,0,7,MANANA,ARMA_CONTUNDENTE
ZONA 6,AZUAY,CUENCA NORTE,AZUAY,CUENCA,-2.88412,-78.94891,URBANO,VIA PUBLICA,PUBLICO,DELINCUENCIA COMUN,TRAFICO INTERNO DE DROGAS (MICROTRAFICO),32,HOMBRE,MESTIZO/A,SOLTERO,ECUADOR,NINGUNA,3,0,23,NOCHE,OTRAS
ZONA 8,D.M. GUAYAQUIL,SUR - DMG,GUAYAS,GUAYAQUIL,-2.26161197669267,-79.8754272053702,URBANO,VIA PUBLICA,PUBLICO,VIOLENCIA COMUNITARIA,RINAS,18,HOMBRE,MESTIZO/A,SOLTERO,ECUADOR,NINGUNA,2,0,10,MANANA,ARMA_FUEGO
ZONA 8,D.M. GUAYAQUIL,PROGRESO,GUAYAS,GUAYAQUIL,-2.19541,-80.10037,URBANO,LAGUNA - LAGO,PUBLICO,DELINCUENCIA COMUN,AMENAZA,22,HOMBRE,MESTIZO/A,SOLTERO,ECUADOR,NINGUNA,6,1,20,NOCHE,OTRAS
ZONA 8,D.M. GUAYAQUIL,DURAN,GUAYAS,DURAN,-2.13808,-79.83768,URBANO,TERRENO BALDIO,PUBLICO,DELINCUENCIA COMUN,AMENAZA,21,HOMBRE,MESTIZO/A,SOLTERO,ECUADOR,NINGUNA,5,1,13,TARDE,OTRAS
ZONA 7,LOJA,LOJA,LOJA,LOJA,-4.00436,-79.19314,URBANO,CENTROS DE REHABILITACION SOCIAL,PRIVADO,DELINCUENCIA COMUN,AMENAZA,30,HOMBRE,MESTIZO/A,SOLTERO,ECUADOR,NINGUNA,6,1,0,MADRUGADA,OTRAS
ZONA 6,CANAR,LA TRONCAL,CANAR,LA TRONCAL,-2.34938,-79.31205,RURAL,MAR,PUBLICO,DELINCUENCIA COMUN,TRAFICO INTERNO DE DROGAS (MICROTRAFICO),24,HOMBRE,MESTIZO/A,SOLTERO,VENEZUELA,NINGUNA,6,1,12,TARDE,ARMA_CONTUNDENTE
ZONA 3,COTOPAXI,LATACUNGA,COTOPAXI,LATACUNGA,-0.9431,-78.61453,URBANO,RIO,PUBLICO,DELINCUENCIA COMUN,ROBO A PERSONAS,67,HOMBRE,MESTIZO/A,DIVORCIADO,ECUADOR,NINGUNA,4,0,10,MANANA,ARMA_BLANCA
ZONA 3,COTOPAXI,LATACUNGA,COTOPAXI,LATACUNGA,-0.929417,-78.614215,URBANO,CASA/VILLA,PRIVADO,VIOLENCIA INTRAFAMILIAR,SENTIMENTAL,34,MUJER,AFRO,SOLTERO,ECUADOR,NINGUNA,5,1,0,MADRUGADA,ARMA_FUEGO
ZONA 4,MANABI,EL CARMEN,MANABI,EL CARMEN,-0.27825,-79.46667,URBANO,VIA PUBLICA,PUBLICO,VIOLENCIA COMUNITARIA,RINAS,29,HOMBRE,MESTIZO/A,SOLTERO,ECUADOR,NINGUNA,5,1,4,MADRUGADA,ARMA_CONTUNDENTE
ZONA 8,D.M. GUAYAQUIL,PASCUALES,GUAYAS,GUAYAQUIL,-2.05309,-79.9436,URBANO,CENTROS DE REHABILITACION SOCIAL,PRIVADO,DELINCUENCIA COMUN,AMENAZA,32,HOMBRE,MESTIZO/A,SOLTERO,ECUADOR,NINGUNA,1,0,2,MADRUGADA,OTRAS
ZONA 5,GUAYAS,MILAGRO,GUAYAS,MILAGRO,-2.12944699999999,-79.572747,URBANO,RIO,PUBLICO,VIOLENCIA COMUNITARIA,RINAS,18,HOMBRE,MESTIZO/A,SOLTERO,ECUADOR,NINGUNA,2,0,15,TARDE,ARMA_FUEGO
ZONA 7,LOJA,SABANILLA,LOJA,PUYANGO,-3.97576254691268,-79.9389219295699,URBANO,VIA PUBLICA,PUBLICO,VIOLENCIA COMUNITARIA,RINAS,43,HOMBRE,MESTIZO/A,CASADO,ECUADOR,NINGUNA,6,1,16,TARDE,ARMA_CONTUNDENTE
ZONA 5,LOS RIOS,BABAHOYO,LOS RIOS,BABA,-1.63918,-79.58386,RURAL,VIA PUBLICA,PUBLICO,DELINCUENCIA COMUN,AMENAZA,32,HOMBRE,MESTIZO/A,SOLTERO,ECUADOR,NINGUNA,3,0,15,TARDE,OTRAS
ZONA 7,EL ORO,MACHALA,EL ORO,MACHALA,-3.25858,-79.97931,URBANO,VIA PUBLICA,PUBLICO,DELINCUENCIA COMUN,TRAFICO INTERNO DE DROGAS (MICROTRAFICO),55,HOMBRE,MESTIZO/A,SOLTERO,ECUADOR,NINGUNA,4,0,10,MANANA,ARMA_BLANCA
ZONA 8,D.M. GUAYAQUIL,DURAN,GUAYAS,DURAN,-2.14877,-79.82934,URBANO,CASA/VILLA,PRIVADO,VIOLENCIA COMUNITARIA,RINAS,35,HOMBRE,MESTIZO/A,SOLTERO,ECUADOR,NINGUNA,6,1,20,NOCHE,ARMA_FUEGO
ZONA 1,ESMERALDAS,ESMERALDAS,ESMERALDAS,ESMERALDAS,0.89521,-79.71929,URBANO,FINCA,PRIVADO,DELINCUENCIA COMUN,AMENAZA,53,HOMBRE,AFRO,CASADO,ECUADOR,NINGUNA,4,0,0,MADRUGADA,ARMA_BLANCA
ZONA 1,IMBABURA,CIUDAD BLANCA,IMBABURA,SAN MIGUEL DE URCUQUI,0.41169,-78.21875,RURAL,VIA PUBLICA,PUBLICO,DELINCUENCIA COMUN,AMENAZA,22,HOMBRE,MESTIZO/A,SOLTERO,ECUADOR,NINGUNA,6,1,2,MADRUGADA,ARMA_CONTUNDENTE
ZONA 3,COTOPAXI,DANSANTE,COTOPAXI,PUJILI,-0.91839,-79.17078,RURAL,RIO,PUBLICO,VIOLENCIA COMUNITARIA,ACTOS DE ODIO,13,MUJER,MESTIZO/A,SOLTERO,ECUADOR,NINGUNA,5,1,7,MANANA,ARMA_CONTUNDENTE
ZONA 7,EL ORO,PASAJE,EL ORO,PASAJE,-3.3259044,-79.80566609999998,RURAL,VIA PUBLICA,PUBLICO,DELINCUENCIA COMUN,AMENAZA,41,HOMBRE,MESTIZO/A,SOLTERO,ECUADOR,NINGUNA,6,1,19,NOCHE,ARMA_CONTUNDENTE
ZONA 9,D.M. QUITO,ELOY ALFARO - DMQ,PICHINCHA,QUITO,-0.25876,-78.50949,URBANO,CASA/VILLA,PRIVADO,VIOLENCIA COMUNITARIA,RINAS,36,HOMBRE,MESTIZO/A,SOLTERO,ECUADOR,NINGUNA,0,0,16,TARDE,ARMA_BLANCA
ZONA 7,EL ORO,MACHALA,EL ORO,MACHALA,-3.37619921535475,-79.96131241321558,URBANO,VIA PUBLICA,PUBLICO,DELINCUENCIA COMUN,ROBO A UNIDADES ECONOMICAS,34,HOMBRE,MESTIZO/A,SOLTERO,ECUADOR,NINGUNA,0,0,19,NOCHE,ARMA_FUEGO
ZONA 4,MANABI,ROCAFUERTE,MANABI,TOSAGUA,-0.81819,-80.20503,URBANO,VIA PUBLICA,PUBLICO,DELINCUENCIA COMUN,AMENAZA,52,HOMBRE,MESTIZO/A,DIVORCIADO,ECUADOR,NINGUNA,4,0,18,NOCHE,OTRAS
ZONA 1,ESMERALDAS,SAN LORENZO,ESMERALDAS,SAN LORENZO,0.86452,-78.45374,RURAL,CASA/VILLA,PRIVADO,DELINCUENCIA COMUN,ROBO A DOMICILIOS,84,HOMBRE,MESTIZO/A,CASADO,ECUADOR,NINGUNA,1,0,7,MANANA,ARMA_CONTUNDENTE
ZONA 8,D.M. GUAYAQUIL,NUEVA PROSPERINA,GUAYAS,GUAYAQUIL,-2.12248,-79.97766,URBANO,TERRENO BALDIO,PUBLICO,DELINCUENCIA COMUN,AMENAZA,27,HOMBRE,MESTIZO/A,SOLTERO,ECUADOR,NINGUNA,6,1,15,TARDE,OTRAS
ZONA 4,MANABI,MANTA,MANABI,MONTECRISTI,-1.00118,-80.71277,URBANO,VIA PUBLICA,PUBLICO,DELINCUENCIA COMUN,AMENAZA,31,HOMBRE,MESTIZO/A,SOLTERO,ECUADOR,NINGUNA,5,1,12,TARDE,OTRAS
ZONA 5,GUAYAS,PLAYAS,GUAYAS,PLAYAS,-2.63668,-80.3593,URBANO,VIA PUBLICA,PUBLICO,DELINCUENCIA COMUN,AMENAZA,20,HOMBRE,MESTIZO/A,SOLTERO,ECUADOR,NINGUNA,2,0,15,TARDE,ARMA_BLANCA
ZONA 8,D.M. GUAYAQUIL,FLORIDA,GUAYAS,GUAYAQUIL,-2.12739,-79.93546,URBANO,CASA/VILLA,PRIVADO,VIOLENCIA COMUNITARIA,RINAS,35,HOMBRE,MESTIZO/A,SOLTERO,ECUADOR,NINGUNA,4,0,16,TARDE,ARMA_CONTUNDENTE
ZONA 5,GUAYAS,MILAGRO,GUAYAS,MILAGRO,-2.14902,-79.46267,RURAL,FINCA,PRIVADO,DELINCUENCIA COMUN,AMENAZA,22,HOMBRE,MESTIZO/A,SOLTERO,ECUADOR,NINGUNA,6,1,16,TARDE,ARMA_FUEGO
ZONA 1,ESMERALDAS,SAN LORENZO,ESMERALDAS,SAN LORENZO,1.25766223548336,-78.88504054221188,RURAL,RIO,PUBLICO,DELINCUENCIA COMUN,AMENAZA,32,HOMBRE,MESTIZO/A,SOLTERO,OTROS,NINGUNA,2,0,11,MANANA,ARMA_FUEGO
ZONA 8,D.M. GUAYAQUIL,PASCUALES,GUAYAS,GUAYAQUIL,-2.068651,-79.93551499999998,URBANO,VIA PUBLICA,PUBLICO,DELINCUENCIA COMUN,ROBO A PERSONAS,33,HOMBRE,MESTIZO/A,SOLTERO,ECUADOR,NINGUNA,6,1,17,TARDE,ARMA_CONTUNDENTE
ZONA 7,EL ORO,SANTA ROSA,EL ORO,SANTA ROSA,-3.58570799999999,-79.844988,URBANO,CASA/VILLA,PRIVADO,DELINCUENCIA COMUN,ROBO A DOMICILIOS,14,HOMBRE,MESTIZO/A,SOLTERO,ECUADOR,NINGUNA,5,1,13,TARDE,ARMA_CONTUNDENTE
ZONA 4,STO DGO DE LOS TSACHILAS,SANTO DOMINGO OESTE,STO DGO DE LOS TSACHILAS,SANTO DOMINGO,-0.07541,-79.31462,RURAL,VIA PUBLICA,PUBLICO,VIOLENCIA COMUNITARIA,LINCHAMIENTO,26,HOMBRE,AFRO,SOLTERO,ECUADOR,NINGUNA,6,1,17,TARDE,ARMA_CONTUNDENTE
ZONA 8,D.M. GUAYAQUIL,DURAN,GUAYAS,DURAN,-2.16014,-79.84063,URBANO,VIA PUBLICA,PUBLICO,DELINCUENCIA COMUN,TRAFICO INTERNO DE DROGAS (MICROTRAFICO),26,HOMBRE,MESTIZO/A,SOLTERO,ECUADOR,NINGUNA,6,1,13,TARDE,ARMA_FUEGO
ZONA 6,CANAR,LA TRONCAL,CANAR,LA TRONCAL,-2.35895,-79.388,RURAL,FINCA,PRIVADO,DELINCUENCIA COMUN,TRAFICO INTERNO DE DROGAS (MICROTRAFICO),46,HOMBRE,MESTIZO/A,SOLTERO,ECUADOR,NINGUNA,1,0,14,TARDE,OTRAS
ZONA 4,MANABI,24 DE MAYO,MANABI,SANTA ANA,-1.20932,-80.35622,URBANO,PRESIDENCIA,PRIVADO,VIOLENCIA COMUNITARIA,RINAS,57,HOMBRE,MESTIZO/A,CASADO,ECUADOR,NINGUNA,2,0,23,NOCHE,ARMA_BLANCA
ZONA 7,LOJA,LOJA,LOJA,LOJA,-4.00451,-79.19315,URBANO,CENTROS DE REHABILITACION SOCIAL,PRIVADO,DELINCUENCIA COMUN,AMENAZA,23,HOMBRE,MESTIZO/A,SOLTERO,ECUADOR,NINGUNA,1,0,12,TARDE,OTRAS
ZONA 8,D.M. GUAYAQUIL,SUR - DMG,GUAYAS,GUAYAQUIL,-2.2701155,-79.8883978,URBANO,VIA PUBLICA,PUBLICO,DELINCUENCIA COMUN,TRAFICO INTERNO DE DROGAS (MICROTRAFICO),22,HOMBRE,MESTIZO/A,CASADO,ECUADOR,NINGUNA,2,0,2,MADRUGADA,ARMA_FUEGO
ZONA 8,D.M. GUAYAQUIL,NUEVA PROSPERINA,GUAYAS,GUAYAQUIL,-2.098792,-79.95426999999998,URBANO,VIA PUBLICA,PUBLICO,VIOLENCIA COMUNITARIA,RINAS,26,HOMBRE,AFRO,SOLTERO,ECUADOR,NINGUNA,6,1,21,NOCHE,ARMA_FUEGO
ZONA 1,ESMERALDAS,ESMERALDAS,ESMERALDAS,ESMERALDAS,0.77763,-79.60049,URBANO,FINCA,PRIVADO,DELINCUENCIA COMUN,AMENAZA,29,HOMBRE,MESTIZO/A,SOLTERO,ECUADOR,NINGUNA,1,0,10,MANANA,ARMA_FUEGO
ZONA 8,D.M. GUAYAQUIL,MODELO,GUAYAS,GUAYAQUIL,-2.18013,-79.89731,URBANO,VIA PUBLICA,PUBLICO,DELINCUENCIA COMUN,ROBO A PERSONAS,24,HOMBRE,MESTIZO/A,SOLTERO,ECUADOR,FISICA,4,0,17,TARDE,OTRAS
ZONA 2,ORELLANA,ORELLANA LORETO,ORELLANA,FRANCISCO DE ORELLANA,-0.38735,-77.08772,RURAL,HACIENDAS,PRIVADO,DELINCUENCIA COMUN,ROBO DE MOTOS,32,HOMBRE,MESTIZO/A,SOLTERO,ECUADOR,NINGUNA,2,0,21,NOCHE,OTRAS
ZONA 5,LOS RIOS,QUEVEDO,LOS RIOS,QUEVEDO,-1.0096,-79.46626,URBANO,CENTROS DE REHABILITACION SOCIAL,PRIVADO,VIOLENCIA COMUNITARIA,RINAS,22,HOMBRE,MULATO/A,SOLTERO,ECUADOR,NINGUNA,6,1,13,TARDE,OTRAS
ZONA 8,D.M. GUAYAQUIL,PASCUALES,GUAYAS,GUAYAQUIL,-2.05186,-79.94513,URBANO,CENTROS DE REHABILITACION SOCIAL,PRIVADO,DELINCUENCIA COMUN,AMENAZA,26,HOMBRE,MESTIZO/A,SOLTERO,ECUADOR,NINGUNA,2,0,3,MADRUGADA,OTRAS
ZONA 7,LOJA,ZAPOTILLO,LOJA,ZAPOTILLO,-4.38755,-80.2418,RURAL,TERRENO BALDIO,PUBLICO,VIOLENCIA COMUNITARIA,RINAS,41,HOMBRE,MESTIZO/A,SOLTERO,ECUADOR,NINGUNA,5,1,3,MADRUGADA,ARMA_CONTUNDENTE
ZONA 6,CANAR,AZOGUES,CANAR,AZOGUES,-2.73592,-78.85416,URBANO,CENTROS DE REHABILITACION SOCIAL,PRIVADO,DELINCUENCIA COMUN,AMENAZA,40,HOMBRE,MESTIZO/A,SOLTERO,ECUADOR,NINGUNA,2,0,13,TARDE,OTRAS
ZONA 4,MANABI,PEDERNALES,MANABI,PEDERNALES,-0.05039,-80.14264,RURAL,MAR,PUBLICO,DELINCUENCIA COMUN,AMENAZA,21,HOMBRE,MONTUBIO/A,SOLTERO,ECUADOR,NINGUNA,5,1,8,MANANA,OTRAS
ZONA 8,D.M. GUAYAQUIL,SUR - DMG,GUAYAS,GUAYAQUIL,-2.2661,-79.87884,URBANO,VIA PUBLICA,PUBLICO,DELINCUENCIA COMUN,AMENAZA,48,HOMBRE,MESTIZO/A,SOLTERO,ECUADOR,NINGUNA,4,0,20,NOCHE,OTRAS
ZONA 1,ESMERALDAS,QUININDE,ESMERALDAS,QUININDE,0.32213,-79.38427,RURAL,FINCA,PRIVADO,DELINCUENCIA COMUN,ROBO A PERSONAS,35,HOMBRE,MESTIZO/A,SOLTERO,ECUADOR,NINGUNA,0,0,14,TARDE,ARMA_BLANCA
ZONA 4,MANABI,CHONE,MANABI,CHONE,-0.76946,-80.03892,RURAL,FINCA,PRIVADO,VIOLENCIA COMUNITARIA,RINAS,18,HOMBRE,MESTIZO/A,SOLTERO,ECUADOR,NINGUNA,6,1,3,MADRUGADA,ARMA_BLANCA
ZONA 1,IMBABURA,CIUDAD BLANCA,IMBABURA,SAN MIGUEL DE URCUQUI,0.37906,-78.22922,RURAL,HACIENDAS,PRIVADO,DELINCUENCIA COMUN,ROBO A PERSONAS,54,HOMBRE,MESTIZO/A,DIVORCIADO,ECUADOR,NINGUNA,1,0,23,NOCHE,ARMA_CONTUNDENTE
ZONA 9,D.M. QUITO,EUGENIO ESPEJO,PICHINCHA,QUITO,-0.178543,-78.468931,URBANO,PARQUES Y PLAZAS,PUBLICO,DELINCUENCIA COMUN,ROBO A PERSONAS,59,MUJER,MESTIZO/A,CASADO,ECUADOR,NINGUNA,0,0,17,TARDE,ARMA_CONTUNDENTE
ZONA 5,LOS RIOS,QUEVEDO,LOS RIOS,QUEVEDO,-1.030372,-79.462232,URBANO,VIA PUBLICA,PUBLICO,DELINCUENCIA COMUN,AMENAZA,27,HOMBRE,MESTIZO/A,SOLTERO,ECUADOR,NINGUNA,6,1,23,NOCHE,ARMA_FUEGO
ZONA 1,ESMERALDAS,ELOY ALFARO - ESM,ESMERALDAS,ELOY ALFARO,1.1929,-78.95233,RURAL,BOSQUE Y RESERVAS ECOLOGICAS,PUBLICO,DELINCUENCIA COMUN,AMENAZA,18,HOMBRE,AFRO,SOLTERO,ECUADOR,NINGUNA,5,1,6,MANANA,ARMA_BLANCA
ZONA 8,D.M. GUAYAQUIL,FLORIDA,GUAYAS,GUAYAQUIL,-2.1215,-79.92289,URBANO,VIA PUBLICA,PUBLICO,DELINCUENCIA COMUN,TRAFICO INTERNO DE DROGAS (MICROTRAFICO),40,HOMBRE,MESTIZO/A,CASADO,ECUADOR,NINGUNA,4,0,17,TARDE,ARMA_FUEGO
ZONA 8,D.M. GUAYAQUIL,ESTEROS,GUAYAS,GUAYAQUIL,-2.24544,-79.91916,URBANO,CASA/VILLA,PRIVADO,DELINCUENCIA COMUN,TRAFICO INTERNO DE DROGAS (MICROTRAFICO),18,HOMBRE,MESTIZO/A,SOLTERO,ECUADOR,NINGUNA,4,0,18,NOCHE,ARMA_FUEGO
ZONA 5,GUAYAS,NARANJAL BALAO,GUAYAS,NARANJAL,-2.692,-79.61986,URBANO,VIA PUBLICA,PUBLICO,DELINCUENCIA COMUN,AMENAZA,27,HOMBRE,MESTIZO/A,SOLTERO,ECUADOR,NINGUNA,6,1,2,MADRUGADA,ARMA_BLANCA
ZONA 7,EL ORO,SANTA ROSA,EL ORO,SANTA ROSA,-3.44616,-79.9474,URBANO,CASA/VILLA,PRIVADO,VIOLENCIA COMUNITARIA,EMOCIONAL,85,MUJER,MESTIZO/A,DIVORCIADO,ECUADOR,NINGUNA,2,0,1,MADRUGADA,ARMA_CONTUNDENTE
ZONA 1,IMBABURA,CIUDAD BLANCA,IMBABURA,IBARRA,0.7888332999999988,-78.29378932999998,URBANO,CASA/VILLA,PRIVADO,DELINCUENCIA COMUN,ROBO A DOMICILIOS,74,HOMBRE,MESTIZO/A,VIUDO,ECUADOR,NINGUNA,5,1,5,MADRUGADA,ARMA_CONTUNDENTE
ZONA 5,GUAYAS,JUJAN SIMON BOLIVAR,GUAYAS,ALFREDO BAQUERIZO MORENO (JUJAN),-1.98315,-79.56928,RURAL,FINCA,PRIVADO,DELINCUENCIA COMUN,AMENAZA,22,MUJER,MESTIZO/A,SOLTERO,ECUADOR,NINGUNA,3,0,10,MANANA,ARMA_BLANCA
ZONA 9,D.M. QUITO,QUITUMBE,PICHINCHA,QUITO,-0.29659,-78.56009,URBANO,VIA PUBLICA,PUBLICO,DELINCUENCIA COMUN,ROBO A PERSONAS,24,HOMBRE,MESTIZO/A,SOLTERO,ECUADOR,NINGUNA,0,0,22,NOCHE,OTRAS
ZONA 9,D.M. QUITO,ELOY ALFARO - DMQ,PICHINCHA,QUITO,-0.26174,-78.52351,URBANO,VIA PUBLICA,PUBLICO,VIOLENCIA COMUNITARIA,RINAS,25,HOMBRE,AFRO,SOLTERO,ECUADOR,NINGUNA,3,0,19,NOCHE,ARMA_BLANCA
ZONA 5,LOS RIOS,BUENA FE,LOS RIOS,BUENA FE,-0.9508919999999988,-79.46344499999998,RURAL,FINCA,PRIVADO,VIOLENCIA COMUNITARIA,EMOCIONAL,47,HOMBRE,MESTIZO/A,EN UNION DE HECHO,ECUADOR,NINGUNA,1,0,21,NOCHE,ARMA_FUEGO
ZONA 3,COTOPAXI,LATACUNGA,COTOPAXI,LATACUNGA,-0.87179,-78.63115,RURAL,CENTROS DE REHABILITACION SOCIAL,PRIVADO,DELINCUENCIA COMUN,AMENAZA,28,HOMBRE,MESTIZO/A,SOLTERO,ECUADOR,NINGUNA,1,0,12,TARDE,OTRAS
ZONA 1,ESMERALDAS,ATACAMES,ESMERALDAS,ATACAMES,0.8628,-79.8457,URBANO,FINCA,PRIVADO,DELINCUENCIA COMUN,AMENAZA,41,HOMBRE,MESTIZO/A,SOLTERO,ECUADOR,NINGUNA,0,0,7,MANANA,ARMA_BLANCA
ZONA 5,LOS RIOS,BUENA FE,LOS RIOS,BUENA FE,-0.687087,-79.50673,RURAL,HACIENDAS,PRIVADO,VIOLENCIA COMUNITARIA,EMOCIONAL,56,HOMBRE,MESTIZO/A,CASADO,ECUADOR,NINGUNA,6,1,8,MANANA,ARMA_CONTUNDENTE
ZONA 6,CANAR,AZOGUES,CANAR,AZOGUES,-2.74682,-78.8713,RURAL,TERRENO BALDIO,PUBLICO,VIOLENCIA COMUNITARIA,RINAS,36,HOMBRE,MESTIZO/A,SOLTERO,ECUADOR,NINGUNA,3,0,2,MADRUGADA,ARMA_CONTUNDENTE
ZONA 1,ESMERALDAS,QUININDE,ESMERALDAS,QUININDE,0.32951,-79.46561,URBANO,CASA/VILLA,PRIVADO,VIOLENCIA INTRAFAMILIAR,MALTRATO,17,MUJER,AFRO,SOLTERO,ECUADOR,NINGUNA,6,1,6,MANANA,OTRAS
ZONA 1,ESMERALDAS,ESMERALDAS,ESMERALDAS,ESMERALDAS,0.97721,-79.65139,URBANO,VIA PUBLICA,PUBLICO,DELINCUENCIA COMUN,AMENAZA,17,HOMBRE,MESTIZO/A,SOLTERO,ECUADOR,NINGUNA,0,0,23,NOCHE,ARMA_BLANCA
ZONA 2,PICHINCHA,RUMINAHUI - MEJIA,PICHINCHA,RUMINAHUI,-0.37608,-78.45342,URBANO,VIA PUBLICA,PUBLICO,DELINCUENCIA COMUN,AMENAZA,68,HOMBRE,MESTIZO/A,CASADO,ECUADOR,NINGUNA,5,1,22,NOCHE,ARMA_CONTUNDENTE
ZONA 8,D.M. GUAYAQUIL,NUEVA PROSPERINA,GUAYAS,GUAYAQUIL,-2.08819,-79.95492,URBANO,VIA PUBLICA,PUBLICO,DELINCUENCIA COMUN,AMENAZA,25,HOMBRE,MESTIZO/A,SOLTERO,ECUADOR,NINGUNA,6,1,19,NOCHE,ARMA_BLANCA
ZONA 4,MANABI,CHONE,MANABI,CHONE,-0.46376,-80.11576,RURAL,VIA PUBLICA,PUBLICO,DELINCUENCIA COMUN,TRAFICO INTERNO DE DROGAS (MICROTRAFICO),15,HOMBRE,MESTIZO/A,SOLTERO,ECUADOR,NINGUNA,3,0,12,TARDE,ARMA_FUEGO
ZONA 1,ESMERALDAS,RIO VERDE,ESMERALDAS,RIOVERDE,1.04384,-79.28215,URBANO,CASA/VILLA,PRIVADO,DELINCUENCIA COMUN,AMENAZA,32,HOMBRE,MESTIZO/A,SOLTERO,ECUADOR,NINGUNA,6,1,4,MADRUGADA,ARMA_BLANCA
ZONA 8,D.M. GUAYAQUIL,NUEVA PROSPERINA,GUAYAS,GUAYAQUIL,-2.11052,-79.96211,URBANO,CASA/VILLA,PRIVADO,DELINCUENCIA COMUN,AMENAZA,29,HOMBRE,MESTIZO/A,SOLTERO,ECUADOR,NINGUNA,1,0,22,NOCHE,OTRAS
ZONA 4,MANABI,PORTOVIEJO,MANABI,PORTOVIEJO,-1.07637,-80.49959,URBANO,VIA PUBLICA,PUBLICO,DELINCUENCIA COMUN,TRAFICO INTERNO DE DROGAS (MICROTRAFICO),21,HOMBRE,MESTIZO/A,SOLTERO,ECUADOR,NINGUNA,5,1,10,MANANA,ARMA_BLANCA
ZONA 8,D.M. GUAYAQUIL,CEIBOS,GUAYAS,GUAYAQUIL,-2.17811,-79.94448,URBANO,VIA PUBLICA,PUBLICO,DELINCUENCIA COMUN,TRAFICO INTERNO DE DROGAS (MICROTRAFICO),17,HOMBRE,MESTIZO/A,SOLTERO,ECUADOR,NINGUNA,4,0,19,NOCHE,ARMA_FUEGO
ZONA 5,BOLIVAR,SAN MIGUEL,BOLIVAR,CHIMBO,-1.659218,-79.091525,RURAL,HACIENDAS,PRIVADO,DELINCUENCIA COMUN,ROBO A DOMICILIOS,59,HOMBRE,MESTIZO/A,DIVORCIADO,ECUADOR,NINGUNA,2,0,18,NOCHE,ARMA_CONTUNDENTE
ZONA 5,LOS RIOS,VENTANAS,LOS RIOS,VENTANAS,-1.46444,-79.45947,RURAL,FINCA,PRIVADO,DELINCUENCIA COMUN,AMENAZA,52,HOMBRE,MESTIZO/A,SOLTERO,ECUADOR,NINGUNA,6,1,17,TARDE,OTRAS
ZONA 7,LOJA,LOJA,LOJA,LOJA,-3.98186,-79.20213,RURAL,TERRENO BALDIO,PUBLICO,DELINCUENCIA COMUN,TRAFICO INTERNO DE DROGAS (MICROTRAFICO),21,HOMBRE,MESTIZO/A,SOLTERO,ECUADOR,NINGUNA,1,0,19,NOCHE,ARMA_BLANCA
ZONA 3,CHIMBORAZO,GUANO,CHIMBORAZO,PENIPE,-1.55034,-78.5004,RURAL,CASA/VILLA,PRIVADO,DELINCUENCIA COMUN,ROBO A DOMICILIOS,84,MUJER,MESTIZO/A,SOLTERO,ECUADOR,NINGUNA,6,1,22,NOCHE,ARMA_CONTUNDENTE
ZONA 1,CARCHI,TULCAN,CARCHI,TULCAN,0.81345,-77.73274,RURAL,QUEBRADAS,PUBLICO,VIOLENCIA INTRAFAMILIAR,SENTIMENTAL,23,MUJER,MESTIZO/A,SOLTERO,ECUADOR,NINGUNA,2,0,18,NOCHE,OTRAS
ZONA 5,LOS RIOS,PUEBLO VIEJO,LOS RIOS,PUEBLOVIEJO,-1.62861,-79.56708,URBANO,CASA/VILLA,PRIVADO,VIOLENCIA COMUNITARIA,ACTOS DE ODIO,16,HOMBRE,MESTIZO/A,SOLTERO,ECUADOR,NINGUNA,6,1,19,NOCHE,ARMA_FUEGO
ZONA 3,TUNGURAHUA,AMBATO SUR,TUNGURAHUA,AMBATO,-1.24112,-78.6155,URBANO,VIA PUBLICA,PUBLICO,VIOLENCIA COMUNITARIA,RINAS,30,HOMBRE,MESTIZO/A,SOLTERO,ECUADOR,NINGUNA,0,0,4,MADRUGADA,ARMA_CONTUNDENTE
ZONA 8,D.M. GUAYAQUIL,PASCUALES,GUAYAS,GUAYAQUIL,-2.04748,-79.94515,URBANO,CENTROS DE REHABILITACION SOCIAL,PRIVADO,DELINCUENCIA COMUN,AMENAZA,26,HOMBRE,MESTIZO/A,SOLTERO,ECUADOR,NINGUNA,1,0,18,NOCHE,OTRAS
ZONA 4,STO DGO DE LOS TSACHILAS,SANTO DOMINGO ESTE,STO DGO DE LOS TSACHILAS,SANTO DOMINGO,-0.206185,-78.901545,RURAL,FINCA,PRIVADO,DELINCUENCIA COMUN,ROBO A PERSONAS,61,HOMBRE,MESTIZO/A,SOLTERO,ECUADOR,AUDITIVA,5,1,22,NOCHE,ARMA_CONTUNDENTE
ZONA 3,TUNGURAHUA,AMBATO NORTE,TUNGURAHUA,AMBATO,-1.23504,-78.603,URBANO,CASA/VILLA,PRIVADO,VIOLENCIA INTRAFAMILIAR,SENTIMENTAL,37,MUJER,MESTIZO/A,CASADO,ECUADOR,NINGUNA,1,0,1,MADRUGADA,ARMA_BLANCA
ZONA 7,LOJA,LOJA,LOJA,LOJA,-4.00414,-79.19355,URBANO,CENTROS DE REHABILITACION SOCIAL,PRIVADO,DELINCUENCIA COMUN,AMENAZA,28,HOMBRE,AFRO,SOLTERO,ECUADOR,NINGUNA,3,0,11,MANANA,OTRAS
ZONA 4,MANABI,EL CARMEN,MANABI,EL CARMEN,-0.19117,-79.54738,RURAL,FINCA,PRIVADO,DELINCUENCIA COMUN,AMENAZA,57,HOMBRE,MONTUBIO/A,CASADO,ECUADOR,NINGUNA,2,0,23,NOCHE,OTRAS
ZONA 8,D.M. GUAYAQUIL,PASCUALES,GUAYAS,GUAYAQUIL,-2.07811,-79.93073,URBANO,CASA/VILLA,PRIVADO,VIOLENCIA INTRAFAMILIAR,SENTIMENTAL,36,HOMBRE,MESTIZO/A,SOLTERO,ECUADOR,NINGUNA,0,0,22,NOCHE,ARMA_CONTUNDENTE
ZONA 8,D.M. GUAYAQUIL,DURAN,GUAYAS,DURAN,-2.18491,-79.84937,URBANO,VIA PUBLICA,PUBLICO,DELINCUENCIA COMUN,ROBO A PERSONAS,46,HOMBRE,MESTIZO/A,CASADO,ECUADOR,NINGUNA,1,0,7,MANANA,ARMA_BLANCA
ZONA 4,STO DGO DE LOS TSACHILAS,SANTO DOMINGO OESTE,STO DGO DE LOS TSACHILAS,SANTO DOMINGO,-0.25325,-79.18117,URBANO,"FUNDACIONES, ASOCIACIONES Y ORGANIZACIONES",PRIVADO,VIOLENCIA COMUNITARIA,RINAS,42,HOMBRE,MESTIZO/A,SOLTERO,ECUADOR,INTELECTUAL,6,1,20,NOCHE,ARMA_CONTUNDENTE
ZONA 1,ESMERALDAS,ESMERALDAS,ESMERALDAS,ESMERALDAS,0.93632,-79.65023,URBANO,RIO,PUBLICO,DELINCUENCIA COMUN,ROBO DE CARROS,46,HOMBRE,AFRO,CASADO,ECUADOR,NINGUNA,0,0,20,NOCHE,ARMA_BLANCA
ZONA 1,ESMERALDAS,QUININDE,ESMERALDAS,QUININDE,0.54142,-79.26714,RURAL,CASA/VILLA,PRIVADO,VIOLENCIA COMUNITARIA,EMOCIONAL,7,HOMBRE,MESTIZO/A,SOLTERO,ECUADOR,NINGUNA,3,0,20,NOCHE,ARMA_BLANCA
ZONA 5,GUAYAS,EMPALME,GUAYAS,EL EMPALME,-1.05693,-79.57703,RURAL,CASA/VILLA,PRIVADO,DELINCUENCIA COMUN,ROBO A DOMICILIOS,64,HOMBRE,MESTIZO/A,SOLTERO,ECUADOR,NINGUNA,0,0,10,MANANA,ARMA_BLANCA
ZONA 6,CANAR,LA TRONCAL,CANAR,LA TRONCAL,-2.34938,-79.31205,RURAL,MAR,PUBLICO,DELINCUENCIA COMUN,AMENAZA,54,HOMBRE,MESTIZO/A,DIVORCIADO,ECUADOR,NINGUNA,2,0,12,TARDE,ARMA_BLANCA
ZONA 8,D.M. GUAYAQUIL,NUEVA PROSPERINA,GUAYAS,GUAYAQUIL,-2.12093,-79.97001,URBANO,VIA PUBLICA,PUBLICO,DELINCUENCIA COMUN,AMENAZA,44,HOMBRE,MESTIZO/A,SOLTERO,ECUADOR,NINGUNA,1,0,9,MANANA,ARMA_CONTUNDENTE
ZONA 7,EL ORO,MACHALA,EL ORO,MACHALA,-3.25121042846754,-79.98778246343139,URBANO,VIA PUBLICA,PUBLICO,VIOLENCIA COMUNITARIA,RINAS,19,HOMBRE,MESTIZO/A,SOLTERO,ECUADOR,NINGUNA,0,0,22,NOCHE,ARMA_FUEGO
ZONA 9,D.M. QUITO,MANUELA SAENZ,PICHINCHA,QUITO,-0.2129,-78.49307,URBANO,HOSPITALES,PRIVADO,DELINCUENCIA COMUN,AMENAZA,27,HOMBRE,MESTIZO/A,SOLTERO,ECUADOR,NINGUNA,6,1,3,MADRUGADA,ARMA_CONTUNDENTE
ZONA 8,D.M. GUAYAQUIL,DURAN,GUAYAS,DURAN,-2.1865,-79.82808,URBANO,VIA PUBLICA,PUBLICO,DELINCUENCIA COMUN,AMENAZA,28,HOMBRE,MESTIZO/A,CASADO,ECUADOR,NINGUNA,5,1,19,NOCHE,ARMA_CONTUNDENTE
ZONA 7,LOJA,LOJA,LOJA,LOJA,-3.9985,-79.21084,URBANO,CASA/VILLA,PRIVADO,PSICOPATOLOGIAS,TRASTORNOS MENTALES,1,MUJER,MESTIZO/A,SOLTERO,ECUADOR,NINGUNA,2,0,13,TARDE,OTRAS
ZONA 6,AZUAY,CUENCA SUR,AZUAY,CUENCA,-2.93463,-79.0054,URBANO,CENTROS DE REHABILITACION SOCIAL,PRIVADO,DELINCUENCIA COMUN,AMENAZA,46,HOMBRE,MESTIZO/A,SOLTERO,ECUADOR,NINGUNA,4,0,11,MANANA,ARMA_BLANCA
ZONA 1,IMBABURA,VALLE DEL AMANECER,IMBABURA,ANTONIO ANTE,0.3555,-78.19681,URBANO,VIA PUBLICA,PUBLICO,VIOLENCIA COMUNITARIA,RINAS,27,HOMBRE,MESTIZO/A,SOLTERO,ECUADOR,NINGUNA,2,0,0,MADRUGADA,ARMA_BLANCA
ZONA 1,ESMERALDAS,SAN LORENZO,ESMERALDAS,SAN LORENZO,0.903294113084434,-78.5444328558953,RURAL,BOSQUE Y RESERVAS ECOLOGICAS,PUBLICO,DELINCUENCIA COMUN,ROBO A PERSONAS,45,HOMBRE,MESTIZO/A,CASADO,ECUADOR,NINGUNA,2,0,23,NOCHE,ARMA_FUEGO
ZONA 5,LOS RIOS,BUENA FE,LOS RIOS,VALENCIA,-0.94917,-79.35404,URBANO,VIA PUBLICA,PUBLICO,VIOLENCIA COMUNITARIA,RINAS,57,HOMBRE,MESTIZO/A,SOLTERO,ECUADOR,NINGUNA,0,0,14,TARDE,ARMA_CONTUNDENTE
ZONA 5,LOS RIOS,QUEVEDO,LOS RIOS,MOCACHE,-1.08863,-79.54583,RURAL,VIA PUBLICA,PUBLICO,DELINCUENCIA COMUN,AMENAZA,37,HOMBRE,MESTIZO/A,SOLTERO,ECUADOR,NINGUNA,2,0,0,MADRUGADA,OTRAS
ZONA 1,SUCUMBIOS,SHUSHUFINDI,SUCUMBIOS,SHUSHUFINDI,-0.1744571984751019,-76.8238955768537,RURAL,NIGHT CLUBS,PRIVADO,DELINCUENCIA COMUN,AMENAZA,28,HOMBRE,MESTIZO/A,SOLTERO,ECUADOR,NINGUNA,5,1,8,MANANA,ARMA_FUEGO
ZONA 8,D.M. GUAYAQUIL,SUR - DMG,GUAYAS,GUAYAQUIL,-2.28426,-79.87403,URBANO,CASA/VILLA,PRIVADO,DELINCUENCIA COMUN,TRAFICO INTERNO DE DROGAS (MICROTRAFICO),31,HOMBRE,MESTIZO/A,SOLTERO,ECUADOR,NINGUNA,1,0,23,NOCHE,ARMA_FUEGO
ZONA 1,ESMERALDAS,ESMERALDAS,ESMERALDAS,ESMERALDAS,0.9082035352665389,-79.6134299039841,RURAL,FINCA,PRIVADO,DELINCUENCIA COMUN,AMENAZA,30,HOMBRE,MESTIZO/A,CASADO,ECUADOR,NINGUNA,5,1,11,MANANA,ARMA_FUEGO
ZONA 7,ZAMORA CHINCHIPE,YANTZAZA,ZAMORA CHINCHIPE,EL PANGUI,-3.69752,-78.55591,RURAL,FINCA,PRIVADO,DELINCUENCIA COMUN,TRAFICO INTERNO DE DROGAS (MICROTRAFICO),33,HOMBRE,MESTIZO/A,SOLTERO,ECUADOR,NINGUNA,3,0,9,MANANA,ARMA_BLANCA
ZONA 1,ESMERALDAS,ESMERALDAS,ESMERALDAS,ESMERALDAS,0.71853,-79.56369,RURAL,CANCHAS DE USO MULTIPLE,PUBLICO,DELINCUENCIA COMUN,AMENAZA,23,HOMBRE,AFRO,SOLTERO,ECUADOR,NINGUNA,3,0,7,MANANA,ARMA_BLANCA
ZONA 8,D.M. GUAYAQUIL,PASCUALES,GUAYAS,GUAYAQUIL,-2.0694556531899506,-79.93323880440579,URBANO,CASA/VILLA,PRIVADO,VIOLENCIA COMUNITARIA,RINAS,18,MUJER,MESTIZO/A,SOLTERO,ECUADOR,NINGUNA,6,1,8,MANANA,ARMA_FUEGO
ZONA 4,STO DGO DE LOS TSACHILAS,SANTO DOMINGO OESTE,STO DGO DE LOS TSACHILAS,SANTO DOMINGO,-0.26123,-79.20027,URBANO,CASA/VILLA,PRIVADO,VIOLENCIA COMUNITARIA,RINAS,30,HOMBRE,MESTIZO/A,SOLTERO,ECUADOR,NINGUNA,2,0,5,MADRUGADA,OTRAS
ZONA 8,D.M. GUAYAQUIL,9 DE OCTUBRE,GUAYAS,GUAYAQUIL,-2.22259,-79.90924,URBANO,VIA PUBLICA,PUBLICO,DELINCUENCIA COMUN,AMENAZA,33,HOMBRE,MESTIZO/A,SOLTERO,ECUADOR,NINGUNA,2,0,22,NOCHE,ARMA_BLANCA
ZONA 1,CARCHI,TULCAN,CARCHI,TULCAN,0.76519,-77.72969,RURAL,VIA PUBLICA,PUBLICO,DELINCUENCIA COMUN,ROBO A PERSONAS,53,HOMBRE,MESTIZO/A,CASADO,ECUADOR,NINGUNA,5,1,3,MADRUGADA,ARMA_FUEGO
ZONA 7,EL ORO,MACHALA,EL ORO,MACHALA,-3.26412,-79.96377,URBANO,CENTROS DE REHABILITACION SOCIAL,PRIVADO,DELINCUENCIA COMUN,AMENAZA,35,HOMBRE,AFRO,SOLTERO,ECUADOR,NINGUNA,6,1,16,TARDE,OTRAS
ZONA 5,GUAYAS,MILAGRO,GUAYAS,MILAGRO,-2.14902,-79.46267,RURAL,FINCA,PRIVADO,DELINCUENCIA COMUN,AMENAZA,22,HOMBRE,MESTIZO/A,SOLTERO,ECUADOR,NINGUNA,6,1,16,TARDE,ARMA_FUEGO
ZONA 9,D.M. QUITO,MANUELA SAENZ,PICHINCHA,QUITO,-0.23049,-78.5079,URBANO,IGLESIAS,PRIVADO,VIOLENCIA COMUNITARIA,RINAS,45,HOMBRE,MESTIZO/A,SOLTERO,ECUADOR,NINGUNA,6,1,14,TARDE,OTRAS
ZONA 5,GUAYAS,PEDRO CARBO,GUAYAS,ISIDRO AYORA,-1.87611,-80.13082,URBANO,VIA PUBLICA,PUBLICO,VIOLENCIA COMUNITARIA,RINAS,36,HOMBRE,MESTIZO/A,SOLTERO,ECUADOR,NINGUNA,5,1,23,NOCHE,ARMA_BLANCA
ZONA 5,LOS RIOS,VINCES,LOS RIOS,VINCES,-1.48746,-79.67863,RURAL,TERRENO BALDIO,PUBLICO,DELINCUENCIA COMUN,ROBO A DOMICILIOS,38,HOMBRE,MONTUBIO/A,SOLTERO,ECUADOR,NINGUNA,1,0,11,MANANA,ARMA_FUEGO
ZONA 5,GUAYAS,EL TRIUNFO BUCAY,GUAYAS,EL TRIUNFO,-2.33045719757669,-79.4005841561734,URBANO,VIA PUBLICA,PUBLICO,DELINCUENCIA COMUN,AMENAZA,33,HOMBRE,MESTIZO/A,CASADO,ECUADOR,NINGUNA,1,0,20,NOCHE,ARMA_FUEGO
ZONA 6,AZUAY,PONCE ENRIQUEZ,AZUAY,CAMILO PONCE ENRIQUEZ,-3.02958,-79.73683,URBANO,VIA PUBLICA,PUBLICO,VIOLENCIA COMUNITARIA,RINAS,44,HOMBRE,MESTIZO/A,SOLTERO,ECUADOR,NINGUNA,6,1,5,MADRUGADA,ARMA_BLANCA
ZONA 4,STO DGO DE LOS TSACHILAS,SANTO DOMINGO ESTE,STO DGO DE LOS TSACHILAS,SANTO DOMINGO,-0.30594,-79.18607,RURAL,CENTROS DE REHABILITACION SOCIAL,PRIVADO,DELINCUENCIA COMUN,AMENAZA,38,HOMBRE,MESTIZO/A,SOLTERO,ECUADOR,NINGUNA,2,0,5,MADRUGADA,OTRAS
ZONA 8,D.M. GUAYAQUIL,NUEVA PROSPERINA,GUAYAS,GUAYAQUIL,-2.09971,-79.96039,URBANO,VIA PUBLICA,PUBLICO,DELINCUENCIA COMUN,AMENAZA,16,HOMBRE,MESTIZO/A,SOLTERO,ECUADOR,NINGUNA,0,0,18,NOCHE,ARMA_FUEGO
ZONA 5,SANTA ELENA,LIBERTAD SALINAS,SANTA ELENA,LA LIBERTAD,-2.23865,-80.90281,URBANO,VIA PUBLICA,PUBLICO,DELINCUENCIA COMUN,TRAFICO INTERNO DE DROGAS (MICROTRAFICO),41,HOMBRE,MESTIZO/A,SOLTERO,ECUADOR,NINGUNA,6,1,1,MADRUGADA,ARMA_FUEGO
ZONA 6,CANAR,LA TRONCAL,CANAR,LA TRONCAL,-2.43086,-79.33916,URBANO,VIA PUBLICA,PUBLICO,VIOLENCIA COMUNITARIA,RINAS,24,HOMBRE,MESTIZO/A,SOLTERO,ECUADOR,NINGUNA,0,0,0,MADRUGADA,ARMA_BLANCA
ZONA 1,IMBABURA,CIUDAD BLANCA,IMBABURA,IBARRA,0.19743,-78.1109,RURAL,BOSQUE Y RESERVAS ECOLOGICAS,PUBLICO,VIOLENCIA INTRAFAMILIAR,SENTIMENTAL,66,MUJER,INDIGENA,CASADO,ECUADOR,NINGUNA,3,0,20,NOCHE,ARMA_CONTUNDENTE
ZONA 4,MANABI,PORTOVIEJO,MANABI,PORTOVIEJO,-1.05712,-80.46351,URBANO,RIO,PUBLICO,DELINCUENCIA COMUN,AMENAZA,40,HOMBRE,MESTIZO/A,SOLTERO,ECUADOR,NINGUNA,3,0,10,MANANA,OTRAS
ZONA 3,COTOPAXI,LATACUNGA,COTOPAXI,LATACUNGA,-0.87448,-78.63049,URBANO,CENTROS DE REHABILITACION SOCIAL,PRIVADO,DELINCUENCIA COMUN,AMENAZA,27,HOMBRE,OTROS,SOLTERO,ECUADOR,NINGUNA,6,1,17,TARDE,OTRAS
ZONA 4,MANABI,MANTA,MANABI,MANTA,-0.95469,-80.74372,URBANO,HOSPITALES,PRIVADO,VIOLENCIA INTRAFAMILIAR,MALTRATO,3,HOMBRE,MESTIZO/A,SOLTERO,ECUADOR,NINGUNA,0,0,23,NOCHE,OTRAS
ZONA 7,EL ORO,PASAJE,EL ORO,CHILLA,-3.45698,-79.57889,URBANO,VIA PUBLICA,PUBLICO,VIOLENCIA COMUNITARIA,RINAS,41,HOMBRE,MESTIZO/A,CASADO,ECUADOR,NINGUNA,6,1,4,MADRUGADA,ARMA_CONTUNDENTE
ZONA 5,SANTA ELENA,SANTA ELENA,SANTA ELENA,SANTA ELENA,-2.23383,-80.87425,URBANO,VIA PUBLICA,PUBLICO,DELINCUENCIA COMUN,AMENAZA,38,HOMBRE,MESTIZO/A,CASADO,ECUADOR,NINGUNA,6,1,2,MADRUGADA,ARMA_CONTUNDENTE
ZONA 5,LOS RIOS,BUENA FE,LOS RIOS,BUENA FE,-0.88504,-79.48504,RURAL,FINCA,PRIVADO,VIOLENCIA COMUNITARIA,RINAS,25,HOMBRE,MESTIZO/A,SOLTERO,ECUADOR,NINGUNA,6,1,20,NOCHE,ARMA_BLANCA
ZONA 7,EL ORO,MACHALA,EL ORO,MACHALA,-3.2641,-79.96379,URBANO,CENTROS DE REHABILITACION SOCIAL,PRIVADO,DELINCUENCIA COMUN,AMENAZA,26,HOMBRE,MESTIZO/A,SOLTERO,ECUADOR,NINGUNA,6,1,18,NOCHE,OTRAS
ZONA 9,D.M. QUITO,LA DELICIA,PICHINCHA,QUITO,-0.127161236081239,-78.49646950513508,URBANO,PAPELERIA,PRIVADO,DELINCUENCIA COMUN,ROBO A PERSONAS,23,MUJER,MESTIZO/A,SOLTERO,ECUADOR,NINGUNA,4,0,22,NOCHE,ARMA_FUEGO
ZONA 6,AZUAY,CUENCA SUR,AZUAY,CUENCA,-2.93533,-79.00548,URBANO,CENTROS DE REHABILITACION SOCIAL,PRIVADO,VIOLENCIA COMUNITARIA,RINAS,29,HOMBRE,MESTIZO/A,SOLTERO,ECUADOR,NINGUNA,1,0,18,NOCHE,ARMA_BLANCA
ZONA 7,EL ORO,HUAQUILLAS,EL ORO,HUAQUILLAS,-3.48122668266295,-80.2412719726562,URBANO,BARES,PRIVADO,DELINCUENCIA COMUN,AMENAZA,37,HOMBRE,MESTIZO/A,SOLTERO,ECUADOR,NINGUNA,4,0,20,NOCHE,ARMA_FUEGO
ZONA 5,GUAYAS,BALZAR,GUAYAS,BALZAR,-1.36241,-79.89906,URBANO,CASA/VILLA,PRIVADO,DELINCUENCIA COMUN,AMENAZA,25,HOMBRE,MESTIZO/A,SOLTERO,ECUADOR,NINGUNA,1,0,19,NOCHE,ARMA_FUEGO
ZONA 1,ESMERALDAS,SAN LORENZO,ESMERALDAS,SAN LORENZO,1.270222,-78.64721,URBANO,VIA PUBLICA,PUBLICO,VIOLENCIA COMUNITARIA,RINAS,27,HOMBRE,AFRO,EN UNION DE HECHO,ECUADOR,NINGUNA,1,0,23,NOCHE,ARMA_FUEGO
ZONA 9,D.M. QUITO,TUMBACO,PICHINCHA,QUITO,-0.16704,-78.31879,URBANO,CASA/VILLA,PRIVADO,VIOLENCIA INTRAFAMILIAR,SENTIMENTAL,32,HOMBRE,MESTIZO/A,SOLTERO,ECUADOR,NINGUNA,5,1,3,MADRUGADA,ARMA_CONTUNDENTE
ZONA 1,SUCUMBIOS,SHUSHUFINDI,SUCUMBIOS,SHUSHUFINDI,-0.19334,-76.6595,URBANO,CASA/VILLA,PRIVADO,DELINCUENCIA COMUN,AMENAZA,63,HOMBRE,MESTIZO/A,CASADO,COLOMBIA,NINGUNA,4,0,6,MANANA,ARMA_BLANCA
ZONA 7,ZAMORA CHINCHIPE,YANTZAZA,ZAMORA CHINCHIPE,EL PANGUI,-3.68462,-78.55029,RURAL,RIO,PUBLICO,DELINCUENCIA COMUN,TRAFICO INTERNO DE DROGAS (MICROTRAFICO),22,HOMBRE,MESTIZO/A,SOLTERO,ECUADOR,NINGUNA,3,0,0,MADRUGADA,ARMA_BLANCA
ZONA 4,STO DGO DE LOS TSACHILAS,SANTO DOMINGO ESTE,STO DGO DE LOS TSACHILAS,SANTO DOMINGO,-0.63099,-79.28731,RURAL,VIA PUBLICA,PUBLICO,VIOLENCIA COMUNITARIA,LINCHAMIENTO,18,HOMBRE,MESTIZO/A,SOLTERO,ECUADOR,NINGUNA,0,0,8,MANANA,OTRAS
ZONA 7,EL ORO,PASAJE,EL ORO,EL GUABO,-3.24142,-79.8265,RURAL,VIA PUBLICA,PUBLICO,DELINCUENCIA COMUN,ROBO A PERSONAS,35,HOMBRE,MESTIZO/A,CASADO,ECUADOR,NINGUNA,5,1,21,NOCHE,ARMA_FUEGO
ZONA 1,ESMERALDAS,QUININDE,ESMERALDAS,QUININDE,0.04021,-79.40687,URBANO,VIA PUBLICA,PUBLICO,VIOLENCIA COMUNITARIA,RINAS,54,HOMBRE,MESTIZO/A,CASADO,ECUADOR,NINGUNA,6,1,2,MADRUGADA,OTRAS
ZONA 8,D.M. GUAYAQUIL,NUEVA PROSPERINA,GUAYAS,GUAYAQUIL,-2.09659,-79.96498,URBANO,VIA PUBLICA,PUBLICO,VIOLENCIA COMUNITARIA,RINAS,40,HOMBRE,MESTIZO/A,SOLTERO,ECUADOR,NINGUNA,0,0,14,TARDE,ARMA_BLANCA
ZONA 4,MANABI,MANTA,MANABI,JARAMIJO,-0.951154,-80.65934799999998,RURAL,VIA PUBLICA,PUBLICO,VIOLENCIA COMUNITARIA,LITIGIO DE TIERRAS,32,HOMBRE,MESTIZO/A,SOLTERO,ECUADOR,NINGUNA,1,0,7,MANANA,ARMA_FUEGO
ZONA 8,D.M. GUAYAQUIL,NUEVA PROSPERINA,GUAYAS,GUAYAQUIL,-2.10658,-79.97094,URBANO,CASA/VILLA,PRIVADO,DELINCUENCIA COMUN,AMENAZA,50,HOMBRE,MESTIZO/A,SOLTERO,ECUADOR,NINGUNA,0,0,9,MANANA,ARMA_BLANCA
ZONA 8,D.M. GUAYAQUIL,ESTEROS,GUAYAS,GUAYAQUIL,-2.229233079274,-79.9171195328563,URBANO,TRANSPORTE PUBLICO,PRIVADO,DELINCUENCIA COMUN,TRAFICO INTERNO DE DROGAS (MICROTRAFICO),22,HOMBRE,AFRO,SOLTERO,ECUADOR,NINGUNA,0,0,6,MANANA,ARMA_FUEGO
ZONA 8,D.M. GUAYAQUIL,ESTEROS,GUAYAS,GUAYAQUIL,-2.251195,-79.90685,URBANO,VIA PUBLICA,PUBLICO,VIOLENCIA COMUNITARIA,RINAS,34,HOMBRE,MESTIZO/A,SOLTERO,ECUADOR,NINGUNA,5,1,1,MADRUGADA,ARMA_FUEGO
ZONA 7,ZAMORA CHINCHIPE,YANTZAZA,ZAMORA CHINCHIPE,EL PANGUI,-3.63556,-78.57111,RURAL,VIA PUBLICA,PUBLICO,DELINCUENCIA COMUN,TRAFICO INTERNO DE DROGAS (MICROTRAFICO),21,HOMBRE,MESTIZO/A,SOLTERO,ECUADOR,NINGUNA,3,0,19,NOCHE,ARMA_BLANCA
ZONA 6,AZUAY,CUENCA NORTE,AZUAY,CUENCA,-2.88378,-79.01467,URBANO,CASA/VILLA,PRIVADO,DELINCUENCIA COMUN,ROBO A DOMICILIOS,63,HOMBRE,MESTIZO/A,SOLTERO,ECUADOR,NINGUNA,5,1,10,MANANA,OTRAS
ZONA 9,D.M. QUITO,ELOY ALFARO - DMQ,PICHINCHA,QUITO,-0.25782,-78.5253,URBANO,CASA/VILLA,PRIVADO,VIOLENCIA COMUNITARIA,RINAS,40,HOMBRE,MESTIZO/A,CASADO,ECUADOR,NINGUNA,6,1,1,MADRUGADA,ARMA_CONTUNDENTE
ZONA 8,D.M. GUAYAQUIL,PASCUALES,GUAYAS,GUAYAQUIL,-2.05181,-79.94313,URBANO,CENTROS DE REHABILITACION SOCIAL,PRIVADO,DELINCUENCIA COMUN,AMENAZA,27,HOMBRE,MESTIZO/A,SOLTERO,ECUADOR,NINGUNA,0,0,4,MADRUGADA,OTRAS
ZONA 8,D.M. GUAYAQUIL,NUEVA PROSPERINA,GUAYAS,GUAYAQUIL,-2.10374,-79.95117,URBANO,VIA PUBLICA,PUBLICO,VIOLENCIA COMUNITARIA,RINAS,31,HOMBRE,INDIGENA,SOLTERO,ECUADOR,NINGUNA,5,1,14,TARDE,OTRAS
ZONA 1,CARCHI,TULCAN,CARCHI,TULCAN,0.7917,-77.74104,URBANO,QUEBRADAS,PUBLICO,VIOLENCIA COMUNITARIA,RINAS,30,HOMBRE,MESTIZO/A,SOLTERO,VENEZUELA,NINGUNA,0,0,1,MADRUGADA,OTRAS
ZONA 9,D.M. QUITO,QUITUMBE,PICHINCHA,QUITO,-0.34191,-78.5517,URBANO,CASA/VILLA,PRIVADO,VIOLENCIA INTRAFAMILIAR,MALTRATO,22,MUJER,MESTIZO/A,SOLTERO,ECUADOR,NINGUNA,0,0,10,MANANA,OTRAS
ZONA 7,EL ORO,PASAJE,EL ORO,EL GUABO,-3.22954638538476,-79.8469094932079,RURAL,HACIENDAS,PRIVADO,VIOLENCIA INTRAFAMILIAR,SENTIMENTAL,15,MUJER,MESTIZO/A,SOLTERO,ECUADOR,NINGUNA,6,1,11,MANANA,ARMA_CONTUNDENTE
ZONA 5,LOS RIOS,BABAHOYO,LOS RIOS,BABAHOYO,-1.79830499081468,-79.52805358145268,URBANO,BODEGAS,PRIVADO,DELINCUENCIA COMUN,ROBO A UNIDADES ECONOMICAS,21,HOMBRE,MESTIZO/A,SOLTERO,ECUADOR,NINGUNA,1,0,20,NOCHE,ARMA_FUEGO
ZONA 9,D.M. QUITO,LOS CHILLOS,PICHINCHA,QUITO,-0.38116,-78.50361,URBANO,VIA PUBLICA,PUBLICO,DELINCUENCIA COMUN,ROBO A PERSONAS,25,HOMBRE,MESTIZO/A,SOLTERO,ECUADOR,NINGUNA,4,0,17,TARDE,ARMA_BLANCA
ZONA 2,PICHINCHA,RUMINAHUI - MEJIA,PICHINCHA,RUMINAHUI,-0.36812,-78.42782,URBANO,VIA PUBLICA,PUBLICO,DELINCUENCIA COMUN,ROBO A PERSONAS,29,HOMBRE,BLANCO/A,SOLTERO,ECUADOR,NINGUNA,5,1,21,NOCHE,ARMA_BLANCA
ZONA 4,MANABI,CHONE,MANABI,CHONE,-0.70448,-80.04832,RURAL,QUEBRADAS,PUBLICO,DELINCUENCIA COMUN,AMENAZA,24,MUJER,MESTIZO/A,SOLTERO,ECUADOR,NINGUNA,3,0,11,MANANA,ARMA_BLANCA
ZONA 1,IMBABURA,VALLE DEL AMANECER,IMBABURA,OTAVALO,0.28154,-78.47031,RURAL,QUEBRADAS,PUBLICO,DELINCUENCIA COMUN,AMENAZA,62,HOMBRE,MESTIZO/A,DIVORCIADO,ECUADOR,NINGUNA,2,0,9,MANANA,ARMA_CONTUNDENTE
ZONA 9,D.M. QUITO,MANUELA SAENZ,PICHINCHA,QUITO,-0.24648,-78.48323,URBANO,PARQUES Y PLAZAS,PUBLICO,DELINCUENCIA COMUN,AMENAZA,41,HOMBRE,MESTIZO/A,CASADO,ECUADOR,NINGUNA,1,0,8,MANANA,ARMA_CONTUNDENTE
ZONA 8,D.M. GUAYAQUIL,PORTETE,GUAYAS,GUAYAQUIL,-2.19367,-79.91257,URBANO,VIA PUBLICA,PUBLICO,DELINCUENCIA COMUN,AMENAZA,30,HOMBRE,MESTIZO/A,SOLTERO,ECUADOR,NINGUNA,0,0,1,MADRUGADA,ARMA_FUEGO
ZONA 3,TUNGURAHUA,PILLARO,TUNGURAHUA,SANTIAGO DE PILLARO,-1.12215,-78.56059999999998,RURAL,VIA PUBLICA,PUBLICO,DELINCUENCIA COMUN,ROBO DE CARROS,32,HOMBRE,MESTIZO/A,SOLTERO,ECUADOR,NINGUNA,6,1,9,MANANA,ARMA_FUEGO
ZONA 1,CARCHI,TULCAN,CARCHI,TULCAN,0.81636,-77.66611,URBANO,RIO,PUBLICO,DELINCUENCIA COMUN,AMENAZA,22,HOMBRE,MESTIZO/A,SOLTERO,ECUADOR,NINGUNA,5,1,10,MANANA,OTRAS
ZONA 7,EL ORO,PASAJE,EL ORO,EL GUABO,-3.17772,-79.84119,RURAL,VIA PUBLICA,PUBLICO,DELINCUENCIA COMUN,AMENAZA,48,HOMBRE,MESTIZO/A,CASADO,ECUADOR,NINGUNA,4,0,5,MADRUGADA,ARMA_BLANCA
ZONA 7,LOJA,LOJA,LOJA,LOJA,-4.00447,-79.19332,URBANO,CENTROS DE REHABILITACION SOCIAL,PRIVADO,DELINCUENCIA COMUN,AMENAZA,26,HOMBRE,AFRO,SOLTERO,ECUADOR,NINGUNA,3,0,1,MADRUGADA,OTRAS
ZONA 8,D.M. GUAYAQUIL,PASCUALES,GUAYAS,GUAYAQUIL,-2.09377,-79.90918,URBANO,VIA PUBLICA,PUBLICO,DELINCUENCIA COMUN,AMENAZA,35,HOMBRE,MESTIZO/A,SOLTERO,ECUADOR,NINGUNA,0,0,2,MADRUGADA,ARMA_BLANCA
ZONA 7,EL ORO,HUAQUILLAS,EL ORO,HUAQUILLAS,-3.48305,-80.21419,URBANO,PARQUEADEROS,PUBLICO,TERRORISMO,TERRORISMO,53,HOMBRE,MESTIZO/A,CASADO,ECUADOR,NINGUNA,1,0,6,MANANA,OTRAS
ZONA 3,TUNGURAHUA,AMBATO SUR,TUNGURAHUA,AMBATO,-1.2919,-78.62963,RURAL,BOSQUE Y RESERVAS ECOLOGICAS,PUBLICO,VIOLENCIA INTRAFAMILIAR,SENTIMENTAL,20,MUJER,MESTIZO/A,SOLTERO,ECUADOR,NINGUNA,5,1,11,MANANA,OTRAS
ZONA 8,D.M. GUAYAQUIL,DURAN,GUAYAS,DURAN,-2.16516085445404,-79.8068944210536,URBANO,VIA PUBLICA,PUBLICO,VIOLENCIA COMUNITARIA,RINAS,28,HOMBRE,MESTIZO/A,SOLTERO,ECUADOR,NINGUNA,3,0,22,NOCHE,ARMA_CONTUNDENTE
ZONA 5,GUAYAS,DAULE,GUAYAS,DAULE,-1.85076,-79.96521,RURAL,VIA PUBLICA,PUBLICO,VIOLENCIA COMUNITARIA,RINAS,52,HOMBRE,MESTIZO/A,SOLTERO,ECUADOR,NINGUNA,6,1,1,MADRUGADA,ARMA_BLANCA
ZONA 5,GUAYAS,YAGUACHI,GUAYAS,SAN JACINTO DE YAGUACHI,-2.11069,-79.68341,RURAL,HACIENDAS,PRIVADO,DELINCUENCIA COMUN,TRAFICO INTERNO DE DROGAS (MICROTRAFICO),37,HOMBRE,MESTIZO/A,SOLTERO,ECUADOR,NINGUNA,3,0,10,MANANA,ARMA_BLANCA
ZONA 1,IMBABURA,CIUDAD BLANCA,IMBABURA,IBARRA,0.36215,-78.1257,URBANO,VIA PUBLICA,PUBLICO,VIOLENCIA COMUNITARIA,RINAS,16,HOMBRE,MESTIZO/A,SOLTERO,ECUADOR,NINGUNA,0,0,19,NOCHE,ARMA_BLANCA
ZONA 8,D.M. GUAYAQUIL,ESTEROS,GUAYAS,GUAYAQUIL,-2.2418,-79.91788,URBANO,HOSPITALES,PRIVADO,VIOLENCIA COMUNITARIA,RINAS,71,HOMBRE,MESTIZO/A,SOLTERO,ECUADOR,NINGUNA,5,1,17,TARDE,ARMA_CONTUNDENTE
ZONA 8,D.M. GUAYAQUIL,DURAN,GUAYAS,DURAN,-2.14659,-79.83698,URBANO,VIA PUBLICA,PUBLICO,DELINCUENCIA COMUN,AMENAZA,45,HOMBRE,AFRO,SOLTERO,ECUADOR,NINGUNA,0,0,16,TARDE,ARMA_BLANCA
ZONA 8,D.M. GUAYAQUIL,PORTETE,GUAYAS,GUAYAQUIL,-2.22892,-79.93064,URBANO,CASA/VILLA,PRIVADO,VIOLENCIA INTRAFAMILIAR,SENTIMENTAL,36,HOMBRE,MESTIZO/A,CASADO,ECUADOR,NINGUNA,6,1,2,MADRUGADA,ARMA_BLANCA
ZONA 1,ESMERALDAS,ESMERALDAS,ESMERALDAS,ESMERALDAS,0.89094,-79.72659,URBANO,FINCA,PRIVADO,DELINCUENCIA COMUN,ROBO DE CARROS,52,HOMBRE,MESTIZO/A,CASADO,ECUADOR,NINGUNA,2,0,15,TARDE,ARMA_BLANCA
ZONA 8,D.M. GUAYAQUIL,PASCUALES,GUAYAS,GUAYAQUIL,-2.0541,-79.94336,URBANO,CENTROS DE REHABILITACION SOCIAL,PRIVADO,DELINCUENCIA COMUN,AMENAZA,36,HOMBRE,MESTIZO/A,SOLTERO,ECUADOR,NINGUNA,4,0,18,NOCHE,OTRAS
ZONA 1,ESMERALDAS,ESMERALDAS,ESMERALDAS,ESMERALDAS,0.71525,-79.53317,RURAL,RIO,PUBLICO,VIOLENCIA COMUNITARIA,RINAS,20,HOMBRE,MULATO/A,SOLTERO,ECUADOR,NINGUNA,0,0,0,MADRUGADA,ARMA_CONTUNDENTE
ZONA 5,LOS RIOS,BABAHOYO,LOS RIOS,MONTALVO,-1.79335,-79.28991,RURAL,CASA/VILLA,PRIVADO,VIOLENCIA COMUNITARIA,RINAS,33,HOMBRE,MESTIZO/A,CASADO,ECUADOR,NINGUNA,5,1,16,TARDE,ARMA_BLANCA
ZONA 5,GUAYAS,JUJAN SIMON BOLIVAR,GUAYAS,SIMON BOLIVAR,-1.98327,-79.43918,RURAL,VIA PUBLICA,PUBLICO,TRANSNACIONAL,SECUESTRO,59,HOMBRE,MESTIZO/A,DIVORCIADO,ECUADOR,NINGUNA,0,0,12,TARDE,OTRAS
ZONA 8,D.M. GUAYAQUIL,FLORIDA,GUAYAS,GUAYAQUIL,-2.14482699999999,-79.91532499999998,URBANO,VIA PUBLICA,PUBLICO,VIOLENCIA COMUNITARIA,RINAS,32,HOMBRE,MESTIZO/A,SOLTERO,ECUADOR,NINGUNA,6,1,5,MADRUGADA,ARMA_FUEGO
ZONA 7,EL ORO,PASAJE,EL ORO,EL GUABO,-3.14512,-79.65198,RURAL,FINCA,PRIVADO,VIOLENCIA INTRAFAMILIAR,SENTIMENTAL,27,HOMBRE,MESTIZO/A,SOLTERO,ECUADOR,NINGUNA,1,0,3,MADRUGADA,OTRAS
ZONA 5,LOS RIOS,BABAHOYO,LOS RIOS,BABAHOYO,-1.90035,-79.45442,RURAL,FINCA,PRIVADO,VIOLENCIA INTRAFAMILIAR,SENTIMENTAL,19,MUJER,MESTIZO/A,SOLTERO,ECUADOR,NINGUNA,4,0,17,TARDE,ARMA_BLANCA
ZONA 3,COTOPAXI,DANSANTE,COTOPAXI,SAQUISILI,-0.87911,-78.8063,RURAL,CASA/VILLA,PUBLICO,VIOLENCIA INTRAFAMILIAR,MALTRATO,62,MUJER,INDIGENA,CASADO,ECUADOR,NINGUNA,6,1,16,TARDE,ARMA_CONTUNDENTE
ZONA 7,LOJA,ESPINDOLA,LOJA,ESPINDOLA,-4.49148551331633,-79.42430399358268,RURAL,FINCA,PRIVADO,DELINCUENCIA COMUN,VIOLACION SEXUAL (DESCONOCIDO),81,MUJER,MESTIZO/A,VIUDO,ECUADOR,NINGUNA,4,0,11,MANANA,ARMA_CONTUNDENTE
ZONA 2,ORELLANA,ORELLANA LORETO,ORELLANA,FRANCISCO DE ORELLANA,-0.86084,-76.86514,RURAL,FINCA,PRIVADO,VIOLENCIA COMUNITARIA,RINAS,22,HOMBRE,MESTIZO/A,SOLTERO,ECUADOR,NINGUNA,1,0,2,MADRUGADA,ARMA_BLANCA
ZONA 5,GUAYAS,NARANJITO MARCELINO MARIDUENA,GUAYAS,NARANJITO,-2.171983,-79.46707,URBANO,VIA PUBLICA,PUBLICO,VIOLENCIA COMUNITARIA,RINAS,31,HOMBRE,MESTIZO/A,SOLTERO,ECUADOR,NINGUNA,4,0,5,MADRUGADA,ARMA_FUEGO
ZONA 7,ZAMORA CHINCHIPE,YANTZAZA,ZAMORA CHINCHIPE,EL PANGUI,-3.63586,-78.57101,RURAL,VIA PUBLICA,PUBLICO,DELINCUENCIA COMUN,TRAFICO INTERNO DE DROGAS (MICROTRAFICO),28,HOMBRE,MESTIZO/A,SOLTERO,ECUADOR,NINGUNA,4,0,17,TARDE,OTRAS
ZONA 3,COTOPAXI,SALCEDO,COTOPAXI,SALCEDO,-1.04283,-78.58567,URBANO,VIA PUBLICA,PUBLICO,VIOLENCIA COMUNITARIA,RINAS,37,HOMBRE,MESTIZO/A,SOLTERO,ECUADOR,NINGUNA,2,0,0,MADRUGADA,ARMA_BLANCA
ZONA 9,D.M. QUITO,LA DELICIA,PICHINCHA,QUITO,-0.09089,-78.50891,URBANO,TERRENO BALDIO,PUBLICO,VIOLENCIA COMUNITARIA,LINCHAMIENTO,55,HOMBRE,MESTIZO/A,CASADO,ECUADOR,NINGUNA,0,0,20,NOCHE,ARMA_CONTUNDENTE
ZONA 1,SUCUMBIOS,SHUSHUFINDI,SUCUMBIOS,SHUSHUFINDI,-0.19809,-76.62182,URBANO,FINCA,PRIVADO,DELINCUENCIA COMUN,AMENAZA,17,HOMBRE,AFRO,SOLTERO,ECUADOR,NINGUNA,4,0,22,NOCHE,ARMA_BLANCA
ZONA 4,STO DGO DE LOS TSACHILAS,SANTO DOMINGO OESTE,STO DGO DE LOS TSACHILAS,SANTO DOMINGO,-0.20454,-79.21087,RURAL,VIA PUBLICA,PUBLICO,DELINCUENCIA COMUN,AMENAZA,20,HOMBRE,MESTIZO/A,SOLTERO,ECUADOR,NINGUNA,2,0,1,MADRUGADA,OTRAS
ZONA 9,D.M. QUITO,LOS CHILLOS,PICHINCHA,QUITO,-0.337930627157675,-78.4119000413921,URBANO,TERRENO BALDIO,PUBLICO,DELINCUENCIA COMUN,ROBO DE CARROS,31,HOMBRE,MESTIZO/A,CASADO,ECUADOR,NINGUNA,3,0,13,TARDE,ARMA_CONTUNDENTE
ZONA 4,MANABI,PORTOVIEJO,MANABI,PORTOVIEJO,-1.04787,-80.51604,URBANO,VIA PUBLICA,PUBLICO,DELINCUENCIA COMUN,TRAFICO INTERNO DE DROGAS (MICROTRAFICO),20,HOMBRE,MESTIZO/A,SOLTERO,ECUADOR,NINGUNA,1,0,22,NOCHE,ARMA_FUEGO
ZONA 9,D.M. QUITO,EUGENIO ESPEJO,PICHINCHA,QUITO,-0.12873,-78.51426,URBANO,CASA/VILLA,PRIVADO,VIOLENCIA INTRAFAMILIAR,MALTRATO,3,MUJER,MESTIZO/A,SOLTERO,ECUADOR,NINGUNA,2,0,12,TARDE,OTRAS
ZONA 5,GUAYAS,PEDRO CARBO,GUAYAS,PEDRO CARBO,-1.84187,-80.22183,RURAL,RESTAURANTE,PRIVADO,DELINCUENCIA COMUN,ROBO A DOMICILIOS,47,HOMBRE,MESTIZO/A,SOLTERO,ECUADOR,NINGUNA,0,0,1,MADRUGADA,ARMA_CONTUNDENTE
ZONA 7,EL ORO,HUAQUILLAS,EL ORO,HUAQUILLAS,-3.48535888739032,-80.2433433383703,RURAL,VIA PUBLICA,PUBLICO,VIOLENCIA COMUNITARIA,RINAS,54,HOMBRE,MESTIZO/A,SOLTERO,ECUADOR,NINGUNA,3,0,9,MANANA,ARMA_CONTUNDENTE
ZONA 9,D.M. QUITO,LOS CHILLOS,PICHINCHA,QUITO,-0.29706,-78.44054,URBANO,VIA PUBLICA,PUBLICO,VIOLENCIA COMUNITARIA,RINAS,55,HOMBRE,MESTIZO/A,CASADO,ECUADOR,NINGUNA,2,0,15,TARDE,ARMA_CONTUNDENTE
ZONA 7,EL ORO,SANTA ROSA,EL ORO,SANTA ROSA,-3.437247,-79.965136,URBANO,VIA PUBLICA,PUBLICO,VIOLENCIA COMUNITARIA,RINAS,21,HOMBRE,MESTIZO/A,SOLTERO,ECUADOR,NINGUNA,6,1,20,NOCHE,ARMA_FUEGO
ZONA 5,LOS RIOS,VENTANAS,LOS RIOS,VENTANAS,-1.46909,-79.46264,RURAL,VIA PUBLICA,PUBLICO,DELINCUENCIA COMUN,TRAFICO INTERNO DE DROGAS (MICROTRAFICO),27,HOMBRE,MESTIZO/A,SOLTERO,ECUADOR,NINGUNA,4,0,7,MANANA,ARMA_BLANCA
ZONA 8,D.M. GUAYAQUIL,PORTETE,GUAYAS,GUAYAQUIL,-2.22958,-79.93177,URBANO,VIA PUBLICA,PUBLICO,DELINCUENCIA COMUN,AMENAZA,19,HOMBRE,MESTIZO/A,SOLTERO,ECUADOR,NINGUNA,1,0,1,MADRUGADA,ARMA_BLANCA
ZONA 7,EL ORO,PASAJE,EL ORO,EL GUABO,-3.07104,-79.76973,RURAL,VIA PUBLICA,PUBLICO,DELINCUENCIA COMUN,TRAFICO INTERNO DE DROGAS (MICROTRAFICO),30,HOMBRE,MESTIZO/A,SOLTERO,ECUADOR,NINGUNA,4,0,18,NOCHE,ARMA_BLANCA
ZONA 8,D.M. GUAYAQUIL,PASCUALES,GUAYAS,GUAYAQUIL,-1.9875439456955,-79.9801576137543,URBANO,CASA/VILLA,PRIVADO,DELINCUENCIA COMUN,ROBO A DOMICILIOS,74,MUJER,MESTIZO/A,SOLTERO,ECUADOR,NINGUNA,0,0,11,MANANA,ARMA_CONTUNDENTE
ZONA 4,MANABI,PORTOVIEJO,MANABI,PORTOVIEJO,-1.05091,-80.44389,URBANO,VIA PUBLICA,PUBLICO,DELINCUENCIA COMUN,TRAFICO INTERNO DE DROGAS (MICROTRAFICO),52,HOMBRE,MESTIZO/A,SOLTERO,ECUADOR,NINGUNA,1,0,2,MADRUGADA,ARMA_FUEGO
ZONA 1,IMBABURA,CIUDAD BLANCA,IMBABURA,IBARRA,0.34632,-78.12274,URBANO,HOSTALES,PRIVADO,VIOLENCIA INTRAFAMILIAR,MALTRATO,41,HOMBRE,AFRO,SOLTERO,ECUADOR,NINGUNA,5,1,20,NOCHE,ARMA_BLANCA
ZONA 7,EL ORO,MACHALA,EL ORO,MACHALA,-3.2641,-79.96379,URBANO,CENTROS DE REHABILITACION SOCIAL,PRIVADO,DELINCUENCIA COMUN,AMENAZA,33,HOMBRE,MESTIZO/A,SOLTERO,ECUADOR,NINGUNA,6,1,18,NOCHE,OTRAS
ZONA 1,ESMERALDAS,ESMERALDAS,ESMERALDAS,ESMERALDAS,0.94912,-79.64844,URBANO,VIA PUBLICA,PUBLICO,DELINCUENCIA COMUN,AMENAZA,50,HOMBRE,MESTIZO/A,SOLTERO,ECUADOR,NINGUNA,3,0,4,MADRUGADA,ARMA_FUEGO
ZONA 5,GUAYAS,YAGUACHI,GUAYAS,SAN JACINTO DE YAGUACHI,-2.20409,-79.62223,RURAL,FINCA,PRIVADO,DELINCUENCIA COMUN,AMENAZA,18,HOMBRE,MESTIZO/A,SOLTERO,ECUADOR,NINGUNA,5,1,11,MANANA,ARMA_BLANCA
ZONA 9,D.M. QUITO,EUGENIO ESPEJO,PICHINCHA,QUITO,-0.15332,-78.46783,URBANO,VIA PUBLICA,PUBLICO,DELINCUENCIA COMUN,AMENAZA,28,HOMBRE,MESTIZO/A,SOLTERO,ECUADOR,NINGUNA,5,1,6,MANANA,ARMA_CONTUNDENTE
ZONA 3,CHIMBORAZO,GUANO,CHIMBORAZO,GUANO,-1.58251,-78.70776,RURAL,BOSQUE Y RESERVAS ECOLOGICAS,PUBLICO,TRANSNACIONAL,TRAFICO INTERNACIONAL DE DROGA,46,HOMBRE,MESTIZO/A,SOLTERO,ECUADOR,NINGUNA,1,0,19,NOCHE,ARMA_BLANCA
ZONA 8,D.M. GUAYAQUIL,PASCUALES,GUAYAS,GUAYAQUIL,-2.07527,-79.93322,URBANO,VIA PUBLICA,PUBLICO,DELINCUENCIA COMUN,TRAFICO INTERNO DE DROGAS (MICROTRAFICO),26,HOMBRE,MULATO/A,SOLTERO,ECUADOR,NINGUNA,6,1,0,MADRUGADA,ARMA_FUEGO
ZONA 6,MORONA SANTIAGO,MORONA,MORONA SANTIAGO,MORONA,-2.07163,-78.06567,RURAL,FINCA,PRIVADO,DELINCUENCIA COMUN,ROBO DE CARROS,49,HOMBRE,MESTIZO/A,CASADO,ECUADOR,NINGUNA,6,1,20,NOCHE,ARMA_CONTUNDENTE
ZONA 4,STO DGO DE LOS TSACHILAS,SANTO DOMINGO OESTE,STO DGO DE LOS TSACHILAS,SANTO DOMINGO,-0.24229,-79.187,URBANO,VIA PUBLICA,PUBLICO,DELINCUENCIA COMUN,AMENAZA,31,HOMBRE,MESTIZO/A,EN UNION DE HECHO,ECUADOR,NINGUNA,2,0,17,TARDE,ARMA_FUEGO
ZONA 1,SUCUMBIOS,SHUSHUFINDI,SUCUMBIOS,SHUSHUFINDI,-0.45431,-76.48601,RURAL,FINCA,PRIVADO,VIOLENCIA COMUNITARIA,LITIGIO DE TIERRAS,53,HOMBRE,MESTIZO/A,SOLTERO,ECUADOR,NINGUNA,5,1,17,TARDE,ARMA_CONTUNDENTE
ZONA 1,ESMERALDAS,ATACAMES,ESMERALDAS,ATACAMES,0.79543,-79.89486,RURAL,VIA PUBLICA,PUBLICO,DELINCUENCIA COMUN,AMENAZA,40,HOMBRE,AFRO,SOLTERO,ECUADOR,NINGUNA,6,1,23,NOCHE,ARMA_BLANCA
ZONA 4,STO DGO DE LOS TSACHILAS,SANTO DOMINGO ESTE,STO DGO DE LOS TSACHILAS,SANTO DOMINGO,-0.25034,-79.172,URBANO,CASA/VILLA,PRIVADO,VIOLENCIA COMUNITARIA,RINAS,37,HOMBRE,MESTIZO/A,SOLTERO,ECUADOR,NINGUNA,0,0,2,MADRUGADA,ARMA_BLANCA
ZONA 8,D.M. GUAYAQUIL,DURAN,GUAYAS,DURAN,-2.15823,-79.81718,URBANO,VIA PUBLICA,PUBLICO,DELINCUENCIA COMUN,TRAFICO INTERNOS DE DROGAS (MICROTRAFICO),19,HOMBRE,MESTIZO/A,SOLTERO,ECUADOR,NINGUNA,6,1,18,NOCHE,ARMA_FUEGO
ZONA 9,D.M. QUITO,ELOY ALFARO - DMQ,PICHINCHA,QUITO,-0.26056,-78.53897,URBANO,VIA PUBLICA,PUBLICO,DELINCUENCIA COMUN,AMENAZA,42,HOMBRE,MESTIZO/A,SOLTERO,ECUADOR,NINGUNA,5,1,20,NOCHE,ARMA_FUEGO
ZONA 8,D.M. GUAYAQUIL,PASCUALES,GUAYAS,GUAYAQUIL,-2.05139,-79.94489,URBANO,CENTROS DE REHABILITACION SOCIAL,PRIVADO,DELINCUENCIA COMUN,AMENAZA,30,HOMBRE,MESTIZO/A,CASADO,ECUADOR,NINGUNA,1,0,3,MADRUGADA,ARMA_BLANCA
ZONA 5,LOS RIOS,QUEVEDO,LOS RIOS,QUEVEDO,-1.04091,-79.46816,URBANO,VIA PUBLICA,PUBLICO,DELINCUENCIA COMUN,ROBO A PERSONAS,48,HOMBRE,MESTIZO/A,CASADO,ECUADOR,NINGUNA,3,0,2,MADRUGADA,ARMA_FUEGO
ZONA 6,AZUAY,PONCE ENRIQUEZ,AZUAY,CAMILO PONCE ENRIQUEZ,-3.08008,-79.70897,URBANO,CENTROS Y SUBCENTROS DE SALUD,PRIVADO,VIOLENCIA COMUNITARIA,LINCHAMIENTO,29,HOMBRE,AFRO,SOLTERO,ECUADOR,NINGUNA,6,1,22,NOCHE,ARMA_CONTUNDENTE
ZONA 1,IMBABURA,CIUDAD BLANCA,IMBABURA,IBARRA,0.36623,-78.13128,URBANO,VIA PUBLICA,PUBLICO,VIOLENCIA COMUNITARIA,RINAS,24,HOMBRE,MESTIZO/A,SOLTERO,COLOMBIA,NINGUNA,6,1,21,NOCHE,ARMA_BLANCA
ZONA 9,D.M. QUITO,EUGENIO ESPEJO,PICHINCHA,QUITO,-0.15213,-78.47242,URBANO,CENTROS DE REHABILITACION SOCIAL,PRIVADO,VIOLENCIA COMUNITARIA,RINAS,39,HOMBRE,AFRO,SOLTERO,ECUADOR,NINGUNA,4,0,9,MANANA,OTRAS
ZONA 4,MANABI,ROCAFUERTE,MANABI,TOSAGUA,-0.78902,-80.23491,URBANO,VIA PUBLICA,PUBLICO,DELINCUENCIA COMUN,TRAFICO INTERNO DE DROGAS (MICROTRAFICO),24,HOMBRE,MESTIZO/A,SOLTERO,ECUADOR,NINGUNA,6,1,6,MANANA,ARMA_FUEGO
ZONA 3,CHIMBORAZO,PALLATANGA,CHIMBORAZO,PALLATANGA,-1.94801555241091,-78.8972625683527,RURAL,VIA PUBLICA,PUBLICO,VIOLENCIA COMUNITARIA,EMOCIONAL,56,HOMBRE,INDIGENA,CASADO,ECUADOR,FISICA,4,0,7,MANANA,ARMA_CONTUNDENTE
ZONA 1,ESMERALDAS,ELOY ALFARO - ESM,ESMERALDAS,ELOY ALFARO,0.930749962750635,-79.0654277801514,URBANO,OTROS CENTROS DE DIVERSION,PRIVADO,VIOLENCIA COMUNITARIA,RINAS,36,HOMBRE,MESTIZO/A,EN UNION DE HECHO,ECUADOR,NINGUNA,6,1,4,MADRUGADA,ARMA_CONTUNDENTE
ZONA 8,D.M. GUAYAQUIL,PASCUALES,GUAYAS,GUAYAQUIL,-2.07245,-79.92525,URBANO,VIA PUBLICA,PUBLICO,DELINCUENCIA COMUN,TRAFICO INTERNO DE DROGAS (MICROTRAFICO),35,HOMBRE,MESTIZO/A,SOLTERO,ECUADOR,NINGUNA,2,0,6,MANANA,ARMA_BLANCA
ZONA 6,CANAR,LA TRONCAL,CANAR,LA TRONCAL,-2.42341,-79.34035,URBANO,CENTROS COMERCIALES,PRIVADO,VIOLENCIA COMUNITARIA,RINAS,42,HOMBRE,MESTIZO/A,SOLTERO,ECUADOR,NINGUNA,4,0,10,MANANA,ARMA_BLANCA
ZONA 9,D.M. QUITO,EUGENIO ESPEJO,PICHINCHA,QUITO,-0.177719531588383,-78.48204731941219,URBANO,CANCHAS DE USO MULTIPLE,PUBLICO,VIOLENCIA COMUNITARIA,RINAS,27,HOMBRE,AFRO,SOLTERO,ECUADOR,NINGUNA,6,1,17,TARDE,ARMA_CONTUNDENTE
ZONA 4,MANABI,MANTA,MANABI,MANTA,-0.98291,-80.72545,URBANO,VIA PUBLICA,PUBLICO,DELINCUENCIA COMUN,TRAFICO INTERNO DE DROGAS (MICROTRAFICO),38,HOMBRE,MESTIZO/A,SOLTERO,ECUADOR,NINGUNA,6,1,19,NOCHE,ARMA_FUEGO
ZONA 3,CHIMBORAZO,RIOBAMBA,CHIMBORAZO,RIOBAMBA,-1.67603,-78.63672,URBANO,VIA PUBLICA,PUBLICO,VIOLENCIA COMUNITARIA,RINAS,47,HOMBRE,MESTIZO/A,DIVORCIADO,ECUADOR,NINGUNA,5,1,17,TARDE,OTRAS
ZONA 5,LOS RIOS,VINCES,LOS RIOS,VINCES,-1.56107,-79.74051,RURAL,FINCA,PRIVADO,DELINCUENCIA COMUN,AMENAZA,21,HOMBRE,MESTIZO/A,SOLTERO,ECUADOR,NINGUNA,4,0,18,NOCHE,OTRAS
ZONA 9,D.M. QUITO,ELOY ALFARO - DMQ,PICHINCHA,QUITO,-0.27338,-78.54037,URBANO,CASA/VILLA,PRIVADO,DELINCUENCIA COMUN,AMENAZA,35,HOMBRE,MESTIZO/A,CASADO,ECUADOR,NINGUNA,5,1,5,MADRUGADA,ARMA_BLANCA
ZONA 5,GUAYAS,BALZAR,GUAYAS,BALZAR,-1.40491,-79.86059,RURAL,VIA PUBLICA,PUBLICO,DELINCUENCIA COMUN,AMENAZA,22,HOMBRE,MESTIZO/A,SOLTERO,ECUADOR,NINGUNA,4,0,7,MANANA,OTRAS
ZONA 8,D.M. GUAYAQUIL,ESTEROS,GUAYAS,GUAYAQUIL,-2.23311334829976,-79.93325865281798,URBANO,CASA/VILLA,PRIVADO,VIOLENCIA COMUNITARIA,EMOCIONAL,18,MUJER,AFRO,SOLTERO,ECUADOR,NINGUNA,0,0,14,TARDE,ARMA_FUEGO
ZONA 8,D.M. GUAYAQUIL,SUR - DMG,GUAYAS,GUAYAQUIL,-2.27934,-79.88187,URBANO,VIA PUBLICA,PUBLICO,DELINCUENCIA COMUN,AMENAZA,46,HOMBRE,MESTIZO/A,CASADO,ECUADOR,NINGUNA,1,0,15,TARDE,ARMA_BLANCA
ZONA 9,D.M. QUITO,MANUELA SAENZ,PICHINCHA,QUITO,-0.25093,-78.50118,URBANO,VIA PUBLICA,PUBLICO,DELINCUENCIA COMUN,ROBO A PERSONAS,32,HOMBRE,MESTIZO/A,CASADO,ECUADOR,NINGUNA,6,1,4,MADRUGADA,ARMA_BLANCA
ZONA 9,D.M. QUITO,TUMBACO,PICHINCHA,QUITO,-0.17666,-78.39387,URBANO,CASA/VILLA,PRIVADO,VIOLENCIA COMUNITARIA,RINAS,34,HOMBRE,MESTIZO/A,SOLTERO,ECUADOR,NINGUNA,6,1,23,NOCHE,ARMA_CONTUNDENTE
ZONA 7,EL ORO,HUAQUILLAS,EL ORO,HUAQUILLAS,-3.4659,-80.21206,URBANO,VIA PUBLICA,PUBLICO,DELINCUENCIA COMUN,AMENAZA,29,HOMBRE,MESTIZO/A,SOLTERO,ECUADOR,NINGUNA,3,0,15,TARDE,ARMA_BLANCA
ZONA 1,IMBABURA,CIUDAD BLANCA,IMBABURA,IBARRA,0.36933,-78.12911,URBANO,CASA/VILLA,PRIVADO,DELINCUENCIA COMUN,ROBO A DOMICILIOS,44,HOMBRE,MESTIZO/A,DIVORCIADO,ECUADOR,NINGUNA,0,0,3,MADRUGADA,OTRAS
ZONA 8,D.M. GUAYAQUIL,PROGRESO,GUAYAS,GUAYAQUIL,-2.0159071,-79.9833792,RURAL,VIA PUBLICA,PUBLICO,DELINCUENCIA COMUN,AMENAZA,38,HOMBRE,MESTIZO/A,CASADO,ECUADOR,NINGUNA,5,1,12,TARDE,ARMA_FUEGO
ZONA 7,EL ORO,HUAQUILLAS,EL ORO,HUAQUILLAS,-3.4755,-80.21281,RURAL,VIA PUBLICA,PUBLICO,DELINCUENCIA COMUN,AMENAZA,22,HOMBRE,MESTIZO/A,SOLTERO,ECUADOR,NINGUNA,0,0,0,MADRUGADA,ARMA_BLANCA
ZONA 3,TUNGURAHUA,PATATE,TUNGURAHUA,SAN PEDRO DE PELILEO,-1.32139,-78.57588,RURAL,CASA/VILLA,PRIVADO,VIOLENCIA COMUNITARIA,ACTOS DE ODIO,51,HOMBRE,INDIGENA,CASADO,ECUADOR,NINGUNA,3,0,23,NOCHE,ARMA_CONTUNDENTE
ZONA 5,GUAYAS,EMPALME,GUAYAS,EL EMPALME,-0.999037362389243,-79.75453555583948,RURAL,VIA PUBLICA,PUBLICO,VIOLENCIA COMUNITARIA,RINAS,58,HOMBRE,MESTIZO/A,SOLTERO,ECUADOR,NINGUNA,0,0,19,NOCHE,ARMA_CONTUNDENTE
ZONA 1,IMBABURA,CIUDAD BLANCA,IMBABURA,IBARRA,0.35259,-78.11397,URBANO,CENTROS DE REHABILITACION SOCIAL,PRIVADO,DELINCUENCIA COMUN,AMENAZA,39,HOMBRE,MESTIZO/A,CASADO,ECUADOR,NINGUNA,5,1,8,MANANA,OTRAS
ZONA 4,STO DGO DE LOS TSACHILAS,SANTO DOMINGO ESTE,STO DGO DE LOS TSACHILAS,SANTO DOMINGO,-0.29105,-79.2067,URBANO,CASA/VILLA,PRIVADO,PSICOPATOLOGIAS,TRASTORNOS MENTALES,82,MUJER,MESTIZO/A,SOLTERO,ECUADOR,NINGUNA,6,1,18,NOCHE,ARMA_CONTUNDENTE
ZONA 1,ESMERALDAS,ESMERALDAS,ESMERALDAS,ESMERALDAS,0.97125,-79.64918,URBANO,VIA PUBLICA,PUBLICO,DELINCUENCIA COMUN,AMENAZA,39,HOMBRE,AFRO,SOLTERO,ECUADOR,NINGUNA,0,0,4,MADRUGADA,OTRAS
ZONA 5,GUAYAS,EL TRIUNFO BUCAY,GUAYAS,EL TRIUNFO,-2.32451484101168,-79.39762653723228,URBANO,VIA PUBLICA,PUBLICO,DELINCUENCIA COMUN,AMENAZA,48,MUJER,MESTIZO/A,SOLTERO,ECUADOR,NINGUNA,1,0,21,NOCHE,ARMA_FUEGO
ZONA 4,STO DGO DE LOS TSACHILAS,SANTO DOMINGO ESTE,STO DGO DE LOS TSACHILAS,SANTO DOMINGO,-0.3059,-79.18465,URBANO,CENTROS DE REHABILITACION SOCIAL,PRIVADO,VIOLENCIA COMUNITARIA,RINAS,53,HOMBRE,MESTIZO/A,CASADO,ECUADOR,NINGUNA,0,0,1,MADRUGADA,ARMA_CONTUNDENTE
ZONA 9,D.M. QUITO,ELOY ALFARO - DMQ,PICHINCHA,QUITO,-0.252880191843945,-78.5133614391088,URBANO,VIA PUBLICA,PUBLICO,VIOLENCIA COMUNITARIA,DEUDAS,31,HOMBRE,MESTIZO/A,SOLTERO,ECUADOR,NINGUNA,6,1,8,MANANA,ARMA_FUEGO
ZONA 5,GUAYAS,NARANJAL BALAO,GUAYAS,NARANJAL,-2.53583,-79.54692,RURAL,VIA PUBLICA,PUBLICO,DELINCUENCIA COMUN,AMENAZA,39,HOMBRE,MESTIZO/A,SOLTERO,ECUADOR,NINGUNA,6,1,2,MADRUGADA,OTRAS
ZONA 5,LOS RIOS,QUEVEDO,LOS RIOS,QUEVEDO,-1.037501,-79.44824199999998,URBANO,VIA PUBLICA,PUBLICO,DELINCUENCIA COMUN,AMENAZA,25,HOMBRE,MESTIZO/A,SOLTERO,ECUADOR,NINGUNA,0,0,8,MANANA,ARMA_FUEGO
ZONA 8,D.M. GUAYAQUIL,NUEVA PROSPERINA,GUAYAS,GUAYAQUIL,-2.12956,-79.96996,URBANO,CASA/VILLA,PRIVADO,VIOLENCIA INTRAFAMILIAR,SENTIMENTAL,39,MUJER,AFRO,SOLTERO,ECUADOR,NINGUNA,5,1,18,NOCHE,ARMA_BLANCA
ZONA 5,GUAYAS,NARANJAL BALAO,GUAYAS,NARANJAL,-2.80006,-79.70594,URBANO,VIA PUBLICA,PUBLICO,DELINCUENCIA COMUN,TRAFICO INTERNO DE DROGAS (MICROTRAFICO),21,HOMBRE,MESTIZO/A,SOLTERO,ECUADOR,NINGUNA,4,0,18,NOCHE,ARMA_CONTUNDENTE
ZONA 2,ORELLANA,ORELLANA LORETO,ORELLANA,FRANCISCO DE ORELLANA,-0.4747,-76.97931,URBANO,FUERZAS DE SEGURIDAD PUBLICA Y DEL ESTADO,PRIVADO,DELINCUENCIA COMUN,AMENAZA,25,MUJER,MESTIZO/A,SOLTERO,ECUADOR,NINGUNA,5,1,1,MADRUGADA,OTRAS
ZONA 8,D.M. GUAYAQUIL,DURAN,GUAYAS,DURAN,-2.21628,-79.81046,URBANO,VIA PUBLICA,PUBLICO,DELINCUENCIA COMUN,AMENAZA,46,HOMBRE,AFRO,SOLTERO,ECUADOR,NINGUNA,2,0,7,MANANA,ARMA_FUEGO
ZONA 8,D.M. GUAYAQUIL,PASCUALES,GUAYAS,GUAYAQUIL,-2.0829,-79.89589,URBANO,CASA/VILLA,PRIVADO,DELINCUENCIA COMUN,AMENAZA,23,HOMBRE,AFRO,SOLTERO,ECUADOR,NINGUNA,0,0,17,TARDE,OTRAS
ZONA 8,D.M. GUAYAQUIL,NUEVA PROSPERINA,GUAYAS,GUAYAQUIL,-2.10225,-79.9808,RURAL,VIA PUBLICA,PUBLICO,DELINCUENCIA COMUN,ROBO DE CARROS,62,HOMBRE,MESTIZO/A,SOLTERO,ECUADOR,NINGUNA,4,0,6,MANANA,OTRAS
ZONA 4,MANABI,PORTOVIEJO,MANABI,PORTOVIEJO,-1.01665,-80.38565,RURAL,CENTROS DE REHABILITACION SOCIAL,PRIVADO,DELINCUENCIA COMUN,AMENAZA,30,HOMBRE,MESTIZO/A,SOLTERO,ECUADOR,NINGUNA,3,0,14,TARDE,OTRAS
ZONA 4,MANABI,MANTA,MANABI,MANTA,-0.9639839999999988,-80.750741,RURAL,CASA/VILLA,PRIVADO,DELINCUENCIA COMUN,ROBO A DOMICILIOS,88,MUJER,MESTIZO/A,VIUDO,ECUADOR,NINGUNA,1,0,13,TARDE,ARMA_CONTUNDENTE
ZONA 5,LOS RIOS,BUENA FE,LOS RIOS,VALENCIA,-0.94045,-79.35366,URBANO,FINCA,PRIVADO,DELINCUENCIA COMUN,AMENAZA,44,HOMBRE,MESTIZO/A,SOLTERO,ECUADOR,NINGUNA,0,0,10,MANANA,ARMA_BLANCA
ZONA 8,D.M. GUAYAQUIL,PASCUALES,GUAYAS,GUAYAQUIL,-2.0629,-79.95918,URBANO,VIA PUBLICA,PUBLICO,DELINCUENCIA COMUN,ROBO DE CARROS,43,HOMBRE,MESTIZO/A,CASADO,ECUADOR,NINGUNA,2,0,7,MANANA,OTRAS
ZONA 8,D.M. GUAYAQUIL,PASCUALES,GUAYAS,GUAYAQUIL,-2.05263,-79.94405,URBANO,CENTROS DE REHABILITACION SOCIAL,PRIVADO,DELINCUENCIA COMUN,AMENAZA,28,HOMBRE,MESTIZO/A,SOLTERO,ECUADOR,NINGUNA,0,0,1,MADRUGADA,OTRAS
ZONA 5,GUAYAS,NARANJAL BALAO,GUAYAS,NARANJAL,-2.68235195668748,-79.63030636310579,URBANO,CASA/VILLA,PRIVADO,DELINCUENCIA COMUN,AMENAZA,50,HOMBRE,MESTIZO/A,SOLTERO,ECUADOR,NINGUNA,0,0,3,MADRUGADA,ARMA_FUEGO
ZONA 9,D.M. QUITO,QUITUMBE,PICHINCHA,QUITO,-0.29824,-78.56119,URBANO,VIA PUBLICA,PUBLICO,VIOLENCIA COMUNITARIA,RINAS,48,HOMBRE,MESTIZO/A,SOLTERO,ECUADOR,NINGUNA,2,0,23,NOCHE,ARMA_BLANCA
ZONA 5,GUAYAS,DAULE,GUAYAS,DAULE,-1.79081,-80.01447,RURAL,CASA/VILLA,PRIVADO,DELINCUENCIA COMUN,AMENAZA,31,MUJER,MESTIZO/A,SOLTERO,ECUADOR,NINGUNA,0,0,22,NOCHE,ARMA_FUEGO
ZONA 8,D.M. GUAYAQUIL,DURAN,GUAYAS,DURAN,-2.16014,-79.84063,URBANO,VIA PUBLICA,PUBLICO,DELINCUENCIA COMUN,TRAFICO INTERNO DE DROGAS (MICROTRAFICO),24,HOMBRE,MESTIZO/A,SOLTERO,ECUADOR,NINGUNA,6,1,13,TARDE,ARMA_FUEGO
ZONA 8,D.M. GUAYAQUIL,NUEVA PROSPERINA,GUAYAS,GUAYAQUIL,-2.11977,-79.97451,URBANO,VIA PUBLICA,PUBLICO,DELINCUENCIA COMUN,AMENAZA,32,MUJER,MESTIZO/A,SOLTERO,ECUADOR,NINGUNA,6,1,8,MANANA,ARMA_BLANCA
ZONA 8,D.M. GUAYAQUIL,PASCUALES,GUAYAS,GUAYAQUIL,-2.09459,-79.92819,URBANO,VIA PUBLICA,PUBLICO,DELINCUENCIA COMUN,TRAFICO INTERNO DE DROGAS (MICROTRAFICO),22,HOMBRE,MESTIZO/A,SOLTERO,ECUADOR,NINGUNA,6,1,5,MADRUGADA,OTRAS
ZONA 4,STO DGO DE LOS TSACHILAS,SANTO DOMINGO OESTE,STO DGO DE LOS TSACHILAS,SANTO DOMINGO,-0.222249,-79.196762,URBANO,CASA/VILLA,PRIVADO,DELINCUENCIA COMUN,AMENAZA,72,HOMBRE,MESTIZO/A,CASADO,ECUADOR,NINGUNA,4,0,23,NOCHE,ARMA_FUEGO
ZONA 1,IMBABURA,TIERRA DEL SOL,IMBABURA,COTACACHI,0.26297,-78.60801,URBANO,QUEBRADAS,PUBLICO,DELINCUENCIA COMUN,AMENAZA,48,HOMBRE,INDIGENA,CASADO,ECUADOR,NINGUNA,6,1,18,NOCHE,OTRAS
ZONA 8,D.M. GUAYAQUIL,PORTETE,GUAYAS,GUAYAQUIL,-2.21672,-79.92609,URBANO,VIA PUBLICA,PUBLICO,DELINCUENCIA COMUN,TRAFICO INTERNO DE DROGAS (MICROTRAFICO),28,HOMBRE,MESTIZO/A,DIVORCIADO,ECUADOR,NINGUNA,3,0,15,TARDE,ARMA_BLANCA
ZONA 5,GUAYAS,EL TRIUNFO BUCAY,GUAYAS,EL TRIUNFO,-2.3096,-79.57135,RURAL,HACIENDAS,PRIVADO,DELINCUENCIA COMUN,AMENAZA,28,MUJER,MESTIZO/A,SOLTERO,ECUADOR,NINGUNA,4,0,19,NOCHE,ARMA_BLANCA
ZONA 2,PICHINCHA,CAYAMBE,PICHINCHA,CAYAMBE,0.043581366061816,-78.14274519681929,URBANO,VIA PUBLICA,PUBLICO,VIOLENCIA COMUNITARIA,RINAS,30,HOMBRE,MESTIZO/A,SOLTERO,ECUADOR,NINGUNA,6,1,13,TARDE,ARMA_CONTUNDENTE
ZONA 4,MANABI,MANTA,MANABI,MANTA,-0.94941,-80.66461,URBANO,VIA PUBLICA,PUBLICO,VIOLENCIA INTRAFAMILIAR,SENTIMENTAL,60,MUJER,OTROS,DIVORCIADO,ECUADOR,NINGUNA,5,1,20,NOCHE,OTRAS
ZONA 5,GUAYAS,BALZAR,GUAYAS,BALZAR,-1.24290894831847,-79.7907351288587,RURAL,VIA PUBLICA,PUBLICO,VIOLENCIA COMUNITARIA,ACTOS DE ODIO,23,HOMBRE,MONTUBIO/A,SOLTERO,ECUADOR,NINGUNA,6,1,22,NOCHE,ARMA_FUEGO
ZONA 7,EL ORO,HUAQUILLAS,EL ORO,ARENILLAS,-3.54068,-80.08464,RURAL,TERRENO BALDIO,PUBLICO,DELINCUENCIA COMUN,AMENAZA,24,HOMBRE,MESTIZO/A,SOLTERO,ECUADOR,NINGUNA,6,1,9,MANANA,ARMA_BLANCA
ZONA 5,GUAYAS,BALZAR,GUAYAS,BALZAR,-1.36588,-80.00438,RURAL,VIA PUBLICA,PUBLICO,DELINCUENCIA COMUN,AMENAZA,21,HOMBRE,OTROS,SOLTERO,COLOMBIA,NINGUNA,2,0,10,MANANA,ARMA_BLANCA
ZONA 9,D.M. QUITO,LOS CHILLOS,PICHINCHA,QUITO,-0.30092,-78.46371,URBANO,VIA PUBLICA,PUBLICO,VIOLENCIA COMUNITARIA,RINAS,28,HOMBRE,MESTIZO/A,SOLTERO,ECUADOR,NINGUNA,4,0,3,MADRUGADA,ARMA_CONTUNDENTE
ZONA 8,D.M. GUAYAQUIL,SUR - DMG,GUAYAS,GUAYAQUIL,-2.27662,-79.8954,URBANO,VIA PUBLICA,PRIVADO,DELINCUENCIA COMUN,AMENAZA,37,HOMBRE,MESTIZO/A,SOLTERO,ECUADOR,NINGUNA,6,1,20,NOCHE,ARMA_CONTUNDENTE
ZONA 4,STO DGO DE LOS TSACHILAS,SANTO DOMINGO ESTE,STO DGO DE LOS TSACHILAS,SANTO DOMINGO,-0.21506,-79.14665,RURAL,VIA PUBLICA,PUBLICO,DELINCUENCIA COMUN,AMENAZA,23,HOMBRE,MESTIZO/A,SOLTERO,ECUADOR,NINGUNA,6,1,23,NOCHE,OTRAS
ZONA 8,D.M. GUAYAQUIL,NUEVA PROSPERINA,GUAYAS,GUAYAQUIL,-2.08429699999999,-79.967562,URBANO,VIA PUBLICA,PUBLICO,VIOLENCIA COMUNITARIA,RINAS,63,HOMBRE,MESTIZO/A,SOLTERO,ECUADOR,NINGUNA,1,0,14,TARDE,ARMA_CONTUNDENTE
ZONA 5,SANTA ELENA,SANTA ELENA,SANTA ELENA,SANTA ELENA,-2.25479,-80.85776,RURAL,VIA PUBLICA,PUBLICO,DELINCUENCIA COMUN,AMENAZA,27,HOMBRE,MESTIZO/A,SOLTERO,ECUADOR,NINGUNA,1,0,2,MADRUGADA,OTRAS
ZONA 5,LOS RIOS,BABAHOYO,LOS RIOS,BABAHOYO,-1.79713,-79.46213,RURAL,VIA PUBLICA,PUBLICO,DELINCUENCIA COMUN,ROBO DE CARROS,31,HOMBRE,MESTIZO/A,SOLTERO,ECUADOR,NINGUNA,0,0,18,NOCHE,ARMA_BLANCA
ZONA 6,CANAR,LA TRONCAL,CANAR,LA TRONCAL,-2.493805,-79.298389,URBANO,CASA/VILLA,PRIVADO,DELINCUENCIA COMUN,TRAFICO INTERNO DE DROGAS (MICROTRAFICO),50,HOMBRE,MESTIZO/A,SOLTERO,ECUADOR,NINGUNA,0,0,14,TARDE,ARMA_FUEGO
ZONA 4,STO DGO DE LOS TSACHILAS,LA CONCORDIA,STO DGO DE LOS TSACHILAS,LA CONCORDIA,0.01207,-79.39795,URBANO,CASA/VILLA,PRIVADO,DELINCUENCIA COMUN,AMENAZA,68,MUJER,MESTIZO/A,VIUDO,ECUADOR,NINGUNA,6,1,21,NOCHE,OTRAS
ZONA 1,ESMERALDAS,RIO VERDE,ESMERALDAS,RIOVERDE,1.06209,-79.35643498999998,RURAL,MAR,PUBLICO,DELINCUENCIA COMUN,SECUESTRO EXPRESS,41,HOMBRE,AFRO,SOLTERO,ECUADOR,NINGUNA,1,0,19,NOCHE,ARMA_FUEGO
ZONA 2,PICHINCHA,RUMINAHUI - MEJIA,PICHINCHA,RUMINAHUI,-0.40718,-78.43239,RURAL,CASA/VILLA,PRIVADO,VIOLENCIA COMUNITARIA,RINAS,41,HOMBRE,MESTIZO/A,SOLTERO,ECUADOR,NINGUNA,5,1,2,MADRUGADA,OTRAS
ZONA 5,LOS RIOS,BUENA FE,LOS RIOS,VALENCIA,-0.67951,-79.40622,RURAL,VIA PUBLICA,PUBLICO,DELINCUENCIA COMUN,AMENAZA,21,HOMBRE,MESTIZO/A,SOLTERO,ECUADOR,NINGUNA,0,0,8,MANANA,ARMA_BLANCA
ZONA 8,D.M. GUAYAQUIL,SUR - DMG,GUAYAS,GUAYAQUIL,-2.24288,-79.89175,URBANO,VIA PUBLICA,PUBLICO,DELINCUENCIA COMUN,AMENAZA,17,HOMBRE,MESTIZO/A,SOLTERO,ECUADOR,NINGUNA,6,1,22,NOCHE,ARMA_FUEGO
ZONA 9,D.M. QUITO,ELOY ALFARO - DMQ,PICHINCHA,QUITO,-0.25446,-78.52177,URBANO,HOSTALES,PRIVADO,VIOLENCIA COMUNITARIA,EMOCIONAL,34,MUJER,MESTIZO/A,DIVORCIADO,ECUADOR,NINGUNA,4,0,15,TARDE,ARMA_CONTUNDENTE
ZONA 5,LOS RIOS,VENTANAS,LOS RIOS,QUINSALOMA,-1.20996,-79.3101,RURAL,VIA PUBLICA,PUBLICO,DELINCUENCIA COMUN,AMENAZA,30,HOMBRE,MESTIZO/A,SOLTERO,COLOMBIA,NINGUNA,2,0,16,TARDE,ARMA_FUEGO
ZONA 5,LOS RIOS,BUENA FE,LOS RIOS,BUENA FE,-0.88822,-79.49506,URBANO,CASA/VILLA,PRIVADO,DELINCUENCIA COMUN,AMENAZA,60,HOMBRE,MESTIZO/A,SOLTERO,ECUADOR,NINGUNA,3,0,4,MADRUGADA,ARMA_FUEGO
ZONA 3,TUNGURAHUA,AMBATO SUR,TUNGURAHUA,AMBATO,-1.25297,-78.6205,URBANO,VIA PUBLICA,PUBLICO,VIOLENCIA COMUNITARIA,RINAS,47,HOMBRE,MESTIZO/A,SOLTERO,ECUADOR,NINGUNA,6,1,15,TARDE,ARMA_BLANCA
ZONA 3,TUNGURAHUA,PILLARO,TUNGURAHUA,SANTIAGO DE PILLARO,-1.15860381018625,-78.55249688029289,RURAL,VIA PUBLICA,PUBLICO,DELINCUENCIA COMUN,ROBO A DOMICILIOS,49,MUJER,MESTIZO/A,DIVORCIADO,ECUADOR,NINGUNA,5,1,2,MADRUGADA,ARMA_FUEGO
ZONA 8,D.M. GUAYAQUIL,PORTETE,GUAYAS,GUAYAQUIL,-2.22192,-79.94803,URBANO,CASA/VILLA,PRIVADO,VIOLENCIA COMUNITARIA,RINAS,24,HOMBRE,MESTIZO/A,SOLTERO,ECUADOR,NINGUNA,5,1,4,MADRUGADA,ARMA_BLANCA
ZONA 5,LOS RIOS,QUEVEDO,LOS RIOS,QUEVEDO,-0.9676,-79.4242,URBANO,RESTAURANTE,PRIVADO,DELINCUENCIA COMUN,AMENAZA,31,HOMBRE,MESTIZO/A,SOLTERO,ECUADOR,NINGUNA,1,0,20,NOCHE,ARMA_FUEGO
ZONA 5,GUAYAS,SALITRE,GUAYAS,SALITRE,-1.8367,-79.77168,RURAL,VIA PUBLICA,PUBLICO,DELINCUENCIA COMUN,AMENAZA,33,HOMBRE,MESTIZO/A,SOLTERO,ECUADOR,NINGUNA,6,1,7,MANANA,ARMA_BLANCA
ZONA 5,GUAYAS,DAULE,GUAYAS,DAULE,-1.79081,-80.01447,RURAL,CASA/VILLA,PRIVADO,DELINCUENCIA COMUN,AMENAZA,38,HOMBRE,MESTIZO/A,SOLTERO,ECUADOR,NINGUNA,0,0,22,NOCHE,ARMA_FUEGO
ZONA 1,ESMERALDAS,ESMERALDAS,ESMERALDAS,ESMERALDAS,0.90539,-79.6878,URBANO,VIA PUBLICA,PUBLICO,DELINCUENCIA COMUN,ROBO A PERSONAS,38,HOMBRE,MESTIZO/A,CASADO,ECUADOR,NINGUNA,6,1,16,TARDE,ARMA_FUEGO
ZONA 6,AZUAY,NABON,AZUAY,NABON,-3.3202,-79.03479,RURAL,VIA PUBLICA,PUBLICO,VIOLENCIA COMUNITARIA,RINAS,31,HOMBRE,MESTIZO/A,SOLTERO,ECUADOR,NINGUNA,6,1,12,TARDE,OTRAS
ZONA 5,GUAYAS,NARANJAL BALAO,GUAYAS,NARANJAL,-2.69161,-79.64061,RURAL,VIA PUBLICA,PUBLICO,DELINCUENCIA COMUN,AMENAZA,40,HOMBRE,MESTIZO/A,SOLTERO,ECUADOR,NINGUNA,1,0,6,MANANA,OTRAS
ZONA 4,MANABI,24 DE MAYO,MANABI,SANTA ANA,-1.23031,-80.09444,URBANO,FINCA,PRIVADO,VIOLENCIA INTRAFAMILIAR,SENTIMENTAL,51,HOMBRE,MONTUBIO/A,SOLTERO,ECUADOR,NINGUNA,1,0,7,MANANA,ARMA_FUEGO
ZONA 5,BOLIVAR,SAN MIGUEL,BOLIVAR,SAN MIGUEL,-1.71833,-79.12972,RURAL,BOSQUE Y RESERVAS ECOLOGICAS,PUBLICO,VIOLENCIA INTRAFAMILIAR,MALTRATO,38,MUJER,MESTIZO/A,SOLTERO,ECUADOR,NINGUNA,1,0,17,TARDE,ARMA_CONTUNDENTE
ZONA 1,ESMERALDAS,SAN LORENZO,ESMERALDAS,SAN LORENZO,1.28458733577945,-78.8311690092086,URBANO,VIA PUBLICA,PUBLICO,VIOLENCIA COMUNITARIA,RINAS,36,HOMBRE,MESTIZO/A,EN UNION DE HECHO,ECUADOR,NINGUNA,5,1,3,MADRUGADA,ARMA_CONTUNDENTE
ZONA 8,D.M. GUAYAQUIL,PASCUALES,GUAYAS,GUAYAQUIL,-2.04975,-79.94691,URBANO,CENTROS DE REHABILITACION SOCIAL,PRIVADO,DELINCUENCIA COMUN,AMENAZA,37,HOMBRE,MESTIZO/A,SOLTERO,ECUADOR,NINGUNA,6,1,5,MADRUGADA,OTRAS
ZONA 7,EL ORO,MACHALA,EL ORO,MACHALA,-3.24835,-79.88881,RURAL,VIA PUBLICA,PUBLICO,DELINCUENCIA COMUN,AMENAZA,23,HOMBRE,MESTIZO/A,SOLTERO,ECUADOR,NINGUNA,5,1,5,MADRUGADA,OTRAS
ZONA 5,GUAYAS,MILAGRO,GUAYAS,MILAGRO,-2.1245579999999906,-79.58009,URBANO,CASA/VILLA,PRIVADO,VIOLENCIA INTRAFAMILIAR,SENTIMENTAL,42,MUJER,MESTIZO/A,DIVORCIADO,ECUADOR,NINGUNA,3,0,1,MADRUGADA,ARMA_CONTUNDENTE
ZONA 6,AZUAY,PONCE ENRIQUEZ,AZUAY,CAMILO PONCE ENRIQUEZ,-3.05535,-79.70939,RURAL,"FUNDACIONES, ASOCIACIONES Y ORGANIZACIONES",PRIVADO,DELINCUENCIA COMUN,AMENAZA,29,HOMBRE,MESTIZO/A,SOLTERO,ECUADOR,NINGUNA,1,0,9,MANANA,ARMA_BLANCA
ZONA 5,LOS RIOS,QUEVEDO,LOS RIOS,QUEVEDO,-1.03179,-79.47141,URBANO,VIA PUBLICA,PUBLICO,DELINCUENCIA COMUN,AMENAZA,32,HOMBRE,MESTIZO/A,SOLTERO,ECUADOR,NINGUNA,1,0,23,NOCHE,ARMA_BLANCA
ZONA 6,AZUAY,CUENCA NORTE,AZUAY,CUENCA,-2.86678,-78.98377,URBANO,CASA/VILLA,PRIVADO,VIOLENCIA COMUNITARIA,RINAS,32,HOMBRE,MESTIZO/A,SOLTERO,ECUADOR,NINGUNA,5,1,2,MADRUGADA,ARMA_BLANCA
ZONA 8,D.M. GUAYAQUIL,NUEVA PROSPERINA,GUAYAS,GUAYAQUIL,-2.12347,-79.95069,URBANO,CASA/VILLA,PRIVADO,DELINCUENCIA COMUN,AMENAZA,48,MUJER,MESTIZO/A,SOLTERO,ECUADOR,NINGUNA,3,0,2,MADRUGADA,OTRAS
ZONA 8,D.M. GUAYAQUIL,PROGRESO,GUAYAS,GUAYAQUIL,-2.72015,-80.29773,URBANO,VIA PUBLICA,PUBLICO,DELINCUENCIA COMUN,AMENAZA,27,HOMBRE,MESTIZO/A,SOLTERO,ECUADOR,NINGUNA,4,0,6,MANANA,ARMA_BLANCA
ZONA 7,EL ORO,MACHALA,EL ORO,MACHALA,-3.27974,-79.94961,URBANO,VIA PUBLICA,PUBLICO,DELINCUENCIA COMUN,TRAFICO INTERNO DE DROGAS (MICROTRAFICO),41,HOMBRE,MESTIZO/A,SOLTERO,ECUADOR,NINGUNA,2,0,0,MADRUGADA,ARMA_BLANCA
ZONA 1,ESMERALDAS,ESMERALDAS,ESMERALDAS,ESMERALDAS,0.76716,-79.56487,RURAL,VIA PUBLICA,PUBLICO,DELINCUENCIA COMUN,AMENAZA,46,HOMBRE,MESTIZO/A,SOLTERO,ECUADOR,NINGUNA,5,1,12,TARDE,OTRAS
ZONA 5,LOS RIOS,BABAHOYO,LOS RIOS,BABAHOYO,-1.80978,-79.49651,URBANO,TERRENO BALDIO,PUBLICO,DELINCUENCIA COMUN,AMENAZA,48,HOMBRE,MESTIZO/A,SOLTERO,ECUADOR,NINGUNA,5,1,23,NOCHE,OTRAS
ZONA 7,ZAMORA CHINCHIPE,YANTZAZA,ZAMORA CHINCHIPE,EL PANGUI,-3.62568,-78.58782,URBANO,VIA PUBLICA,PUBLICO,VIOLENCIA COMUNITARIA,LINCHAMIENTO,51,HOMBRE,MESTIZO/A,SOLTERO,ECUADOR,NINGUNA,3,0,15,TARDE,OTRAS
ZONA 1,ESMERALDAS,ESMERALDAS,ESMERALDAS,ESMERALDAS,0.92313,-79.66966,URBANO,GASOLINERAS,PRIVADO,DELINCUENCIA COMUN,AMENAZA,18,HOMBRE,MESTIZO/A,SOLTERO,ECUADOR,NINGUNA,6,1,18,NOCHE,ARMA_BLANCA
ZONA 1,IMBABURA,TIERRA DEL SOL,IMBABURA,COTACACHI,0.22928,-78.63129,RURAL,CASA/VILLA,PRIVADO,VIOLENCIA INTRAFAMILIAR,SENTIMENTAL,21,MUJER,OTROS,SOLTERO,ECUADOR,NINGUNA,2,0,23,NOCHE,OTRAS
ZONA 5,LOS RIOS,BUENA FE,LOS RIOS,BUENA FE,-0.90116,-79.4913,URBANO,VIA PUBLICA,PUBLICO,DELINCUENCIA COMUN,AMENAZA,27,HOMBRE,MESTIZO/A,SOLTERO,ECUADOR,NINGUNA,6,1,14,TARDE,ARMA_FUEGO
ZONA 8,D.M. GUAYAQUIL,SAMBORONDON,GUAYAS,SAMBORONDON,-1.97774,-79.75248,URBANO,CASA/VILLA,PRIVADO,VIOLENCIA INTRAFAMILIAR,MALTRATO,39,MUJER,MESTIZO/A,CASADO,ECUADOR,NINGUNA,0,0,21,NOCHE,ARMA_CONTUNDENTE
ZONA 8,D.M. GUAYAQUIL,PORTETE,GUAYAS,GUAYAQUIL,-2.22168,-79.94652,URBANO,VIA PUBLICA,PUBLICO,DELINCUENCIA COMUN,TRAFICO INTERNO DE DROGAS (MICROTRAFICO),32,MUJER,MESTIZO/A,SOLTERO,ECUADOR,NINGUNA,1,0,23,NOCHE,ARMA_FUEGO
ZONA 1,IMBABURA,CIUDAD BLANCA,IMBABURA,IBARRA,0.346552,-78.160424,RURAL,VIA PUBLICA,PUBLICO,VIOLENCIA COMUNITARIA,DEUDAS,44,HOMBRE,MESTIZO/A,CASADO,ECUADOR,NINGUNA,5,1,21,NOCHE,ARMA_FUEGO
ZONA 5,GUAYAS,YAGUACHI,GUAYAS,SAN JACINTO DE YAGUACHI,-2.25788,-79.62582,RURAL,VIA PUBLICA,PUBLICO,DELINCUENCIA COMUN,AMENAZA,26,MUJER,MESTIZO/A,SOLTERO,ECUADOR,NINGUNA,1,0,7,MANANA,ARMA_BLANCA
ZONA 9,D.M. QUITO,QUITUMBE,PICHINCHA,QUITO,-0.317724268414224,-78.5679193139731,URBANO,BOSQUE Y RESERVAS ECOLOGICAS,PUBLICO,DELINCUENCIA COMUN,ROBO DE CARROS,38,MUJER,MESTIZO/A,DIVORCIADO,ECUADOR,NINGUNA,6,1,17,TARDE,ARMA_CONTUNDENTE
ZONA 7,EL ORO,HUAQUILLAS,EL ORO,HUAQUILLAS,-3.46473,-80.21327,RURAL,VIA PUBLICA,PUBLICO,DELINCUENCIA COMUN,AMENAZA,19,HOMBRE,MESTIZO/A,SOLTERO,ECUADOR,NINGUNA,0,0,18,NOCHE,OTRAS
ZONA 1,SUCUMBIOS,SHUSHUFINDI,SUCUMBIOS,SHUSHUFINDI,-0.11967,-76.65886,RURAL,FINCA,PRIVADO,DELINCUENCIA COMUN,AMENAZA,29,HOMBRE,MESTIZO/A,SOLTERO,ECUADOR,NINGUNA,5,1,16,TARDE,ARMA_FUEGO
ZONA 8,D.M. GUAYAQUIL,PROGRESO,GUAYAS,GUAYAQUIL,-2.21357,-80.10202,URBANO,RIO,PUBLICO,DELINCUENCIA COMUN,AMENAZA,29,HOMBRE,MESTIZO/A,SOLTERO,ECUADOR,NINGUNA,4,0,8,MANANA,OTRAS
ZONA 8,D.M. GUAYAQUIL,PASCUALES,GUAYAS,GUAYAQUIL,-2.05139,-79.94489,URBANO,CENTROS DE REHABILITACION SOCIAL,PRIVADO,DELINCUENCIA COMUN,AMENAZA,25,HOMBRE,MESTIZO/A,SOLTERO,ECUADOR,NINGUNA,1,0,3,MADRUGADA,ARMA_BLANCA
ZONA 8,D.M. GUAYAQUIL,PASCUALES,GUAYAS,GUAYAQUIL,-2.0523,-79.94375,URBANO,CENTROS DE REHABILITACION SOCIAL,PRIVADO,DELINCUENCIA COMUN,AMENAZA,32,HOMBRE,MESTIZO/A,SOLTERO,ECUADOR,NINGUNA,3,0,8,MANANA,OTRAS
ZONA 8,D.M. GUAYAQUIL,PORTETE,GUAYAS,GUAYAQUIL,-2.2008,-79.9332,URBANO,HOTELES,PRIVADO,VIOLENCIA INTRAFAMILIAR,SENTIMENTAL,26,MUJER,MULATO/A,SOLTERO,ECUADOR,NINGUNA,6,1,3,MADRUGADA,OTRAS
ZONA 5,GUAYAS,NARANJAL BALAO,GUAYAS,BALAO,-2.90295,-79.82774,RURAL,RIO,PUBLICO,DELINCUENCIA COMUN,AMENAZA,38,HOMBRE,MESTIZO/A,SOLTERO,ECUADOR,NINGUNA,5,1,3,MADRUGADA,ARMA_BLANCA
ZONA 7,EL ORO,PASAJE,EL ORO,PASAJE,-3.33047,-79.81383,URBANO,BARES,PRIVADO,VIOLENCIA COMUNITARIA,RINAS,20,HOMBRE,MESTIZO/A,SOLTERO,ECUADOR,NINGUNA,5,1,0,MADRUGADA,OTRAS
ZONA 4,MANABI,PORTOVIEJO,MANABI,PORTOVIEJO,-1.02204,-80.16177,RURAL,VIA PUBLICA,PUBLICO,DELINCUENCIA COMUN,TRAFICO INTERNO DE DROGAS (MICROTRAFICO),16,HOMBRE,MESTIZO/A,SOLTERO,ECUADOR,NINGUNA,0,0,12,TARDE,ARMA_BLANCA
ZONA 5,SANTA ELENA,LIBERTAD SALINAS,SANTA ELENA,LA LIBERTAD,-2.258,-80.90771,RURAL,VIA PUBLICA,PUBLICO,DELINCUENCIA COMUN,ROBO A PERSONAS,63,HOMBRE,MESTIZO/A,DIVORCIADO,ECUADOR,NINGUNA,4,0,19,NOCHE,ARMA_BLANCA
ZONA 7,EL ORO,PINAS,EL ORO,PINAS,-3.6683,-79.71019,URBANO,CASA/VILLA,PRIVADO,VIOLENCIA INTRAFAMILIAR,SENTIMENTAL,28,MUJER,MESTIZO/A,SOLTERO,ECUADOR,INTELECTUAL,5,1,11,MANANA,ARMA_CONTUNDENTE
ZONA 8,D.M. GUAYAQUIL,PASCUALES,GUAYAS,GUAYAQUIL,-2.05309,-79.9436,URBANO,CENTROS DE REHABILITACION SOCIAL,PRIVADO,DELINCUENCIA COMUN,AMENAZA,25,HOMBRE,MESTIZO/A,SOLTERO,ECUADOR,NINGUNA,5,1,7,MANANA,OTRAS
ZONA 3,CHIMBORAZO,RIOBAMBA,CHIMBORAZO,RIOBAMBA,-1.70255,-78.64736,URBANO,CASA/VILLA,PRIVADO,VIOLENCIA COMUNITARIA,RINAS,31,HOMBRE,INDIGENA,DIVORCIADO,ECUADOR,NINGUNA,4,0,23,NOCHE,ARMA_BLANCA
ZONA 8,D.M. GUAYAQUIL,MODELO,GUAYAS,GUAYAQUIL,-2.13234,-79.89367,URBANO,CASA/VILLA,PRIVADO,VIOLENCIA INTRAFAMILIAR,MALTRATO,2,HOMBRE,MESTIZO/A,SOLTERO,ECUADOR,NINGUNA,5,1,5,MADRUGADA,OTRAS
ZONA 8,D.M. GUAYAQUIL,PASCUALES,GUAYAS,GUAYAQUIL,-2.04921,-79.94537,URBANO,CENTROS DE REHABILITACION SOCIAL,PRIVADO,DELINCUENCIA COMUN,AMENAZA,28,HOMBRE,MESTIZO/A,SOLTERO,ECUADOR,NINGUNA,6,1,23,NOCHE,OTRAS
ZONA 9,D.M. QUITO,LA DELICIA,PICHINCHA,QUITO,-0.106481122025756,-78.4793312475085,URBANO,ALMACENES,PRIVADO,VIOLENCIA COMUNITARIA,DEUDAS,57,MUJER,MESTIZO/A,SOLTERO,ECUADOR,NINGUNA,0,0,14,TARDE,ARMA_CONTUNDENTE
ZONA 5,GUAYAS,DAULE,GUAYAS,DAULE,-1.85325,-79.99756,RURAL,TERRENO BALDIO,PUBLICO,DELINCUENCIA COMUN,AMENAZA,32,HOMBRE,MESTIZO/A,SOLTERO,ECUADOR,NINGUNA,3,0,10,MANANA,ARMA_BLANCA
ZONA 7,ZAMORA CHINCHIPE,PAQUISHA,ZAMORA CHINCHIPE,CENTINELA DEL CONDOR,-3.8855,-78.8183,RURAL,FINCA,PRIVADO,VIOLENCIA SEXUAL,VIOLACION FAMILIAR DIRECTO (PERSONA CONOCIDA),11,MUJER,MESTIZO/A,SOLTERO,ECUADOR,NINGUNA,4,0,18,NOCHE,ARMA_CONTUNDENTE
ZONA 8,D.M. GUAYAQUIL,NUEVA PROSPERINA,GUAYAS,GUAYAQUIL,-2.12106,-79.97217,URBANO,CASA/VILLA,PRIVADO,DELINCUENCIA COMUN,AMENAZA,28,MUJER,MESTIZO/A,SOLTERO,ECUADOR,NINGUNA,6,1,20,NOCHE,OTRAS
ZONA 8,D.M. GUAYAQUIL,SUR - DMG,GUAYAS,GUAYAQUIL,-2.28361,-79.87578,URBANO,VIA PUBLICA,PUBLICO,DELINCUENCIA COMUN,TRAFICO INTERNO DE DROGAS (MICROTRAFICO),24,HOMBRE,MESTIZO/A,SOLTERO,ECUADOR,NINGUNA,3,0,22,NOCHE,ARMA_FUEGO
ZONA 5,GUAYAS,NARANJAL BALAO,GUAYAS,NARANJAL,-2.79427,-79.69444,RURAL,FINCA,PRIVADO,DELINCUENCIA COMUN,AMENAZA,31,HOMBRE,MESTIZO/A,SOLTERO,ECUADOR,NINGUNA,5,1,0,MADRUGADA,ARMA_BLANCA
ZONA 8,D.M. GUAYAQUIL,9 DE OCTUBRE,GUAYAS,GUAYAQUIL,-2.20454,-79.89809,URBANO,VIA PUBLICA,PUBLICO,DELINCUENCIA COMUN,ROBO A PERSONAS,24,HOMBRE,MESTIZO/A,SOLTERO,ECUADOR,NINGUNA,4,0,3,MADRUGADA,ARMA_BLANCA
ZONA 4,STO DGO DE LOS TSACHILAS,SANTO DOMINGO ESTE,STO DGO DE LOS TSACHILAS,SANTO DOMINGO,-0.26551,-79.08469,RURAL,TERRENO BALDIO,PUBLICO,DELINCUENCIA COMUN,AMENAZA,24,HOMBRE,MESTIZO/A,SOLTERO,ECUADOR,NINGUNA,5,1,16,TARDE,ARMA_BLANCA
ZONA 9,D.M. QUITO,ELOY ALFARO - DMQ,PICHINCHA,QUITO,-0.26265,-78.5466,URBANO,DEPARTAMENTO EN CASA O EDIFICIO,PRIVADO,DELINCUENCIA COMUN,ROBO A DOMICILIOS,49,HOMBRE,MESTIZO/A,SOLTERO,ECUADOR,NINGUNA,4,0,3,MADRUGADA,OTRAS
ZONA 4,STO DGO DE LOS TSACHILAS,SANTO DOMINGO ESTE,STO DGO DE LOS TSACHILAS,SANTO DOMINGO,-0.24746,-79.16061,URBANO,VIA PUBLICA,PUBLICO,DELINCUENCIA COMUN,AMENAZA,33,HOMBRE,MESTIZO/A,SOLTERO,ECUADOR,NINGUNA,1,0,23,NOCHE,OTRAS
ZONA 8,D.M. GUAYAQUIL,NUEVA PROSPERINA,GUAYAS,GUAYAQUIL,-2.0942,-79.9489,URBANO,HOSPITALES,PRIVADO,DELINCUENCIA COMUN,AMENAZA,30,HOMBRE,MESTIZO/A,SOLTERO,ECUADOR,NINGUNA,6,1,17,TARDE,ARMA_FUEGO
ZONA 4,MANABI,SUCRE,MANABI,SAN VICENTE,-0.568732,-80.362325,RURAL,VIA PUBLICA,PUBLICO,VIOLENCIA COMUNITARIA,ACTOS DE ODIO,44,HOMBRE,MESTIZO/A,SOLTERO,ECUADOR,NINGUNA,3,0,20,NOCHE,ARMA_FUEGO
ZONA 6,CANAR,LA TRONCAL,CANAR,LA TRONCAL,-2.43367,-79.33224,URBANO,VIA PUBLICA,PUBLICO,DELINCUENCIA COMUN,AMENAZA,46,HOMBRE,MESTIZO/A,SOLTERO,ECUADOR,NINGUNA,6,1,1,MADRUGADA,ARMA_BLANCA
ZONA 4,STO DGO DE LOS TSACHILAS,SANTO DOMINGO ESTE,STO DGO DE LOS TSACHILAS,SANTO DOMINGO,-0.47759,-79.22966,RURAL,VIA PUBLICA,PUBLICO,VIOLENCIA COMUNITARIA,RINAS,34,HOMBRE,MESTIZO/A,SOLTERO,ECUADOR,NINGUNA,0,0,22,NOCHE,ARMA_CONTUNDENTE
ZONA 4,MANABI,EL CARMEN,MANABI,EL CARMEN,-0.70856,-79.57211,RURAL,RIO,PUBLICO,DELINCUENCIA COMUN,AMENAZA,26,HOMBRE,MESTIZO/A,SOLTERO,ECUADOR,NINGUNA,6,1,0,MADRUGADA,OTRAS
ZONA 1,ESMERALDAS,ESMERALDAS,ESMERALDAS,ESMERALDAS,1.03856,-79.46762,RURAL,QUEBRADAS,PUBLICO,DELINCUENCIA COMUN,AMENAZA,19,HOMBRE,AFRO,SOLTERO,ECUADOR,NINGUNA,2,0,14,TARDE,OTRAS
ZONA 1,ESMERALDAS,ESMERALDAS,ESMERALDAS,ESMERALDAS,0.91466,-79.69968,URBANO,CENTROS DE REHABILITACION SOCIAL,PRIVADO,DELINCUENCIA COMUN,AMENAZA,45,HOMBRE,AFRO,SOLTERO,ECUADOR,NINGUNA,1,0,14,TARDE,OTRAS
ZONA 4,MANABI,ROCAFUERTE,MANABI,TOSAGUA,-0.78902,-80.23491,URBANO,VIA PUBLICA,PUBLICO,DELINCUENCIA COMUN,TRAFICO INTERNO DE DROGAS (MICROTRAFICO),22,HOMBRE,MESTIZO/A,SOLTERO,ECUADOR,NINGUNA,6,1,6,MANANA,ARMA_FUEGO
ZONA 2,PICHINCHA,RUMINAHUI - MEJIA,PICHINCHA,RUMINAHUI,-0.3285,-78.44751,URBANO,VIA PUBLICA,PUBLICO,VIOLENCIA COMUNITARIA,RINAS,32,HOMBRE,MESTIZO/A,SOLTERO,ECUADOR,NINGUNA,5,1,18,NOCHE,ARMA_BLANCA
ZONA 1,IMBABURA,TIERRA DEL SOL,IMBABURA,COTACACHI,0.328349,-79.226783,RURAL,VIA PUBLICA,PUBLICO,VIOLENCIA COMUNITARIA,RINAS,20,HOMBRE,MESTIZO/A,SOLTERO,ECUADOR,NINGUNA,4,0,4,MADRUGADA,ARMA_CONTUNDENTE
ZONA 4,MANABI,PORTOVIEJO,MANABI,PORTOVIEJO,-1.01559,-80.3859,RURAL,CENTROS DE REHABILITACION SOCIAL,PRIVADO,DELINCUENCIA COMUN,AMENAZA,36,HOMBRE,MESTIZO/A,SOLTERO,ECUADOR,NINGUNA,4,0,20,NOCHE,OTRAS
ZONA 1,ESMERALDAS,QUININDE,ESMERALDAS,QUININDE,0.13266,-79.40924,URBANO,VIA PUBLICA,PUBLICO,VIOLENCIA COMUNITARIA,RINAS,56,HOMBRE,AFRO,SOLTERO,ECUADOR,NINGUNA,6,1,12,TARDE,ARMA_BLANCA
ZONA 8,D.M. GUAYAQUIL,NUEVA PROSPERINA,GUAYAS,GUAYAQUIL,-2.10679,-79.96882,RURAL,VIA PUBLICA,PUBLICO,DELINCUENCIA COMUN,AMENAZA,30,HOMBRE,MESTIZO/A,SOLTERO,ECUADOR,NINGUNA,3,0,22,NOCHE,ARMA_BLANCA
ZONA 7,EL ORO,MACHALA,EL ORO,MACHALA,-3.28845,-79.90094,URBANO,VIA PUBLICA,PUBLICO,DELINCUENCIA COMUN,AMENAZA,23,HOMBRE,MESTIZO/A,SOLTERO,ECUADOR,NINGUNA,6,1,21,NOCHE,ARMA_FUEGO
ZONA 2,PICHINCHA,CAYAMBE,PICHINCHA,CAYAMBE,0.08406,-78.13005,RURAL,TERRENO BALDIO,PUBLICO,DELINCUENCIA COMUN,AMENAZA,0,MUJER,MESTIZO/A,SOLTERO,ECUADOR,NINGUNA,4,0,12,TARDE,OTRAS
ZONA 4,MANABI,SUCRE,MANABI,SUCRE,-0.40256,-80.28376,RURAL,VIA PUBLICA,PUBLICO,DELINCUENCIA COMUN,ROBO A PERSONAS,61,HOMBRE,MESTIZO/A,SOLTERO,ECUADOR,NINGUNA,0,0,20,NOCHE,ARMA_FUEGO
ZONA 5,GUAYAS,YAGUACHI,GUAYAS,SAN JACINTO DE YAGUACHI,-2.02865,-79.62449,URBANO,VIA PUBLICA,PUBLICO,DELINCUENCIA COMUN,ROBO A PERSONAS,27,HOMBRE,MESTIZO/A,CASADO,ECUADOR,NINGUNA,5,1,7,MANANA,ARMA_FUEGO
ZONA 9,D.M. QUITO,MANUELA SAENZ,PICHINCHA,QUITO,-0.23,-78.52942,URBANO,CASA/VILLA,PRIVADO,DELINCUENCIA COMUN,ROBO A PERSONAS,56,HOMBRE,AFRO,CASADO,ECUADOR,NINGUNA,3,0,22,NOCHE,OTRAS
ZONA 8,D.M. GUAYAQUIL,9 DE OCTUBRE,GUAYAS,GUAYAQUIL,-2.22548290093528,-79.9130239337683,URBANO,VIA PUBLICA,PUBLICO,VIOLENCIA COMUNITARIA,RINAS,26,HOMBRE,AFRO,SOLTERO,ECUADOR,NINGUNA,5,1,7,MANANA,ARMA_CONTUNDENTE
ZONA 3,COTOPAXI,LATACUNGA,COTOPAXI,LATACUNGA,-0.87206,-78.62993,RURAL,CENTROS DE REHABILITACION SOCIAL,PRIVADO,DELINCUENCIA COMUN,AMENAZA,30,HOMBRE,BLANCO/A,SOLTERO,ECUADOR,NINGUNA,2,0,20,NOCHE,ARMA_CONTUNDENTE
ZONA 1,SUCUMBIOS,SUCUMBIOS,SUCUMBIOS,CASCALES,0.17439,-77.12389,RURAL,CASA/VILLA,PRIVADO,DELINCUENCIA COMUN,AMENAZA,39,HOMBRE,MESTIZO/A,CASADO,COLOMBIA,NINGUNA,6,1,22,NOCHE,ARMA_FUEGO
ZONA 5,LOS RIOS,QUEVEDO,LOS RIOS,QUEVEDO,-1.048743,-79.46638,URBANO,HOSPITALES,PRIVADO,DELINCUENCIA COMUN,AMENAZA,32,HOMBRE,MESTIZO/A,SOLTERO,ECUADOR,NINGUNA,0,0,3,MADRUGADA,ARMA_FUEGO
ZONA 1,SUCUMBIOS,LAGO AGRIO,SUCUMBIOS,LAGO AGRIO,0.09291,-76.88259,URBANO,VIA PUBLICA,PUBLICO,VIOLENCIA COMUNITARIA,RINAS,24,HOMBRE,MESTIZO/A,SOLTERO,ECUADOR,NINGUNA,5,1,14,TARDE,ARMA_BLANCA
ZONA 4,STO DGO DE LOS TSACHILAS,SANTO DOMINGO ESTE,STO DGO DE LOS TSACHILAS,SANTO DOMINGO,-0.3059,-79.18465,URBANO,CENTROS DE REHABILITACION SOCIAL,PRIVADO,VIOLENCIA COMUNITARIA,RINAS,43,HOMBRE,MESTIZO/A,SOLTERO,ECUADOR,NINGUNA,0,0,1,MADRUGADA,ARMA_CONTUNDENTE
ZONA 2,ORELLANA,ORELLANA LORETO,ORELLANA,FRANCISCO DE ORELLANA,-0.49007,-77.11089,RURAL,VIA PUBLICA,PUBLICO,VIOLENCIA COMUNITARIA,RINAS,23,HOMBRE,INDIGENA,SOLTERO,ECUADOR,NINGUNA,6,1,0,MADRUGADA,ARMA_BLANCA
ZONA 7,EL ORO,MACHALA,EL ORO,MACHALA,-3.299843,-79.897428,URBANO,CENTROS DE REHABILITACION SOCIAL,PRIVADO,DELINCUENCIA COMUN,EVASION DE LA JUSTICIA,56,HOMBRE,MESTIZO/A,VIUDO,ECUADOR,NINGUNA,1,0,13,TARDE,ARMA_CONTUNDENTE
ZONA 5,SANTA ELENA,LIBERTAD SALINAS,SANTA ELENA,SALINAS,-2.279313,-80.894121,URBANO,CASA/VILLA,PRIVADO,DELINCUENCIA COMUN,ROBO A PERSONAS,25,MUJER,MESTIZO/A,SOLTERO,ECUADOR,NINGUNA,6,1,9,MANANA,ARMA_CONTUNDENTE
ZONA 8,D.M. GUAYAQUIL,SUR - DMG,GUAYAS,GUAYAQUIL,-2.267898,-79.88426699999998,URBANO,VIA PUBLICA,PUBLICO,DELINCUENCIA COMUN,ROBO A PERSONAS,23,HOMBRE,MESTIZO/A,SOLTERO,ECUADOR,NINGUNA,5,1,14,TARDE,ARMA_FUEGO
ZONA 1,ESMERALDAS,ESMERALDAS,ESMERALDAS,ESMERALDAS,0.89432,-79.72232,URBANO,TERRENO BALDIO,PUBLICO,DELINCUENCIA COMUN,AMENAZA,17,MUJER,MESTIZO/A,SOLTERO,ECUADOR,NINGUNA,6,1,19,NOCHE,ARMA_BLANCA
ZONA 8,D.M. GUAYAQUIL,ESTEROS,GUAYAS,GUAYAQUIL,-2.22538,-79.90881,URBANO,VIA PUBLICA,PUBLICO,DELINCUENCIA COMUN,ROBO A PERSONAS,35,HOMBRE,MESTIZO/A,CASADO,ECUADOR,NINGUNA,6,1,16,TARDE,ARMA_FUEGO
ZONA 5,LOS RIOS,PUEBLO VIEJO,LOS RIOS,URDANETA,-1.58862,-79.43197,RURAL,VIA PUBLICA,PUBLICO,DELINCUENCIA COMUN,AMENAZA,24,HOMBRE,MESTIZO/A,SOLTERO,ECUADOR,NINGUNA,0,0,22,NOCHE,ARMA_FUEGO
ZONA 5,BOLIVAR,SAN MIGUEL,BOLIVAR,CHIMBO,-1.64021,-79.07579,RURAL,CASA/VILLA,PRIVADO,VIOLENCIA INTRAFAMILIAR,SENTIMENTAL,8,HOMBRE,MESTIZO/A,SOLTERO,ECUADOR,NINGUNA,1,0,2,MADRUGADA,OTRAS
ZONA 8,D.M. GUAYAQUIL,PASCUALES,GUAYAS,GUAYAQUIL,-2.05248,-79.94343,URBANO,CENTROS DE REHABILITACION SOCIAL,PRIVADO,DELINCUENCIA COMUN,AMENAZA,46,HOMBRE,AFRO,SOLTERO,ECUADOR,NINGUNA,1,0,18,NOCHE,ARMA_CONTUNDENTE
ZONA 8,D.M. GUAYAQUIL,NUEVA PROSPERINA,GUAYAS,GUAYAQUIL,-2.1228,-80.01591,URBANO,VIA PUBLICA,PUBLICO,VIOLENCIA INTRAFAMILIAR,SENTIMENTAL,29,MUJER,MESTIZO/A,SOLTERO,ECUADOR,NINGUNA,5,1,3,MADRUGADA,ARMA_BLANCA
ZONA 8,D.M. GUAYAQUIL,PASCUALES,GUAYAS,GUAYAQUIL,-2.1000964862349,-79.93773803125798,URBANO,VIA PUBLICA,PUBLICO,DELINCUENCIA COMUN,ROBO A PERSONAS,46,HOMBRE,MESTIZO/A,CASADO,ECUADOR,NINGUNA,1,0,17,TARDE,ARMA_FUEGO
ZONA 9,D.M. QUITO,CALDERON,PICHINCHA,QUITO,-0.135,-78.43825,URBANO,CASA/VILLA,PRIVADO,DELINCUENCIA COMUN,AMENAZA,77,HOMBRE,MESTIZO/A,VIUDO,ECUADOR,NINGUNA,2,0,8,MANANA,ARMA_CONTUNDENTE
ZONA 8,D.M. GUAYAQUIL,MODELO,GUAYAS,GUAYAQUIL,-2.11853,-79.88576,URBANO,CASA/VILLA,PRIVADO,VIOLENCIA INTRAFAMILIAR,SENTIMENTAL,35,HOMBRE,MESTIZO/A,SOLTERO,VENEZUELA,NINGUNA,2,0,6,MANANA,ARMA_BLANCA
ZONA 8,D.M. GUAYAQUIL,NUEVA PROSPERINA,GUAYAS,GUAYAQUIL,-2.12597,-80.00112,URBANO,VIA PUBLICA,PUBLICO,DELINCUENCIA COMUN,AMENAZA,32,HOMBRE,MESTIZO/A,SOLTERO,ECUADOR,NINGUNA,5,1,19,NOCHE,ARMA_BLANCA
ZONA 5,GUAYAS,NARANJAL BALAO,GUAYAS,NARANJAL,-2.67759,-79.61619,URBANO,VIA PUBLICA,PUBLICO,VIOLENCIA COMUNITARIA,RINAS,46,HOMBRE,MESTIZO/A,SOLTERO,ECUADOR,NINGUNA,5,1,23,NOCHE,ARMA_BLANCA
ZONA 6,AZUAY,CUENCA SUR,AZUAY,CUENCA,-2.93479,-79.00519,URBANO,CENTROS DE REHABILITACION SOCIAL,PRIVADO,DELINCUENCIA COMUN,AMENAZA,39,HOMBRE,AFRO,SOLTERO,ECUADOR,NINGUNA,0,0,5,MADRUGADA,OTRAS
ZONA 5,SANTA ELENA,LIBERTAD SALINAS,SANTA ELENA,LA LIBERTAD,-2.21733,-80.90032,URBANO,PLAYA,PUBLICO,VIOLENCIA COMUNITARIA,RINAS,63,HOMBRE,MESTIZO/A,CASADO,ECUADOR,NINGUNA,4,0,20,NOCHE,OTRAS
ZONA 4,MANABI,JIPIJAPA,MANABI,PUERTO LOPEZ,-1.45182,-80.7597,RURAL,VIA PUBLICA,PUBLICO,VIOLENCIA INTRAFAMILIAR,SENTIMENTAL,33,MUJER,MESTIZO/A,CASADO,ECUADOR,NINGUNA,6,1,4,MADRUGADA,ARMA_BLANCA
ZONA 3,COTOPAXI,LATACUNGA,COTOPAXI,LATACUNGA,-0.91089,-78.62345,URBANO,CASA/VILLA,PRIVADO,VIOLENCIA INTRAFAMILIAR,SENTIMENTAL,24,MUJER,MESTIZO/A,CASADO,ECUADOR,NINGUNA,2,0,9,MANANA,OTRAS
ZONA 3,COTOPAXI,LATACUNGA,COTOPAXI,LATACUNGA,-0.872097415828002,-78.63138537770068,RURAL,CENTROS DE REHABILITACION SOCIAL,PRIVADO,DELINCUENCIA COMUN,AMENAZA,30,HOMBRE,MONTUBIO/A,SOLTERO,ECUADOR,NINGUNA,0,0,18,NOCHE,ARMA_CONTUNDENTE
ZONA 1,ESMERALDAS,ESMERALDAS,ESMERALDAS,ESMERALDAS,0.9646,-79.66626,URBANO,QUEBRADAS,PUBLICO,DELINCUENCIA COMUN,AMENAZA,32,HOMBRE,MESTIZO/A,CASADO,ECUADOR,NINGUNA,4,0,17,TARDE,ARMA_BLANCA
ZONA 8,D.M. GUAYAQUIL,PORTETE,GUAYAS,GUAYAQUIL,-2.23384,-79.93916,URBANO,RIO,PUBLICO,DELINCUENCIA COMUN,AMENAZA,35,HOMBRE,OTROS,SOLTERO,ECUADOR,NINGUNA,1,0,6,MANANA,OTRAS
ZONA 9,D.M. QUITO,LA DELICIA,PICHINCHA,QUITO,-0.09155,-78.51061,URBANO,VIA PUBLICA,PUBLICO,DELINCUENCIA COMUN,AMENAZA,24,HOMBRE,MESTIZO/A,SOLTERO,ECUADOR,NINGUNA,5,1,3,MADRUGADA,ARMA_BLANCA
ZONA 5,SANTA ELENA,LIBERTAD SALINAS,SANTA ELENA,SALINAS,-2.27543039999999,-80.8950768,RURAL,TERRENO BALDIO,PUBLICO,VIOLENCIA COMUNITARIA,ACTOS DE ODIO,27,HOMBRE,MESTIZO/A,SOLTERO,ECUADOR,NINGUNA,5,1,18,NOCHE,ARMA_FUEGO
ZONA 8,D.M. GUAYAQUIL,SUR - DMG,GUAYAS,GUAYAQUIL,-2.24575,-79.89444,URBANO,VIA PUBLICA,PUBLICO,DELINCUENCIA COMUN,TRAFICO INTERNO DE DROGAS (MICROTRAFICO),27,HOMBRE,MESTIZO/A,SOLTERO,ECUADOR,NINGUNA,3,0,19,NOCHE,ARMA_FUEGO
ZONA 4,STO DGO DE LOS TSACHILAS,SANTO DOMINGO OESTE,STO DGO DE LOS TSACHILAS,SANTO DOMINGO,-0.22719,-79.35124,RURAL,FINCA,PRIVADO,DELINCUENCIA COMUN,AMENAZA,17,HOMBRE,MESTIZO/A,SOLTERO,ECUADOR,NINGUNA,2,0,18,NOCHE,OTRAS
ZONA 6,CANAR,LA TRONCAL,CANAR,LA TRONCAL,-2.34938,-79.31205,URBANO,MAR,PUBLICO,DELINCUENCIA COMUN,TRAFICO INTERNO DE DROGAS (MICROTRAFICO),23,HOMBRE,AFRO,SOLTERO,ECUADOR,NINGUNA,1,0,20,NOCHE,ARMA_BLANCA
ZONA 6,AZUAY,PONCE ENRIQUEZ,AZUAY,CAMILO PONCE ENRIQUEZ,-3.08339,-79.70918,URBANO,VIA PUBLICA,PUBLICO,VIOLENCIA INTRAFAMILIAR,MALTRATO,25,MUJER,MESTIZO/A,SOLTERO,PERU,NINGUNA,6,1,4,MADRUGADA,ARMA_CONTUNDENTE
ZONA 2,NAPO,TENA,NAPO,TENA,-0.99297,-77.80645,URBANO,CASA/VILLA,PRIVADO,DELINCUENCIA COMUN,TRAFICO INTERNO DE DROGAS (MICROTRAFICO),22,HOMBRE,MESTIZO/A,SOLTERO,ECUADOR,NINGUNA,2,0,11,MANANA,OTRAS
ZONA 7,EL ORO,HUAQUILLAS,EL ORO,HUAQUILLAS,-3.47315,-80.2334,URBANO,VIA PUBLICA,PUBLICO,DELINCUENCIA COMUN,TRAFICO INTERNO DE DROGAS (MICROTRAFICO),29,HOMBRE,MESTIZO/A,SOLTERO,ECUADOR,NINGUNA,3,0,3,MADRUGADA,ARMA_BLANCA
ZONA 4,MANABI,EL CARMEN,MANABI,EL CARMEN,-0.58811,-79.51211,RURAL,OTROS CENTROS DE DIVERSION,PRIVADO,VIOLENCIA COMUNITARIA,RINAS,27,HOMBRE,MESTIZO/A,SOLTERO,ECUADOR,NINGUNA,5,1,22,NOCHE,ARMA_CONTUNDENTE
ZONA 1,ESMERALDAS,ESMERALDAS,ESMERALDAS,ESMERALDAS,0.97568,-79.65212,URBANO,CASA/VILLA,PRIVADO,DELINCUENCIA COMUN,AMENAZA,29,MUJER,MESTIZO/A,SOLTERO,ECUADOR,NINGUNA,6,1,14,TARDE,ARMA_FUEGO
ZONA 1,IMBABURA,CIUDAD BLANCA,IMBABURA,IBARRA,0.38818,-78.10428,URBANO,CASA/VILLA,PRIVADO,VIOLENCIA COMUNITARIA,RINAS,25,HOMBRE,MESTIZO/A,SOLTERO,ECUADOR,NINGUNA,6,1,13,TARDE,ARMA_BLANCA
ZONA 5,LOS RIOS,BUENA FE,LOS RIOS,VALENCIA,-0.95653,-79.35106,URBANO,CASA/VILLA,PRIVADO,DELINCUENCIA COMUN,AMENAZA,56,MUJER,MESTIZO/A,SOLTERO,ECUADOR,NINGUNA,6,1,15,TARDE,OTRAS
ZONA 8,D.M. GUAYAQUIL,PASCUALES,GUAYAS,GUAYAQUIL,-2.0863,-79.90053,URBANO,VIA PUBLICA,PUBLICO,DELINCUENCIA COMUN,AMENAZA,64,HOMBRE,MESTIZO/A,SOLTERO,ECUADOR,NINGUNA,0,0,20,NOCHE,OTRAS
ZONA 5,GUAYAS,MILAGRO,GUAYAS,MILAGRO,-2.23605,-79.50803,RURAL,CASA/VILLA,PRIVADO,VIOLENCIA INTRAFAMILIAR,SENTIMENTAL,24,MUJER,MESTIZO/A,SOLTERO,ECUADOR,NINGUNA,3,0,7,MANANA,OTRAS
ZONA 5,LOS RIOS,BUENA FE,LOS RIOS,BUENA FE,-0.9013979434967028,-79.4858016967773,URBANO,VIA PUBLICA,PUBLICO,DELINCUENCIA COMUN,TRAFICO INTERNO DE DROGAS (MICROTRAFICO),29,HOMBRE,MESTIZO/A,SOLTERO,ECUADOR,NINGUNA,5,1,22,NOCHE,ARMA_FUEGO
ZONA 5,GUAYAS,BALZAR,GUAYAS,BALZAR,-1.29067,-79.80796,URBANO,VIA PUBLICA,PUBLICO,DELINCUENCIA COMUN,ROBO A PERSONAS,64,HOMBRE,MESTIZO/A,SOLTERO,ECUADOR,NINGUNA,5,1,17,TARDE,ARMA_CONTUNDENTE
ZONA 4,MANABI,PICHINCHA,MANABI,PICHINCHA,-1.04336,-79.82413,RURAL,CASA/VILLA,PRIVADO,VIOLENCIA INTRAFAMILIAR,MALTRATO,37,MUJER,MESTIZO/A,CASADO,ECUADOR,NINGUNA,2,0,10,MANANA,OTRAS
ZONA 4,MANABI,PORTOVIEJO,MANABI,PORTOVIEJO,-1.07934,-80.4569,URBANO,VIA PUBLICA,PUBLICO,VIOLENCIA COMUNITARIA,EMOCIONAL,40,HOMBRE,MONTUBIO/A,SOLTERO,ECUADOR,NINGUNA,2,0,5,MADRUGADA,OTRAS
ZONA 9,D.M. QUITO,EUGENIO ESPEJO,PICHINCHA,QUITO,-0.1868259999999989,-78.44963634,URBANO,CASA/VILLA,PRIVADO,VIOLENCIA INTRAFAMILIAR,SENTIMENTAL,53,MUJER,MESTIZO/A,DIVORCIADO,ECUADOR,NINGUNA,4,0,2,MADRUGADA,ARMA_CONTUNDENTE
ZONA 3,PASTAZA,PASTAZA,PASTAZA,PASTAZA,-1.50183,-78.00208,URBANO,CASA/VILLA,PRIVADO,VIOLENCIA COMUNITARIA,EMOCIONAL,17,MUJER,MESTIZO/A,SOLTERO,ECUADOR,NINGUNA,5,1,18,NOCHE,ARMA_FUEGO
ZONA 8,D.M. GUAYAQUIL,SUR - DMG,GUAYAS,GUAYAQUIL,-2.2225,-79.89858,URBANO,VIA PUBLICA,PUBLICO,DELINCUENCIA COMUN,AMENAZA,37,HOMBRE,MESTIZO/A,SOLTERO,ECUADOR,NINGUNA,4,0,3,MADRUGADA,ARMA_FUEGO
ZONA 7,EL ORO,PASAJE,EL ORO,EL GUABO,-3.18993640335022,-79.8575752973557,RURAL,VIA PUBLICA,PUBLICO,VIOLENCIA COMUNITARIA,EMOCIONAL,18,HOMBRE,MESTIZO/A,SOLTERO,ECUADOR,NINGUNA,5,1,1,MADRUGADA,ARMA_FUEGO
ZONA 5,GUAYAS,NARANJAL BALAO,GUAYAS,NARANJAL,-2.55800699999999,-79.552964,RURAL,RESTAURANTE,PRIVADO,DELINCUENCIA COMUN,AMENAZA,51,HOMBRE,MESTIZO/A,SOLTERO,ECUADOR,NINGUNA,5,1,16,TARDE,ARMA_FUEGO
ZONA 1,SUCUMBIOS,LAGO AGRIO,SUCUMBIOS,LAGO AGRIO,0.2319070191329639,-76.8707645370159,RURAL,CASA/VILLA,PRIVADO,TRANSNACIONAL,TRAFICO INTERNACIONAL DE DROGA,26,MUJER,MESTIZO/A,SOLTERO,ECUADOR,NINGUNA,0,0,22,NOCHE,ARMA_FUEGO
ZONA 8,D.M. GUAYAQUIL,PASCUALES,GUAYAS,GUAYAQUIL,-2.08775,-79.93574,URBANO,CASA/VILLA,PRIVADO,DELINCUENCIA COMUN,TRAFICO INTERNO DE DROGAS (MICROTRAFICO),19,HOMBRE,MESTIZO/A,SOLTERO,ECUADOR,NINGUNA,2,0,11,MANANA,ARMA_FUEGO
ZONA 7,EL ORO,MACHALA,EL ORO,MACHALA,-3.2641,-79.96379,URBANO,CENTROS DE REHABILITACION SOCIAL,PRIVADO,DELINCUENCIA COMUN,AMENAZA,25,HOMBRE,AFRO,SOLTERO,ECUADOR,NINGUNA,6,1,18,NOCHE,OTRAS
ZONA 8,D.M. GUAYAQUIL,FLORIDA,GUAYAS,GUAYAQUIL,-2.14129,-79.93446,URBANO,VIA PUBLICA,PUBLICO,DELINCUENCIA COMUN,AMENAZA,39,HOMBRE,MESTIZO/A,SOLTERO,ECUADOR,NINGUNA,4,0,7,MANANA,ARMA_BLANCA
ZONA 8,D.M. GUAYAQUIL,SUR - DMG,GUAYAS,GUAYAQUIL,-2.2698,-79.88773,URBANO,VIA PUBLICA,PUBLICO,DELINCUENCIA COMUN,AMENAZA,16,HOMBRE,MESTIZO/A,SOLTERO,ECUADOR,NINGUNA,1,0,1,MADRUGADA,ARMA_BLANCA
ZONA 8,D.M. GUAYAQUIL,NUEVA PROSPERINA,GUAYAS,GUAYAQUIL,-2.10136,-79.97366,URBANO,VIA PUBLICA,PUBLICO,DELINCUENCIA COMUN,TRAFICO INTERNO DE DROGAS (MICROTRAFICO),25,HOMBRE,MESTIZO/A,SOLTERO,ECUADOR,NINGUNA,4,0,16,TARDE,ARMA_FUEGO
ZONA 8,D.M. GUAYAQUIL,SUR - DMG,GUAYAS,GUAYAQUIL,-2.25961,-79.88511,URBANO,VIA PUBLICA,PUBLICO,DELINCUENCIA COMUN,AMENAZA,33,HOMBRE,MESTIZO/A,SOLTERO,ECUADOR,NINGUNA,2,0,9,MANANA,ARMA_FUEGO
ZONA 4,MANABI,ROCAFUERTE,MANABI,ROCAFUERTE,-0.92198,-80.31263,RURAL,VIA PUBLICA,PUBLICO,DELINCUENCIA COMUN,AMENAZA,18,MUJER,MESTIZO/A,SOLTERO,ECUADOR,NINGUNA,6,1,4,MADRUGADA,OTRAS
ZONA 5,LOS RIOS,BABAHOYO,LOS RIOS,BABA,-1.7928,-79.68476,RURAL,HACIENDAS,PRIVADO,DELINCUENCIA COMUN,AMENAZA,50,HOMBRE,MESTIZO/A,SOLTERO,ECUADOR,NINGUNA,0,0,4,MADRUGADA,ARMA_BLANCA
ZONA 8,D.M. GUAYAQUIL,PASCUALES,GUAYAS,GUAYAQUIL,-2.05043,-79.94363,URBANO,CENTROS DE REHABILITACION SOCIAL,PRIVADO,DELINCUENCIA COMUN,TRAFICO INTERNO DE DROGAS (MICROTRAFICO),34,HOMBRE,MESTIZO/A,SOLTERO,ECUADOR,NINGUNA,1,0,3,MADRUGADA,OTRAS
ZONA 8,D.M. GUAYAQUIL,PORTETE,GUAYAS,GUAYAQUIL,-2.22374,-79.92104,URBANO,CASA/VILLA,PRIVADO,VIOLENCIA INTRAFAMILIAR,SENTIMENTAL,45,HOMBRE,MESTIZO/A,SOLTERO,ECUADOR,NINGUNA,5,1,7,MANANA,ARMA_CONTUNDENTE
ZONA 4,MANABI,SUCRE,MANABI,SUCRE,-0.63608,-80.42395,URBANO,CENTROS DE REHABILITACION SOCIAL,PRIVADO,DELINCUENCIA COMUN,AMENAZA,37,HOMBRE,MESTIZO/A,SOLTERO,ECUADOR,NINGUNA,6,1,18,NOCHE,OTRAS
ZONA 5,LOS RIOS,PUEBLO VIEJO,LOS RIOS,URDANETA,-1.50266,-79.40188,RURAL,CASA/VILLA,PRIVADO,DELINCUENCIA COMUN,AMENAZA,39,HOMBRE,OTROS,SOLTERO,ECUADOR,NINGUNA,0,0,21,NOCHE,ARMA_FUEGO
ZONA 8,D.M. GUAYAQUIL,NUEVA PROSPERINA,GUAYAS,GUAYAQUIL,-2.13363,-79.97211,URBANO,TERRENO BALDIO,PUBLICO,DELINCUENCIA COMUN,AMENAZA,42,MUJER,MESTIZO/A,CASADO,ECUADOR,NINGUNA,1,0,17,TARDE,ARMA_BLANCA
ZONA 8,D.M. GUAYAQUIL,SUR - DMG,GUAYAS,GUAYAQUIL,-2.27323,-79.89498,URBANO,VIA PUBLICA,PUBLICO,DELINCUENCIA COMUN,TRAFICO INTERNO DE DROGAS (MICROTRAFICO),20,HOMBRE,MESTIZO/A,SOLTERO,ECUADOR,NINGUNA,4,0,21,NOCHE,ARMA_FUEGO
ZONA 5,LOS RIOS,BABAHOYO,LOS RIOS,BABAHOYO,-1.74558,-79.56469,RURAL,VIA PUBLICA,PUBLICO,DELINCUENCIA COMUN,AMENAZA,27,HOMBRE,MESTIZO/A,SOLTERO,ECUADOR,NINGUNA,4,0,23,NOCHE,OTRAS
ZONA 4,MANABI,ROCAFUERTE,MANABI,TOSAGUA,-0.78648,-80.23413,URBANO,VIA PUBLICA,PUBLICO,DELINCUENCIA COMUN,TRAFICO INTERNO DE DROGAS (MICROTRAFICO),29,MUJER,MESTIZO/A,CASADO,ECUADOR,NINGUNA,2,0,2,MADRUGADA,ARMA_BLANCA
ZONA 6,AZUAY,CUENCA SUR,AZUAY,CUENCA,-2.93533,-79.0055,URBANO,CENTROS DE REHABILITACION SOCIAL,PRIVADO,VIOLENCIA COMUNITARIA,LINCHAMIENTO,47,HOMBRE,MESTIZO/A,DIVORCIADO,ECUADOR,NINGUNA,2,0,19,NOCHE,OTRAS
ZONA 9,D.M. QUITO,ELOY ALFARO - DMQ,PICHINCHA,QUITO,-0.25363,-78.50764,URBANO,VIA PUBLICA,PUBLICO,VIOLENCIA INTRAFAMILIAR,SENTIMENTAL,21,MUJER,MESTIZO/A,SOLTERO,ECUADOR,NINGUNA,2,0,11,MANANA,ARMA_BLANCA
ZONA 5,GUAYAS,EL TRIUNFO BUCAY,GUAYAS,EL TRIUNFO,-2.340119,-79.383624,URBANO,HOSPITALES,PRIVADO,VIOLENCIA COMUNITARIA,ACTOS DE ODIO,36,HOMBRE,MESTIZO/A,SOLTERO,ECUADOR,NINGUNA,6,1,8,MANANA,ARMA_CONTUNDENTE
ZONA 8,D.M. GUAYAQUIL,PASCUALES,GUAYAS,GUAYAQUIL,-2.05309,-79.9436,URBANO,CENTROS DE REHABILITACION SOCIAL,PRIVADO,VIOLENCIA COMUNITARIA,RINAS,46,HOMBRE,MESTIZO/A,SOLTERO,ECUADOR,NINGUNA,2,0,8,MANANA,ARMA_CONTUNDENTE
ZONA 5,LOS RIOS,BUENA FE,LOS RIOS,VALENCIA,-0.90338,-79.40815,URBANO,VIA PUBLICA,PUBLICO,VIOLENCIA COMUNITARIA,RINAS,23,HOMBRE,MESTIZO/A,SOLTERO,ECUADOR,NINGUNA,6,1,2,MADRUGADA,OTRAS
ZONA 4,STO DGO DE LOS TSACHILAS,SANTO DOMINGO OESTE,STO DGO DE LOS TSACHILAS,SANTO DOMINGO,-0.25004,-79.1786,URBANO,CANCHAS DE USO MULTIPLE,PUBLICO,VIOLENCIA COMUNITARIA,RINAS,36,HOMBRE,MESTIZO/A,SOLTERO,ECUADOR,NINGUNA,6,1,23,NOCHE,OTRAS
ZONA 6,CANAR,LA TRONCAL,CANAR,LA TRONCAL,-2.4362,-79.33109,URBANO,VIA PUBLICA,PUBLICO,DELINCUENCIA COMUN,AMENAZA,31,HOMBRE,MESTIZO/A,SOLTERO,ECUADOR,NINGUNA,3,0,0,MADRUGADA,ARMA_BLANCA
ZONA 5,GUAYAS,DAULE,GUAYAS,DAULE,-1.85453,-79.98274,URBANO,CASA/VILLA,PRIVADO,DELINCUENCIA COMUN,TRAFICO INTERNO DE DROGAS (MICROTRAFICO),33,HOMBRE,MESTIZO/A,SOLTERO,ECUADOR,NINGUNA,1,0,23,NOCHE,ARMA_FUEGO
ZONA 9,D.M. QUITO,ELOY ALFARO - DMQ,PICHINCHA,QUITO,-0.24952,-78.53177,URBANO,DISCOTECAS,PRIVADO,VIOLENCIA COMUNITARIA,RINAS,15,HOMBRE,MESTIZO/A,SOLTERO,ECUADOR,NINGUNA,6,1,0,MADRUGADA,ARMA_BLANCA
ZONA 3,COTOPAXI,LATACUNGA,COTOPAXI,LATACUNGA,-0.9292859999999988,-78.62065099999998,URBANO,VIA PUBLICA,PUBLICO,VIOLENCIA COMUNITARIA,RINAS,24,HOMBRE,MESTIZO/A,SOLTERO,ECUADOR,NINGUNA,6,1,11,MANANA,ARMA_CONTUNDENTE
ZONA 8,D.M. GUAYAQUIL,FLORIDA,GUAYAS,GUAYAQUIL,-2.15102,-79.92285,URBANO,VIA PUBLICA,PUBLICO,DELINCUENCIA COMUN,TRAFICO INTERNOS DE DROGAS (MICROTRAFICO),30,HOMBRE,MESTIZO/A,SOLTERO,ECUADOR,NINGUNA,5,1,19,NOCHE,ARMA_FUEGO
ZONA 8,D.M. GUAYAQUIL,ESTEROS,GUAYAS,GUAYAQUIL,-2.24978,-79.90359,URBANO,VIA PUBLICA,PUBLICO,VIOLENCIA COMUNITARIA,LINCHAMIENTO,29,HOMBRE,AFRO,SOLTERO,ECUADOR,NINGUNA,2,0,4,MADRUGADA,ARMA_BLANCA
ZONA 9,D.M. QUITO,EUGENIO ESPEJO,PICHINCHA,QUITO,-0.15215,-78.47224,URBANO,CENTROS DE REHABILITACION SOCIAL,PRIVADO,VIOLENCIA COMUNITARIA,RINAS,42,HOMBRE,MESTIZO/A,SOLTERO,ECUADOR,NINGUNA,4,0,12,TARDE,ARMA_CONTUNDENTE
ZONA 7,ZAMORA CHINCHIPE,YANTZAZA,ZAMORA CHINCHIPE,YANTZAZA,-3.83393,-78.76243,URBANO,CASA/VILLA,PRIVADO,DELINCUENCIA COMUN,ROBO A DOMICILIOS,87,HOMBRE,MESTIZO/A,DIVORCIADO,ECUADOR,NINGUNA,2,0,23,NOCHE,OTRAS
ZONA 4,STO DGO DE LOS TSACHILAS,SANTO DOMINGO OESTE,STO DGO DE LOS TSACHILAS,SANTO DOMINGO,-0.30634,-79.22961,RURAL,CASA/VILLA,PRIVADO,VIOLENCIA COMUNITARIA,RINAS,29,HOMBRE,MESTIZO/A,SOLTERO,ECUADOR,NINGUNA,1,0,20,NOCHE,ARMA_CONTUNDENTE
ZONA 6,CANAR,LA TRONCAL,CANAR,LA TRONCAL,-2.424449,-79.335764,URBANO,VIA PUBLICA,PUBLICO,VIOLENCIA COMUNITARIA,RINAS,25,HOMBRE,MESTIZO/A,SOLTERO,ECUADOR,NINGUNA,2,0,1,MADRUGADA,ARMA_CONTUNDENTE
ZONA 8,D.M. GUAYAQUIL,PASCUALES,GUAYAS,GUAYAQUIL,-2.04357,-79.95895,URBANO,VIA PUBLICA,PUBLICO,DELINCUENCIA COMUN,TRAFICO INTERNO DE DROGAS (MICROTRAFICO),25,HOMBRE,MULATO/A,SOLTERO,ECUADOR,NINGUNA,3,0,1,MADRUGADA,ARMA_FUEGO
ZONA 3,TUNGURAHUA,PILLARO,TUNGURAHUA,SANTIAGO DE PILLARO,-1.18748199999999,-78.53298599999998,RURAL,QUEBRADAS,PUBLICO,DELINCUENCIA COMUN,ROBO A DOMICILIOS,31,HOMBRE,MESTIZO/A,CASADO,ECUADOR,NINGUNA,0,0,10,MANANA,ARMA_FUEGO
ZONA 9,D.M. QUITO,LOS CHILLOS,PICHINCHA,QUITO,-0.356729,-78.488844,URBANO,HACIENDAS,PRIVADO,DELINCUENCIA COMUN,ROBO A PERSONAS,40,HOMBRE,MESTIZO/A,SOLTERO,ECUADOR,NINGUNA,2,0,17,TARDE,ARMA_CONTUNDENTE
ZONA 1,IMBABURA,CIUDAD BLANCA,IMBABURA,IBARRA,0.37201,-78.1285,URBANO,VIA PUBLICA,PUBLICO,DELINCUENCIA COMUN,ROBO A PERSONAS,34,HOMBRE,MESTIZO/A,CASADO,ECUADOR,NINGUNA,2,0,2,MADRUGADA,ARMA_CONTUNDENTE
ZONA 9,D.M. QUITO,LOS CHILLOS,PICHINCHA,QUITO,-0.32412,-78.41761,URBANO,CASA/VILLA,PRIVADO,VIOLENCIA COMUNITARIA,RINAS,23,HOMBRE,MESTIZO/A,SOLTERO,ECUADOR,FISICA,2,0,6,MANANA,OTRAS
ZONA 8,D.M. GUAYAQUIL,PORTETE,GUAYAS,GUAYAQUIL,-2.19374,-79.91564,URBANO,VIA PUBLICA,PUBLICO,DELINCUENCIA COMUN,TRAFICO INTERNO DE DROGAS (MICROTRAFICO),19,HOMBRE,MESTIZO/A,SOLTERO,ECUADOR,NINGUNA,0,0,14,TARDE,ARMA_FUEGO
ZONA 7,EL ORO,SANTA ROSA,EL ORO,SANTA ROSA,-3.43651,-79.88774,RURAL,HACIENDAS,PRIVADO,DELINCUENCIA COMUN,ROBO DE MOTOS,19,HOMBRE,MESTIZO/A,SOLTERO,ECUADOR,NINGUNA,4,0,21,NOCHE,OTRAS
ZONA 8,D.M. GUAYAQUIL,9 DE OCTUBRE,GUAYAS,GUAYAQUIL,-2.20719001616667,-79.8948499560356,URBANO,VIA PUBLICA,PUBLICO,VIOLENCIA COMUNITARIA,RINAS,34,HOMBRE,MESTIZO/A,SOLTERO,ECUADOR,NINGUNA,6,1,2,MADRUGADA,ARMA_FUEGO
ZONA 9,D.M. QUITO,ELOY ALFARO - DMQ,PICHINCHA,QUITO,-0.24151,-78.5307,URBANO,CASA/VILLA,PRIVADO,VIOLENCIA INTRAFAMILIAR,MALTRATO,53,MUJER,MESTIZO/A,SOLTERO,ECUADOR,NINGUNA,6,1,12,TARDE,ARMA_BLANCA
ZONA 4,MANABI,PEDERNALES,MANABI,PEDERNALES,0.31407,-79.8929,RURAL,HACIENDAS,PRIVADO,VIOLENCIA COMUNITARIA,LITIGIO DE TIERRAS,20,HOMBRE,MESTIZO/A,SOLTERO,ECUADOR,NINGUNA,5,1,19,NOCHE,ARMA_CONTUNDENTE
ZONA 9,D.M. QUITO,EUGENIO ESPEJO,PICHINCHA,QUITO,-0.15666,-78.43621,URBANO,QUEBRADAS,PUBLICO,DELINCUENCIA COMUN,AMENAZA,91,HOMBRE,MESTIZO/A,DIVORCIADO,ECUADOR,NINGUNA,2,0,20,NOCHE,ARMA_CONTUNDENTE
ZONA 8,D.M. GUAYAQUIL,PROGRESO,GUAYAS,GUAYAQUIL,-2.20575,-80.10737,URBANO,MAR,PUBLICO,DELINCUENCIA COMUN,AMENAZA,21,HOMBRE,AFRO,SOLTERO,ECUADOR,NINGUNA,2,0,0,MADRUGADA,OTRAS
ZONA 8,D.M. GUAYAQUIL,SUR - DMG,GUAYAS,GUAYAQUIL,-2.27699,-79.88324,URBANO,VIA PUBLICA,PUBLICO,DELINCUENCIA COMUN,ROBO A PERSONAS,23,HOMBRE,MESTIZO/A,SOLTERO,ECUADOR,NINGUNA,5,1,5,MADRUGADA,ARMA_FUEGO
ZONA 1,ESMERALDAS,QUININDE,ESMERALDAS,QUININDE,0.39335,-79.52554,RURAL,HACIENDAS,PRIVADO,DELINCUENCIA COMUN,ROBO A PERSONAS,77,HOMBRE,MESTIZO/A,CASADO,ECUADOR,NINGUNA,1,0,16,TARDE,OTRAS
ZONA 8,D.M. GUAYAQUIL,PASCUALES,GUAYAS,GUAYAQUIL,-2.05286,-79.94443,URBANO,CENTROS DE REHABILITACION SOCIAL,PRIVADO,DELINCUENCIA COMUN,AMENAZA,48,HOMBRE,MESTIZO/A,SOLTERO,ECUADOR,NINGUNA,2,0,8,MANANA,OTRAS
ZONA 2,NAPO,TENA,NAPO,ARCHIDONA,-0.904779453496868,-77.80401036143299,RURAL,VIA PUBLICA,PUBLICO,DELINCUENCIA COMUN,ROBO A PERSONAS,12,HOMBRE,INDIGENA,SOLTERO,ECUADOR,NINGUNA,2,0,19,NOCHE,ARMA_CONTUNDENTE
ZONA 8,D.M. GUAYAQUIL,FLORIDA,GUAYAS,GUAYAQUIL,-2.1574,-79.93596,URBANO,VIA PUBLICA,PUBLICO,DELINCUENCIA COMUN,TRAFICO INTERNO DE DROGAS (MICROTRAFICO),35,HOMBRE,MESTIZO/A,CASADO,ECUADOR,NINGUNA,4,0,20,NOCHE,ARMA_FUEGO
ZONA 4,MANABI,PEDERNALES,MANABI,PEDERNALES,0.08244,-79.9904,RURAL,VIA PUBLICA,PUBLICO,DELINCUENCIA COMUN,AMENAZA,18,HOMBRE,MESTIZO/A,SOLTERO,ECUADOR,NINGUNA,3,0,8,MANANA,ARMA_BLANCA
ZONA 8,D.M. GUAYAQUIL,9 DE OCTUBRE,GUAYAS,GUAYAQUIL,-2.20441,-79.89072,URBANO,CASA/VILLA,PRIVADO,VIOLENCIA COMUNITARIA,EMOCIONAL,66,HOMBRE,MESTIZO/A,SOLTERO,ECUADOR,NINGUNA,6,1,16,TARDE,OTRAS
ZONA 1,SUCUMBIOS,LAGO AGRIO,SUCUMBIOS,LAGO AGRIO,0.08816499999999988,-77.075655,RURAL,CASA/VILLA,PRIVADO,DELINCUENCIA COMUN,AMENAZA,38,HOMBRE,MESTIZO/A,SOLTERO,ECUADOR,NINGUNA,6,1,21,NOCHE,ARMA_FUEGO
ZONA 8,D.M. GUAYAQUIL,PASCUALES,GUAYAS,GUAYAQUIL,-2.08741,-79.91559,URBANO,VIA PUBLICA,PUBLICO,DELINCUENCIA COMUN,AMENAZA,28,HOMBRE,MESTIZO/A,SOLTERO,ECUADOR,NINGUNA,6,1,12,TARDE,ARMA_FUEGO
ZONA 3,COTOPAXI,SALCEDO,COTOPAXI,SALCEDO,-1.04481,-78.5905,URBANO,CASA/VILLA,PRIVADO,VIOLENCIA INTRAFAMILIAR,SENTIMENTAL,17,MUJER,MESTIZO/A,SOLTERO,ECUADOR,NINGUNA,6,1,14,TARDE,ARMA_CONTUNDENTE
ZONA 4,MANABI,ROCAFUERTE,MANABI,ROCAFUERTE,-0.94685,-80.4433,URBANO,CASA/VILLA,PRIVADO,DELINCUENCIA COMUN,TRAFICO INTERNO DE DROGAS (MICROTRAFICO),34,HOMBRE,MESTIZO/A,SOLTERO,ECUADOR,NINGUNA,6,1,16,TARDE,ARMA_FUEGO
ZONA 7,EL ORO,MACHALA,EL ORO,MACHALA,-3.25752,-79.98328,URBANO,VIA PUBLICA,PUBLICO,DELINCUENCIA COMUN,TRAFICO INTERNO DE DROGAS (MICROTRAFICO),22,HOMBRE,MESTIZO/A,SOLTERO,ECUADOR,NINGUNA,3,0,10,MANANA,ARMA_FUEGO
ZONA 1,ESMERALDAS,ATACAMES,ESMERALDAS,ATACAMES,0.84452,-79.88305,RURAL,VIA PUBLICA,PUBLICO,DELINCUENCIA COMUN,AMENAZA,50,HOMBRE,MESTIZO/A,SOLTERO,ECUADOR,NINGUNA,6,1,15,TARDE,OTRAS
ZONA 8,D.M. GUAYAQUIL,ESTEROS,GUAYAS,GUAYAQUIL,-2.22647,-79.91263,URBANO,VIA PUBLICA,PUBLICO,DELINCUENCIA COMUN,TRAFICO INTERNO DE DROGAS (MICROTRAFICO),28,MUJER,MESTIZO/A,SOLTERO,ECUADOR,NINGUNA,6,1,6,MANANA,OTRAS
ZONA 9,D.M. QUITO,QUITUMBE,PICHINCHA,QUITO,-0.31106,-78.5251,URBANO,CASA/VILLA,PRIVADO,VIOLENCIA INTRAFAMILIAR,MALTRATO,36,HOMBRE,MESTIZO/A,DIVORCIADO,ECUADOR,NINGUNA,6,1,6,MANANA,ARMA_BLANCA
ZONA 1,ESMERALDAS,ESMERALDAS,ESMERALDAS,ESMERALDAS,0.74726,-79.74373,URBANO,CASA/VILLA,PRIVADO,DELINCUENCIA COMUN,AMENAZA,32,MUJER,MESTIZO/A,SOLTERO,ECUADOR,NINGUNA,3,0,9,MANANA,ARMA_BLANCA
ZONA 5,BOLIVAR,GUARANDA,BOLIVAR,GUARANDA,-1.59232,-79.00043,URBANO,VIA PUBLICA,PUBLICO,DELINCUENCIA COMUN,ROBO A PERSONAS,33,HOMBRE,MESTIZO/A,CASADO,ECUADOR,NINGUNA,5,1,6,MANANA,OTRAS
ZONA 8,D.M. GUAYAQUIL,PASCUALES,GUAYAS,GUAYAQUIL,-2.0525,-79.94413,URBANO,CENTROS DE REHABILITACION SOCIAL,PRIVADO,DELINCUENCIA COMUN,AMENAZA,35,HOMBRE,AFRO,SOLTERO,ECUADOR,NINGUNA,2,0,0,MADRUGADA,ARMA_CONTUNDENTE
ZONA 1,SUCUMBIOS,LAGO AGRIO,SUCUMBIOS,LAGO AGRIO,0.0735989999999999,-76.88816699999998,URBANO,VIA PUBLICA,PUBLICO,VIOLENCIA COMUNITARIA,RINAS,21,HOMBRE,MESTIZO/A,SOLTERO,ECUADOR,NINGUNA,0,0,2,MADRUGADA,ARMA_FUEGO
ZONA 9,D.M. QUITO,MANUELA SAENZ,PICHINCHA,QUITO,-0.21478,-78.49744,URBANO,HOSPITALES,PRIVADO,DELINCUENCIA COMUN,AMENAZA,37,HOMBRE,MESTIZO/A,SOLTERO,ECUADOR,NINGUNA,3,0,20,NOCHE,ARMA_CONTUNDENTE
ZONA 8,D.M. GUAYAQUIL,PASCUALES,GUAYAS,GUAYAQUIL,-2.08904559,-79.91816199999998,URBANO,VIA PUBLICA,PUBLICO,DELINCUENCIA COMUN,ROBO A PERSONAS,44,HOMBRE,MESTIZO/A,CASADO,ECUADOR,NINGUNA,4,0,22,NOCHE,ARMA_FUEGO
ZONA 8,D.M. GUAYAQUIL,9 DE OCTUBRE,GUAYAS,GUAYAQUIL,-2.20755033807296,-79.89555738866329,URBANO,VIA PUBLICA,PUBLICO,DELINCUENCIA COMUN,AMENAZA,30,HOMBRE,MESTIZO/A,SOLTERO,ECUADOR,NINGUNA,6,1,4,MADRUGADA,ARMA_FUEGO
ZONA 7,LOJA,LOJA,LOJA,LOJA,-3.98734,-79.188919,URBANO,RESTAURANTE,PRIVADO,DELINCUENCIA COMUN,AMENAZA,35,HOMBRE,MESTIZO/A,SOLTERO,ECUADOR,NINGUNA,4,0,13,TARDE,ARMA_FUEGO
ZONA 1,ESMERALDAS,ESMERALDAS,ESMERALDAS,ESMERALDAS,0.91522,-79.69745,URBANO,CENTROS DE REHABILITACION SOCIAL,PRIVADO,DELINCUENCIA COMUN,AMENAZA,21,HOMBRE,AFRO,SOLTERO,ECUADOR,NINGUNA,5,1,0,MADRUGADA,OTRAS
ZONA 6,CANAR,LA TRONCAL,CANAR,LA TRONCAL,-2.46961,-79.44994,RURAL,VIA PUBLICA,PUBLICO,DELINCUENCIA COMUN,AMENAZA,24,HOMBRE,MESTIZO/A,SOLTERO,ECUADOR,NINGUNA,1,0,2,MADRUGADA,OTRAS
ZONA 4,MANABI,CHONE,MANABI,CHONE,-0.46376,-80.11576,RURAL,VIA PUBLICA,PUBLICO,DELINCUENCIA COMUN,TRAFICO INTERNO DE DROGAS (MICROTRAFICO),17,HOMBRE,MESTIZO/A,SOLTERO,ECUADOR,NINGUNA,3,0,12,TARDE,ARMA_FUEGO
ZONA 2,NAPO,TENA,NAPO,CARLOS JULIO AROSEMENA TOLA,-1.18966,-77.87429,RURAL,VIA PUBLICA,PUBLICO,VIOLENCIA COMUNITARIA,RINAS,57,HOMBRE,MESTIZO/A,CASADO,ECUADOR,NINGUNA,6,1,5,MADRUGADA,OTRAS
ZONA 6,MORONA SANTIAGO,MORONA,MORONA SANTIAGO,MORONA,-2.32761,-78.14071,URBANO,VIA PUBLICA,PUBLICO,DELINCUENCIA COMUN,ROBO A PERSONAS,23,HOMBRE,MESTIZO/A,SOLTERO,ECUADOR,NINGUNA,5,1,1,MADRUGADA,OTRAS
ZONA 8,D.M. GUAYAQUIL,MODELO,GUAYAS,GUAYAQUIL,-2.09664,-79.89192,URBANO,VIA PUBLICA,PUBLICO,VIOLENCIA COMUNITARIA,ACTOS DE ODIO,43,HOMBRE,MESTIZO/A,CASADO,ECUADOR,NINGUNA,1,0,1,MADRUGADA,OTRAS
ZONA 4,MANABI,MANTA,MANABI,MANTA,-0.98139,-80.71441,URBANO,VIA PUBLICA,PUBLICO,DELINCUENCIA COMUN,AMENAZA,17,MUJER,MESTIZO/A,SOLTERO,ECUADOR,NINGUNA,4,0,2,MADRUGADA,ARMA_FUEGO
ZONA 8,D.M. GUAYAQUIL,MODELO,GUAYAS,GUAYAQUIL,-2.17974,-79.88996,URBANO,CASA/VILLA,PRIVADO,DELINCUENCIA COMUN,AMENAZA,51,HOMBRE,MESTIZO/A,DIVORCIADO,ECUADOR,NINGUNA,4,0,17,TARDE,OTRAS
ZONA 1,IMBABURA,CIUDAD BLANCA,IMBABURA,SAN MIGUEL DE URCUQUI,0.417705646935263,-78.19480705191381,URBANO,VIA PUBLICA,PUBLICO,VIOLENCIA COMUNITARIA,RINAS,35,HOMBRE,INDIGENA,DIVORCIADO,ECUADOR,NINGUNA,5,1,1,MADRUGADA,ARMA_CONTUNDENTE
ZONA 7,EL ORO,MACHALA,EL ORO,MACHALA,-3.2641,-79.96379,URBANO,CENTROS DE REHABILITACION SOCIAL,PRIVADO,DELINCUENCIA COMUN,AMENAZA,48,HOMBRE,MESTIZO/A,DIVORCIADO,ECUADOR,NINGUNA,6,1,18,NOCHE,OTRAS
ZONA 8,D.M. GUAYAQUIL,SUR - DMG,GUAYAS,GUAYAQUIL,-2.26261309999999,-79.88858829999998,URBANO,CASA/VILLA,PRIVADO,DELINCUENCIA COMUN,AMENAZA,55,HOMBRE,MONTUBIO/A,CASADO,ECUADOR,NINGUNA,2,0,23,NOCHE,ARMA_FUEGO
ZONA 5,SANTA ELENA,LIBERTAD SALINAS,SANTA ELENA,SALINAS,-2.21928,-80.94403,URBANO,VIA PUBLICA,PUBLICO,VIOLENCIA COMUNITARIA,ACTOS DE ODIO,36,HOMBRE,BLANCO/A,SOLTERO,ECUADOR,NINGUNA,2,0,22,NOCHE,ARMA_FUEGO
ZONA 8,D.M. GUAYAQUIL,PASCUALES,GUAYAS,GUAYAQUIL,-2.05309,-79.9436,URBANO,CENTROS DE REHABILITACION SOCIAL,PRIVADO,DELINCUENCIA COMUN,AMENAZA,34,HOMBRE,MESTIZO/A,SOLTERO,ECUADOR,NINGUNA,5,1,22,NOCHE,OTRAS
ZONA 4,MANABI,PORTOVIEJO,MANABI,PORTOVIEJO,-1.0539,-80.4888,URBANO,VIA PUBLICA,PUBLICO,DELINCUENCIA COMUN,AMENAZA,43,HOMBRE,MESTIZO/A,SOLTERO,ECUADOR,NINGUNA,2,0,0,MADRUGADA,OTRAS
ZONA 1,SUCUMBIOS,LAGO AGRIO,SUCUMBIOS,LAGO AGRIO,0.1906299999999989,-76.53194999999998,RURAL,BOSQUE Y RESERVAS ECOLOGICAS,PUBLICO,VIOLENCIA COMUNITARIA,EMOCIONAL,33,HOMBRE,MESTIZO/A,EN UNION DE HECHO,ECUADOR,NINGUNA,2,0,19,NOCHE,ARMA_FUEGO
ZONA 7,EL ORO,MACHALA,EL ORO,MACHALA,-3.26362,-79.99696,URBANO,VIA PUBLICA,PUBLICO,DELINCUENCIA COMUN,AMENAZA,26,HOMBRE,MESTIZO/A,SOLTERO,ECUADOR,NINGUNA,6,1,23,NOCHE,ARMA_FUEGO
ZONA 4,STO DGO DE LOS TSACHILAS,SANTO DOMINGO ESTE,STO DGO DE LOS TSACHILAS,SANTO DOMINGO,-0.3543569999999989,-79.124544,RURAL,VIA PUBLICA,PUBLICO,VIOLENCIA COMUNITARIA,DEUDAS,20,HOMBRE,MESTIZO/A,SOLTERO,ECUADOR,NINGUNA,5,1,7,MANANA,ARMA_FUEGO
ZONA 8,D.M. GUAYAQUIL,PASCUALES,GUAYAS,GUAYAQUIL,-2.04921,-79.94537,URBANO,CENTROS DE REHABILITACION SOCIAL,PRIVADO,DELINCUENCIA COMUN,AMENAZA,38,HOMBRE,MESTIZO/A,SOLTERO,ECUADOR,NINGUNA,2,0,17,TARDE,OTRAS
ZONA 9,D.M. QUITO,ELOY ALFARO - DMQ,PICHINCHA,QUITO,-0.27021,-78.50777,URBANO,VIA PUBLICA,PUBLICO,DELINCUENCIA COMUN,ROBO EN EJES VIALES O CARRETERAS,49,HOMBRE,MESTIZO/A,SOLTERO,ECUADOR,NINGUNA,4,0,4,MADRUGADA,OTRAS
ZONA 1,SUCUMBIOS,LAGO AGRIO,SUCUMBIOS,LAGO AGRIO,0.09764,-76.88401,URBANO,CASA/VILLA,PRIVADO,DELINCUENCIA COMUN,TRAFICO INTERNO DE DROGAS (MICROTRAFICO),21,HOMBRE,MESTIZO/A,SOLTERO,ECUADOR,NINGUNA,3,0,16,TARDE,ARMA_FUEGO
ZONA 1,ESMERALDAS,ESMERALDAS,ESMERALDAS,ESMERALDAS,0.900923,-79.688867,URBANO,VIA PUBLICA,PUBLICO,DELINCUENCIA COMUN,AMENAZA,23,HOMBRE,AFRO,SOLTERO,ECUADOR,NINGUNA,5,1,19,NOCHE,ARMA_FUEGO
ZONA 4,STO DGO DE LOS TSACHILAS,SANTO DOMINGO OESTE,STO DGO DE LOS TSACHILAS,SANTO DOMINGO,-0.25219,-79.18794,URBANO,CASA/VILLA,PRIVADO,DELINCUENCIA COMUN,AMENAZA,31,HOMBRE,MESTIZO/A,CASADO,ECUADOR,NINGUNA,0,0,20,NOCHE,ARMA_FUEGO
ZONA 8,D.M. GUAYAQUIL,MODELO,GUAYAS,GUAYAQUIL,-2.11847,-79.89149,URBANO,VIA PUBLICA,PUBLICO,VIOLENCIA COMUNITARIA,RINAS,63,HOMBRE,MESTIZO/A,DIVORCIADO,ECUADOR,NINGUNA,1,0,4,MADRUGADA,OTRAS
ZONA 1,ESMERALDAS,ATACAMES,ESMERALDAS,ATACAMES,0.79463,-79.82827,RURAL,VIA PUBLICA,PUBLICO,VIOLENCIA COMUNITARIA,EMOCIONAL,47,MUJER,MESTIZO/A,SOLTERO,ECUADOR,NINGUNA,6,1,4,MADRUGADA,ARMA_BLANCA
ZONA 4,STO DGO DE LOS TSACHILAS,LA CONCORDIA,STO DGO DE LOS TSACHILAS,LA CONCORDIA,0.00873,-79.41462,RURAL,FINCA,PRIVADO,DELINCUENCIA COMUN,ROBO A DOMICILIOS,81,HOMBRE,MESTIZO/A,CASADO,ECUADOR,NINGUNA,3,0,4,MADRUGADA,OTRAS
ZONA 1,ESMERALDAS,QUININDE,ESMERALDAS,QUININDE,0.32225,-79.46638,URBANO,CASA/VILLA,PRIVADO,VIOLENCIA COMUNITARIA,RINAS,39,HOMBRE,MESTIZO/A,SOLTERO,ECUADOR,NINGUNA,0,0,5,MADRUGADA,ARMA_BLANCA
ZONA 2,ORELLANA,ORELLANA LORETO,ORELLANA,LORETO,-0.70434,-77.1604,RURAL,CANCHAS DE USO MULTIPLE,PUBLICO,VIOLENCIA INTRAFAMILIAR,MALTRATO,2,MUJER,INDIGENA,SOLTERO,ECUADOR,NINGUNA,5,1,10,MANANA,OTRAS
ZONA 5,LOS RIOS,PUEBLO VIEJO,LOS RIOS,PUEBLOVIEJO,-1.62418,-79.55813,URBANO,VIA PUBLICA,PUBLICO,DELINCUENCIA COMUN,TRAFICO INTERNO DE DROGAS (MICROTRAFICO),20,HOMBRE,MESTIZO/A,SOLTERO,ECUADOR,NINGUNA,5,1,14,TARDE,ARMA_FUEGO
ZONA 4,MANABI,MANTA,MANABI,MONTECRISTI,-0.993005184422302,-80.70138224305421,URBANO,CASA/VILLA,PRIVADO,VIOLENCIA INTRAFAMILIAR,MALTRATO,51,MUJER,MESTIZO/A,SOLTERO,ECUADOR,NINGUNA,6,1,18,NOCHE,ARMA_FUEGO
ZONA 5,GUAYAS,DAULE,GUAYAS,DAULE,-1.8634,-79.97732,URBANO,VIA PUBLICA,PUBLICO,VIOLENCIA COMUNITARIA,RINAS,41,HOMBRE,BLANCO/A,SOLTERO,ECUADOR,FISICA,0,0,16,TARDE,ARMA_BLANCA
ZONA 1,IMBABURA,CIUDAD BLANCA,IMBABURA,IBARRA,0.32502,-78.13623,URBANO,VIA PUBLICA,PUBLICO,VIOLENCIA COMUNITARIA,RINAS,47,HOMBRE,MESTIZO/A,SOLTERO,ECUADOR,NINGUNA,5,1,7,MANANA,OTRAS
ZONA 5,LOS RIOS,PUEBLO VIEJO,LOS RIOS,URDANETA,-1.57317,-79.46335,URBANO,CASA/VILLA,PRIVADO,VIOLENCIA INTRAFAMILIAR,MALTRATO,56,HOMBRE,MESTIZO/A,SOLTERO,ECUADOR,FISICA,6,1,20,NOCHE,ARMA_CONTUNDENTE
ZONA 3,TUNGURAHUA,AMBATO NORTE,TUNGURAHUA,AMBATO,-1.23387,-78.62787,URBANO,CONJUNTO HABITACIONAL,PRIVADO,VIOLENCIA INTRAFAMILIAR,SENTIMENTAL,23,MUJER,MESTIZO/A,SOLTERO,ECUADOR,NINGUNA,2,0,12,TARDE,ARMA_BLANCA
ZONA 7,EL ORO,PASAJE,EL ORO,PASAJE,-3.32246768496017,-79.8069450818002,URBANO,VIA PUBLICA,PUBLICO,VIOLENCIA COMUNITARIA,RINAS,41,HOMBRE,MESTIZO/A,SOLTERO,ECUADOR,NINGUNA,1,0,15,TARDE,ARMA_FUEGO
ZONA 5,GUAYAS,NARANJAL BALAO,GUAYAS,NARANJAL,-2.30032,-79.6681,RURAL,VIA PUBLICA,PUBLICO,DELINCUENCIA COMUN,AMENAZA,28,HOMBRE,MESTIZO/A,SOLTERO,ECUADOR,NINGUNA,0,0,1,MADRUGADA,OTRAS
ZONA 5,LOS RIOS,VENTANAS,LOS RIOS,VENTANAS,-1.35018299999999,-79.515196,RURAL,CANCHAS DE USO MULTIPLE,PUBLICO,VIOLENCIA COMUNITARIA,RINAS,38,HOMBRE,MESTIZO/A,SOLTERO,ECUADOR,NINGUNA,5,1,16,TARDE,ARMA_CONTUNDENTE
ZONA 8,D.M. GUAYAQUIL,9 DE OCTUBRE,GUAYAS,GUAYAQUIL,-2.20129,-79.88765,URBANO,VIA PUBLICA,PUBLICO,DELINCUENCIA COMUN,AMENAZA,60,HOMBRE,MESTIZO/A,SOLTERO,ECUADOR,NINGUNA,5,1,11,MANANA,ARMA_CONTUNDENTE
ZONA 4,STO DGO DE LOS TSACHILAS,SANTO DOMINGO ESTE,STO DGO DE LOS TSACHILAS,SANTO DOMINGO,-0.30358,-79.1852,URBANO,CENTROS DE REHABILITACION SOCIAL,PRIVADO,DELINCUENCIA COMUN,AMENAZA,40,HOMBRE,MESTIZO/A,CASADO,ECUADOR,NINGUNA,4,0,10,MANANA,OTRAS
ZONA 5,LOS RIOS,VINCES,LOS RIOS,VINCES,-1.56893,-79.74538,URBANO,VIA PUBLICA,PUBLICO,DELINCUENCIA COMUN,AMENAZA,16,HOMBRE,MESTIZO/A,SOLTERO,ECUADOR,NINGUNA,0,0,20,NOCHE,ARMA_BLANCA
ZONA 9,D.M. QUITO,EUGENIO ESPEJO,PICHINCHA,QUITO,-0.15213,-78.47249,URBANO,CENTROS DE REHABILITACION SOCIAL,PRIVADO,VIOLENCIA COMUNITARIA,RINAS,40,HOMBRE,MESTIZO/A,SOLTERO,ECUADOR,NINGUNA,5,1,4,MADRUGADA,OTRAS
